ID,Sequence,Title,Notes,All_Day,Anchor_Type,SY_Month,SY_Day,SY_Start_Year,Origin_Gregorian_Date,Gregorian_First_Year,ShowOnCalendar,ShowInInspector,ShowNotesOnCalendar,Category,Rank,GY_Month,GY_Day,Nth,Weekday,Offset_Days,End_Gregorian_Date,End_TZ
OneOFF_StarSystem_0000,10,Toronto International Airport,The Wavefront was released from Toronto International Airport,FALSE,GY_ONEOFF,,,,34488.64583,1994,TRUE,TRUE,FALSE,OneOFF_StarSystem,6,6,3,,,,,
OneOFF_StarSystem_0001,20,Solar System - Sun (Sol),Star System No. 1 has now been reached by the Wave Front: Solar System - Sun (Sol),FALSE,GY_ONEOFF,,,,34488.63077,1994,TRUE,TRUE,FALSE,OneOFF_StarSystem,6,6,3,,,,,
OneOFF_StarSystem_0002,30,"Alpha Centauri - Proxima Centauri (C, V645 Centauri)","Star System No. 2 has now been reached by the Wave Front: Alpha Centauri - Proxima Centauri (C, V645 Centauri)",FALSE,GY_ONEOFF,,,,36039.65913,1998,TRUE,TRUE,FALSE,OneOFF_StarSystem,6,9,1,,,,,
OneOFF_StarSystem_0003,40,Alpha Centauri - Rigil Kentaurus (A),Star System No. 3 has now been reached by the Wave Front: Alpha Centauri - Rigil Kentaurus (A),FALSE,GY_ONEOFF,,,,36075.30753,1998,TRUE,TRUE,FALSE,OneOFF_StarSystem,6,10,7,,,,,
OneOFF_StarSystem_0004,50,Alpha Centauri - Toliman (B),Star System No. 4 has now been reached by the Wave Front: Alpha Centauri - Toliman (B),FALSE,GY_ONEOFF,,,,36075.32836,1998,TRUE,TRUE,FALSE,OneOFF_StarSystem,6,10,7,,,,,
OneOFF_StarSystem_0005,60,Barnard's Star (BD+04°3561a),Star System No. 5 has now been reached by the Wave Front: Barnard's Star (BD+04°3561a),FALSE,GY_ONEOFF,,,,36666.57423,2000,TRUE,TRUE,FALSE,OneOFF_StarSystem,6,5,20,,,,,
OneOFF_StarSystem_0006,70,Luhman 16 - A,Star System No. 6 has now been reached by the Wave Front: Luhman 16 - A,FALSE,GY_ONEOFF,,,,36863.80923,2000,TRUE,TRUE,FALSE,OneOFF_StarSystem,6,12,3,,,,,
OneOFF_StarSystem_0007,80,(WISE 1049−5319) - B,Star System No. 7 has now been reached by the Wave Front: (WISE 1049−5319) - B,FALSE,GY_ONEOFF,,,,36863.83006,2000,TRUE,TRUE,FALSE,OneOFF_StarSystem,6,12,3,,,,,
OneOFF_StarSystem_0008,90,WISE 0855−0714,Star System No. 8 has now been reached by the Wave Front: WISE 0855−0714,FALSE,GY_ONEOFF,,,,37202.4325,2001,TRUE,TRUE,FALSE,OneOFF_StarSystem,6,11,7,,,,,
OneOFF_StarSystem_0009,100,Wolf 359 (CN Leonis),Star System No. 9 has now been reached by the Wave Front: Wolf 359 (CN Leonis),FALSE,GY_ONEOFF,,,,37357.95595,2002,TRUE,TRUE,FALSE,OneOFF_StarSystem,6,4,11,,,,,
OneOFF_StarSystem_0010,110,"Lalande 21185 (BD+36°2147, Gliese 411, HD 95735)","Star System No. 10 has now been reached by the Wave Front: Lalande 21185 (BD+36°2147, Gliese 411, HD 95735)",FALSE,GY_ONEOFF,,,,37521.8071,2002,TRUE,TRUE,FALSE,OneOFF_StarSystem,6,9,22,,,,,
OneOFF_StarSystem_0011,120,Sirius (Alpha Canis Majoris) - A,Star System No. 11 has now been reached by the Wave Front: Sirius (Alpha Canis Majoris) - A,FALSE,GY_ONEOFF,,,,37669.73335,2003,TRUE,TRUE,FALSE,OneOFF_StarSystem,6,2,17,,,,,
OneOFF_StarSystem_0012,130,Sirius (Alpha Canis Majoris) - B,Star System No. 12 has now been reached by the Wave Front: Sirius (Alpha Canis Majoris) - B,FALSE,GY_ONEOFF,,,,37669.75418,2003,TRUE,TRUE,FALSE,OneOFF_StarSystem,6,2,17,,,,,
OneOFF_StarSystem_0013,140,Gliese 65 (Luyten 726–8) - A (BL Ceti),Star System No. 13 has now been reached by the Wave Front: Gliese 65 (Luyten 726–8) - A (BL Ceti),FALSE,GY_ONEOFF,,,,37675.066,2003,TRUE,TRUE,FALSE,OneOFF_StarSystem,6,2,23,,,,,
OneOFF_StarSystem_0014,150,Gliese 65 (Luyten 726–8) - B (UV Ceti),Star System No. 14 has now been reached by the Wave Front: Gliese 65 (Luyten 726–8) - B (UV Ceti),FALSE,GY_ONEOFF,,,,37675.08683,2003,TRUE,TRUE,FALSE,OneOFF_StarSystem,6,2,23,,,,,
OneOFF_StarSystem_0015,160,Ross 154 (V1216 Sagittarii),Star System No. 15 has now been reached by the Wave Front: Ross 154 (V1216 Sagittarii),FALSE,GY_ONEOFF,,,,38033.85108,2004,TRUE,TRUE,FALSE,OneOFF_StarSystem,6,2,16,,,,,
OneOFF_StarSystem_0016,170,Ross 248 (HH Andromedae),Star System No. 16 has now been reached by the Wave Front: Ross 248 (HH Andromedae),FALSE,GY_ONEOFF,,,,38252.78193,2004,TRUE,TRUE,FALSE,OneOFF_StarSystem,6,9,22,,,,,
OneOFF_StarSystem_0017,180,Epsilon Eridani (Ran),Star System No. 17 has now been reached by the Wave Front: Epsilon Eridani (Ran),FALSE,GY_ONEOFF,,,,38314.58223,2004,TRUE,TRUE,FALSE,OneOFF_StarSystem,6,11,23,,,,,
OneOFF_StarSystem_0018,190,Lacaille 9352 (Gliese 887),Star System No. 18 has now been reached by the Wave Front: Lacaille 9352 (Gliese 887),FALSE,GY_ONEOFF,,,,38405.60253,2005,TRUE,TRUE,FALSE,OneOFF_StarSystem,6,2,22,,,,,
OneOFF_StarSystem_0019,200,Ross 128 (FI Virginis),Star System No. 19 has now been reached by the Wave Front: Ross 128 (FI Virginis),FALSE,GY_ONEOFF,,,,38509.07785,2005,TRUE,TRUE,FALSE,OneOFF_StarSystem,6,6,6,,,,,
OneOFF_StarSystem_0020,210,EZ Aquarii - A,Star System No. 20 has now been reached by the Wave Front: EZ Aquarii - A,FALSE,GY_ONEOFF,,,,38546.18725,2005,TRUE,TRUE,FALSE,OneOFF_StarSystem,6,7,13,,,,,
OneOFF_StarSystem_0021,220,"(Gliese 866, Luyten 789-6) - B","Star System No. 21 has now been reached by the Wave Front: (Gliese 866, Luyten 789-6) - B",FALSE,GY_ONEOFF,,,,38546.20808,2005,TRUE,TRUE,FALSE,OneOFF_StarSystem,6,7,13,,,,,
OneOFF_StarSystem_0022,230,"(Gliese 866, Luyten 789-6) - C","Star System No. 22 has now been reached by the Wave Front: (Gliese 866, Luyten 789-6) - C",FALSE,GY_ONEOFF,,,,38546.22892,2005,TRUE,TRUE,FALSE,OneOFF_StarSystem,6,7,13,,,,,
OneOFF_StarSystem_0023,240,61 Cygni - A (BD+38°4343),Star System No. 23 has now been reached by the Wave Front: 61 Cygni - A (BD+38°4343),FALSE,GY_ONEOFF,,,,38653.89948,2005,TRUE,TRUE,FALSE,OneOFF_StarSystem,6,10,28,,,,,
OneOFF_StarSystem_0024,250,61 Cygni - B (BD+38°4344),Star System No. 24 has now been reached by the Wave Front: 61 Cygni - B (BD+38°4344),FALSE,GY_ONEOFF,,,,38653.92031,2005,TRUE,TRUE,FALSE,OneOFF_StarSystem,6,10,28,,,,,
OneOFF_StarSystem_0025,260,Procyon (Alpha Canis Minoris) - A,Star System No. 25 has now been reached by the Wave Front: Procyon (Alpha Canis Minoris) - A,FALSE,GY_ONEOFF,,,,38675.48575,2005,TRUE,TRUE,FALSE,OneOFF_StarSystem,6,11,19,,,,,
OneOFF_StarSystem_0026,270,Procyon (Alpha Canis Minoris) - B,Star System No. 26 has now been reached by the Wave Front: Procyon (Alpha Canis Minoris) - B,FALSE,GY_ONEOFF,,,,38675.50658,2005,TRUE,TRUE,FALSE,OneOFF_StarSystem,6,11,19,,,,,
OneOFF_StarSystem_0027,280,Struve 2398 - A (HD 173739),Star System No. 27 has now been reached by the Wave Front: Struve 2398 - A (HD 173739),FALSE,GY_ONEOFF,,,,38685.6397,2005,TRUE,TRUE,FALSE,OneOFF_StarSystem,6,11,29,,,,,
OneOFF_StarSystem_0028,290,"(Gliese 725, BD+59°1915)","Star System No. 28 has now been reached by the Wave Front: (Gliese 725, BD+59°1915)",FALSE,GY_ONEOFF,,,,38685.66053,2005,TRUE,TRUE,FALSE,OneOFF_StarSystem,6,11,29,,,,,
OneOFF_StarSystem_0029,300,"(Gliese 725, BD+59°1915) - B (HD 173740)","Star System No. 29 has now been reached by the Wave Front: (Gliese 725, BD+59°1915) - B (HD 173740)",FALSE,GY_ONEOFF,,,,38685.68137,2005,TRUE,TRUE,FALSE,OneOFF_StarSystem,6,11,29,,,,,
OneOFF_StarSystem_0030,310,Groombridge 34 - A (GX Andromedae),Star System No. 30 has now been reached by the Wave Front: Groombridge 34 - A (GX Andromedae),FALSE,GY_ONEOFF,,,,38732.50128,2006,TRUE,TRUE,FALSE,OneOFF_StarSystem,6,1,15,,,,,
OneOFF_StarSystem_0031,320,(Gliese 15) - B (GQ Andromedae),Star System No. 31 has now been reached by the Wave Front: (Gliese 15) - B (GQ Andromedae),FALSE,GY_ONEOFF,,,,38732.52211,2006,TRUE,TRUE,FALSE,OneOFF_StarSystem,6,1,15,,,,,
OneOFF_StarSystem_0032,330,DX Cancri (G 51-15),Star System No. 32 has now been reached by the Wave Front: DX Cancri (G 51-15),FALSE,GY_ONEOFF,,,,38754.63543,2006,TRUE,TRUE,FALSE,OneOFF_StarSystem,6,2,6,,,,,
OneOFF_StarSystem_0033,340,Epsilon Indi - A,Star System No. 33 has now been reached by the Wave Front: Epsilon Indi - A,FALSE,GY_ONEOFF,,,,38823.04675,2006,TRUE,TRUE,FALSE,OneOFF_StarSystem,6,1,16,,,,,
OneOFF_StarSystem_0034,350,(CPD−57°10015),Star System No. 34 has now been reached by the Wave Front: (CPD−57°10015),FALSE,GY_ONEOFF,,,,38823.06758,2006,TRUE,TRUE,FALSE,OneOFF_StarSystem,6,2,16,,,,,
OneOFF_StarSystem_0035,360,(CPD−57°10015) - Ba,Star System No. 35 has now been reached by the Wave Front: (CPD−57°10015) - Ba,FALSE,GY_ONEOFF,,,,38823.08842,2006,TRUE,TRUE,FALSE,OneOFF_StarSystem,6,2,16,,,,,
OneOFF_StarSystem_0036,370,(CPD−57°10015) - Bb,Star System No. 36 has now been reached by the Wave Front: (CPD−57°10015) - Bb,FALSE,GY_ONEOFF,,,,38823.10925,2006,TRUE,TRUE,FALSE,OneOFF_StarSystem,6,5,25,,,,,
OneOFF_StarSystem_0037,380,Tau Ceti (BD−16°295),Star System No. 37 has now been reached by the Wave Front: Tau Ceti (BD−16°295),FALSE,GY_ONEOFF,,,,38839.40995,2006,TRUE,TRUE,FALSE,OneOFF_StarSystem,6,5,2,,,,,
OneOFF_StarSystem_0038,390,GJ 1061 (LHS 1565),Star System No. 38 has now been reached by the Wave Front: GJ 1061 (LHS 1565),FALSE,GY_ONEOFF,,,,38865.74448,2006,TRUE,TRUE,FALSE,OneOFF_StarSystem,6,5,28,,,,,
OneOFF_StarSystem_0039,400,YZ Ceti (LHS 138),Star System No. 39 has now been reached by the Wave Front: YZ Ceti (LHS 138),FALSE,GY_ONEOFF,,,,38916.25855,2006,TRUE,TRUE,FALSE,OneOFF_StarSystem,6,8,18,,,,,
OneOFF_StarSystem_0040,410,Luyten's Star (BD+05°1668),Star System No. 40 has now been reached by the Wave Front: Luyten's Star (BD+05°1668),FALSE,GY_ONEOFF,,,,38998.91463,2006,TRUE,TRUE,FALSE,OneOFF_StarSystem,6,9,8,,,,,
OneOFF_StarSystem_0041,420,Teegarden's Star (SO025300.5+165258),Star System No. 41 has now been reached by the Wave Front: Teegarden's Star (SO025300.5+165258),FALSE,GY_ONEOFF,,,,39053.15425,2006,TRUE,TRUE,FALSE,OneOFF_StarSystem,6,10,2,,,,,
OneOFF_StarSystem_0042,430,Kapteyn's Star (CD−45°1841),Star System No. 42 has now been reached by the Wave Front: Kapteyn's Star (CD−45°1841),FALSE,GY_ONEOFF,,,,39175.0747,2007,TRUE,TRUE,FALSE,OneOFF_StarSystem,6,10,3,,,,,
OneOFF_StarSystem_0043,440,Lacaille 8760 (AX Microscopii),Star System No. 43 has now been reached by the Wave Front: Lacaille 8760 (AX Microscopii),FALSE,GY_ONEOFF,,,,39217.5898,2007,TRUE,TRUE,FALSE,OneOFF_StarSystem,6,10,15,,,,,
OneOFF_StarSystem_0044,450,SCR 1845−6357 - A,Star System No. 44 has now been reached by the Wave Front: SCR 1845−6357 - A,FALSE,GY_ONEOFF,,,,39260.17795,2007,TRUE,TRUE,FALSE,OneOFF_StarSystem,6,11,27,,,,,
OneOFF_StarSystem_0045,460,SCR 1845−6357 - B,Star System No. 45 has now been reached by the Wave Front: SCR 1845−6357 - B,FALSE,GY_ONEOFF,,,,39260.19878,2007,TRUE,TRUE,FALSE,OneOFF_StarSystem,6,6,27,,,,,
OneOFF_StarSystem_0046,470,Kruger 60 - A,Star System No. 46 has now been reached by the Wave Front: Kruger 60 - A,FALSE,GY_ONEOFF,,,,39263.3191,2007,TRUE,TRUE,FALSE,OneOFF_StarSystem,6,6,30,,,,,
OneOFF_StarSystem_0047,480,(BD+56°2783) - B (DO Cephei),Star System No. 47 has now been reached by the Wave Front: (BD+56°2783) - B (DO Cephei),FALSE,GY_ONEOFF,,,,39263.33993,2007,TRUE,TRUE,FALSE,OneOFF_StarSystem,6,6,30,,,,,
OneOFF_StarSystem_0048,490,DENIS J1048−3956,Star System No. 48 has now been reached by the Wave Front: DENIS J1048−3956,FALSE,GY_ONEOFF,,,,39307.4413,2007,TRUE,TRUE,FALSE,OneOFF_StarSystem,6,8,13,,,,,
OneOFF_StarSystem_0049,500,Ross 614 - A (LHS 1849),Star System No. 49 has now been reached by the Wave Front: Ross 614 - A (LHS 1849),FALSE,GY_ONEOFF,,,,39369.46075,2007,TRUE,TRUE,FALSE,OneOFF_StarSystem,6,10,14,,,,,
OneOFF_StarSystem_0050,510,"(V577 Monocerotis, Gliese 234) - B (LHS 1850)","Star System No. 50 has now been reached by the Wave Front: (V577 Monocerotis, Gliese 234) - B (LHS 1850)",FALSE,GY_ONEOFF,,,,39369.48158,2007,TRUE,TRUE,FALSE,OneOFF_StarSystem,6,10,14,,,,,
OneOFF_StarSystem_0051,520,UGPS J0722-0540,Star System No. 51 has now been reached by the Wave Front: UGPS J0722-0540,FALSE,GY_ONEOFF,,,,39393.9325,2007,TRUE,TRUE,FALSE,OneOFF_StarSystem,6,11,7,,,,,
OneOFF_StarSystem_0052,530,"Wolf 1061 (Gliese 628, BD−12°4523)","Star System No. 52 has now been reached by the Wave Front: Wolf 1061 (Gliese 628, BD−12°4523)",FALSE,GY_ONEOFF,,,,39620.3875,2008,TRUE,TRUE,FALSE,OneOFF_StarSystem,6,6,21,,,,,
OneOFF_StarSystem_0053,540,"Van Maanen's Star (Gliese 35, LHS 7)","Star System No. 53 has now been reached by the Wave Front: Van Maanen's Star (Gliese 35, LHS 7)",FALSE,GY_ONEOFF,,,,39628.34995,2008,TRUE,TRUE,FALSE,OneOFF_StarSystem,6,6,29,,,,,
OneOFF_StarSystem_0054,550,Gliese 1 (CD−37°15492),Star System No. 54 has now been reached by the Wave Front: Gliese 1 (CD−37°15492),FALSE,GY_ONEOFF,,,,39665.93418,2008,TRUE,TRUE,FALSE,OneOFF_StarSystem,6,8,5,,,,,
OneOFF_StarSystem_0055,560,"TZ Arietis (Gliese 83.1, L 1159–16)","Star System No. 55 has now been reached by the Wave Front: TZ Arietis (Gliese 83.1, L 1159–16)",FALSE,GY_ONEOFF,,,,39813.2395,2008,TRUE,TRUE,FALSE,OneOFF_StarSystem,6,12,31,,,,,
OneOFF_StarSystem_0056,570,Wolf 424 - A,Star System No. 56 has now been reached by the Wave Front: Wolf 424 - A,FALSE,GY_ONEOFF,,,,39819.44875,2009,TRUE,TRUE,FALSE,OneOFF_StarSystem,6,1,6,,,,,
OneOFF_StarSystem_0057,580,"(FL Virginis, LHS 333, Gliese 473) - B","Star System No. 57 has now been reached by the Wave Front: (FL Virginis, LHS 333, Gliese 473) - B",FALSE,GY_ONEOFF,,,,39819.46958,2009,TRUE,TRUE,FALSE,OneOFF_StarSystem,6,1,6,,,,,
OneOFF_StarSystem_0058,590,"Gliese 687 (LHS 450, BD+68°946)","Star System No. 58 has now been reached by the Wave Front: Gliese 687 (LHS 450, BD+68°946)",FALSE,GY_ONEOFF,,,,39908.75238,2009,TRUE,TRUE,FALSE,OneOFF_StarSystem,6,4,5,,,,,
OneOFF_StarSystem_0059,600,Gliese 674 (LHS 449),Star System No. 59 has now been reached by the Wave Front: Gliese 674 (LHS 449),FALSE,GY_ONEOFF,,,,39912.2953,2009,TRUE,TRUE,FALSE,OneOFF_StarSystem,6,4,9,,,,,
OneOFF_StarSystem_0060,610,LHS 292 (LP 731-58),Star System No. 60 has now been reached by the Wave Front: LHS 292 (LP 731-58),FALSE,GY_ONEOFF,,,,39920.11165,2009,TRUE,TRUE,FALSE,OneOFF_StarSystem,6,4,17,,,,,
OneOFF_StarSystem_0061,620,"Gliese 440 (WD 1142-645, LP 145-141)","Star System No. 61 has now been reached by the Wave Front: Gliese 440 (WD 1142-645, LP 145-141)",FALSE,GY_ONEOFF,,,,40012.15465,2009,TRUE,TRUE,FALSE,OneOFF_StarSystem,6,7,18,,,,,
OneOFF_StarSystem_0062,630,GJ 1245 - A (G 208-44 A),Star System No. 62 has now been reached by the Wave Front: GJ 1245 - A (G 208-44 A),FALSE,GY_ONEOFF,,,,40040.46153,2009,TRUE,TRUE,FALSE,OneOFF_StarSystem,6,8,15,,,,,
OneOFF_StarSystem_0063,640,GJ 1245 - B (G 208-45),Star System No. 63 has now been reached by the Wave Front: GJ 1245 - B (G 208-45),FALSE,GY_ONEOFF,,,,40040.48236,2009,TRUE,TRUE,FALSE,OneOFF_StarSystem,6,8,15,,,,,
OneOFF_StarSystem_0064,650,GJ 1245 - C (G 208-44 B),Star System No. 64 has now been reached by the Wave Front: GJ 1245 - C (G 208-44 B),FALSE,GY_ONEOFF,,,,40040.50319,2009,TRUE,TRUE,FALSE,OneOFF_StarSystem,6,8,15,,,,,
OneOFF_StarSystem_0065,660,WISE 1741+2553,Star System No. 65 has now been reached by the Wave Front: WISE 1741+2553,FALSE,GY_ONEOFF,,,,40047.73,2009,TRUE,TRUE,FALSE,OneOFF_StarSystem,6,8,22,,,,,
OneOFF_StarSystem_0066,670,Gliese 876 (Ross 780),Star System No. 66 has now been reached by the Wave Front: Gliese 876 (Ross 780),FALSE,GY_ONEOFF,,,,40054.37755,2009,TRUE,TRUE,FALSE,OneOFF_StarSystem,6,8,29,,,,,
OneOFF_StarSystem_0067,680,WISE 1639−6847,Star System No. 67 has now been reached by the Wave Front: WISE 1639−6847,FALSE,GY_ONEOFF,,,,40090.099,2009,TRUE,TRUE,FALSE,OneOFF_StarSystem,6,10,4,,,,,
OneOFF_StarSystem_0068,690,LHS 288 (Luyten 143-23),Star System No. 68 has now been reached by the Wave Front: LHS 288 (Luyten 143-23),FALSE,GY_ONEOFF,,,,40244.45365,2010,TRUE,TRUE,FALSE,OneOFF_StarSystem,6,3,7,,,,,
OneOFF_StarSystem_0069,700,GJ 1002,Star System No. 69 has now been reached by the Wave Front: GJ 1002,FALSE,GY_ONEOFF,,,,40261.7665,2010,TRUE,TRUE,FALSE,OneOFF_StarSystem,6,3,24,,,,,
OneOFF_StarSystem_0070,710,DENIS 0255−4700,Star System No. 70 has now been reached by the Wave Front: DENIS 0255−4700,FALSE,GY_ONEOFF,,,,40287.69925,2010,TRUE,TRUE,FALSE,OneOFF_StarSystem,6,4,19,,,,,
OneOFF_StarSystem_0071,720,Groombridge 1618 (Gliese 380),Star System No. 71 has now been reached by the Wave Front: Groombridge 1618 (Gliese 380),FALSE,GY_ONEOFF,,,,40290.87693,2010,TRUE,TRUE,FALSE,OneOFF_StarSystem,6,4,22,,,,,
OneOFF_StarSystem_0072,730,Gliese 412 - A,Star System No. 72 has now been reached by the Wave Front: Gliese 412 - A,FALSE,GY_ONEOFF,,,,40331.49273,2010,TRUE,TRUE,FALSE,OneOFF_StarSystem,6,6,2,,,,,
OneOFF_StarSystem_0073,740,Gliese 412 - B (WX Ursae Majoris),Star System No. 73 has now been reached by the Wave Front: Gliese 412 - B (WX Ursae Majoris),FALSE,GY_ONEOFF,,,,40331.51356,2010,TRUE,TRUE,FALSE,OneOFF_StarSystem,6,6,2,,,,,
OneOFF_StarSystem_0074,750,AD Leonis,Star System No. 74 has now been reached by the Wave Front: AD Leonis,FALSE,GY_ONEOFF,,,,40403.44698,2010,TRUE,TRUE,FALSE,OneOFF_StarSystem,6,8,13,,,,,
OneOFF_StarSystem_0075,760,Gliese 832,Star System No. 75 has now been reached by the Wave Front: Gliese 832,FALSE,GY_ONEOFF,,,,40405.85763,2010,TRUE,TRUE,FALSE,OneOFF_StarSystem,6,8,15,,,,,
OneOFF_StarSystem_0076,770,Gliese 682 (CD-44 11909),Star System No. 76 has now been reached by the Wave Front: Gliese 682 (CD-44 11909),FALSE,GY_ONEOFF,,,,40454.1802,2010,TRUE,TRUE,FALSE,OneOFF_StarSystem,6,10,3,,,,,
OneOFF_StarSystem_0077,780,Omicron2 Eridani - Keid (A),Star System No. 77 has now been reached by the Wave Front: Omicron2 Eridani - Keid (A),FALSE,GY_ONEOFF,,,,40454.25325,2010,TRUE,TRUE,FALSE,OneOFF_StarSystem,6,10,3,,,,,
OneOFF_StarSystem_0078,790,"(40 Eridani, Gliese 166)","Star System No. 78 has now been reached by the Wave Front: (40 Eridani, Gliese 166)",FALSE,GY_ONEOFF,,,,40454.27408,2010,TRUE,TRUE,FALSE,OneOFF_StarSystem,6,10,3,,,,,
OneOFF_StarSystem_0079,800,"(40 Eridani, Gliese 166) - B","Star System No. 79 has now been reached by the Wave Front: (40 Eridani, Gliese 166) - B",FALSE,GY_ONEOFF,,,,40454.29492,2010,TRUE,TRUE,FALSE,OneOFF_StarSystem,6,10,3,,,,,
OneOFF_StarSystem_0080,810,"(40 Eridani, Gliese 166) - C","Star System No. 80 has now been reached by the Wave Front: (40 Eridani, Gliese 166) - C",FALSE,GY_ONEOFF,,,,40454.31575,2010,TRUE,TRUE,FALSE,OneOFF_StarSystem,6,10,3,,,,,
OneOFF_StarSystem_0081,820,EV Lacertae,Star System No. 81 has now been reached by the Wave Front: EV Lacertae,FALSE,GY_ONEOFF,,,,40506.52053,2010,TRUE,TRUE,FALSE,OneOFF_StarSystem,6,11,24,,,,,
OneOFF_StarSystem_0082,830,70 Ophiuchi (Gliese 702) - A,Star System No. 82 has now been reached by the Wave Front: 70 Ophiuchi (Gliese 702) - A,FALSE,GY_ONEOFF,,,,40591.00285,2011,TRUE,TRUE,FALSE,OneOFF_StarSystem,6,2,17,,,,,
OneOFF_StarSystem_0083,840,70 Ophiuchi (Gliese 702) - B,Star System No. 83 has now been reached by the Wave Front: 70 Ophiuchi (Gliese 702) - B,FALSE,GY_ONEOFF,,,,40591.02368,2011,TRUE,TRUE,FALSE,OneOFF_StarSystem,6,2,17,,,,,
OneOFF_StarSystem_0084,850,Altair (Alpha Aquilae),Star System No. 84 has now been reached by the Wave Front: Altair (Alpha Aquilae),FALSE,GY_ONEOFF,,,,40599.2575,2011,TRUE,TRUE,FALSE,OneOFF_StarSystem,6,2,25,,,,,
OneOFF_StarSystem_0085,860,"EI Cancri (GJ 1116, G 9-38) - A","Star System No. 85 has now been reached by the Wave Front: EI Cancri (GJ 1116, G 9-38) - A",FALSE,GY_ONEOFF,,,,40624.825,2011,TRUE,TRUE,FALSE,OneOFF_StarSystem,6,3,22,,,,,
OneOFF_StarSystem_0086,870,"EI Cancri (GJ 1116, G 9-38) - B","Star System No. 86 has now been reached by the Wave Front: EI Cancri (GJ 1116, G 9-38) - B",FALSE,GY_ONEOFF,,,,40624.84583,2011,TRUE,TRUE,FALSE,OneOFF_StarSystem,6,3,22,,,,,
OneOFF_StarSystem_0087,880,WISE J150649.97+702736.1,Star System No. 87 has now been reached by the Wave Front: WISE J150649.97+702736.1,FALSE,GY_ONEOFF,,,,40645.279,2011,TRUE,TRUE,FALSE,OneOFF_StarSystem,6,4,12,,,,,
OneOFF_StarSystem_0088,890,GJ 3379 (G 99-49),Star System No. 88 has now been reached by the Wave Front: GJ 3379 (G 99-49),FALSE,GY_ONEOFF,,,,40692.79803,2011,TRUE,TRUE,FALSE,OneOFF_StarSystem,6,5,29,,,,,
OneOFF_StarSystem_0089,900,DENIS J081730.0−615520,Star System No. 89 has now been reached by the Wave Front: DENIS J081730.0−615520,FALSE,GY_ONEOFF,,,,40698.6055,2011,TRUE,TRUE,FALSE,OneOFF_StarSystem,6,6,4,,,,,
OneOFF_StarSystem_0090,910,"Gliese 445 (LHS 2459, G 254-29)","Star System No. 90 has now been reached by the Wave Front: Gliese 445 (LHS 2459, G 254-29)",FALSE,GY_ONEOFF,,,,40747.8412,2011,TRUE,TRUE,FALSE,OneOFF_StarSystem,6,7,23,,,,,
OneOFF_StarSystem_0091,920,2MASS J15404342−5101357,Star System No. 91 has now been reached by the Wave Front: 2MASS J15404342−5101357,FALSE,GY_ONEOFF,,,,40834.40545,2011,TRUE,TRUE,FALSE,OneOFF_StarSystem,6,10,18,,,,,
OneOFF_StarSystem_0092,930,2MASS 0939−2448 - A,Star System No. 92 has now been reached by the Wave Front: 2MASS 0939−2448 - A,FALSE,GY_ONEOFF,,,,40847.6275,2011,TRUE,TRUE,FALSE,OneOFF_StarSystem,6,10,31,,,,,
OneOFF_StarSystem_0093,940,2MASS 0939−2448 - B,Star System No. 93 has now been reached by the Wave Front: 2MASS 0939−2448 - B,FALSE,GY_ONEOFF,,,,40847.64833,2011,TRUE,TRUE,FALSE,OneOFF_StarSystem,6,10,31,,,,,
OneOFF_StarSystem_0094,950,"GJ 3323 (LHS 1723, LP 656-38)","Star System No. 94 has now been reached by the Wave Front: GJ 3323 (LHS 1723, LP 656-38)",FALSE,GY_ONEOFF,,,,40891.78623,2011,TRUE,TRUE,FALSE,OneOFF_StarSystem,6,12,14,,,,,
OneOFF_StarSystem_0095,960,"Gliese 526 (Wolf 498, HD 119850)","Star System No. 95 has now been reached by the Wave Front: Gliese 526 (Wolf 498, HD 119850)",FALSE,GY_ONEOFF,,,,40963.15608,2012,TRUE,TRUE,FALSE,OneOFF_StarSystem,6,2,24,,,,,
OneOFF_StarSystem_0096,970,WISE 0350−5658,Star System No. 96 has now been reached by the Wave Front: WISE 0350−5658,FALSE,GY_ONEOFF,,,,41004.685,2012,TRUE,TRUE,FALSE,OneOFF_StarSystem,6,4,5,,,,,
OneOFF_StarSystem_0097,980,"Stein 2051 (Gliese 169.1, G 175-34) - A","Star System No. 97 has now been reached by the Wave Front: Stein 2051 (Gliese 169.1, G 175-34) - A",FALSE,GY_ONEOFF,,,,41060.38563,2012,TRUE,TRUE,FALSE,OneOFF_StarSystem,6,5,31,,,,,
OneOFF_StarSystem_0098,990,"Stein 2051 (Gliese 169.1, G 175-34) - B","Star System No. 98 has now been reached by the Wave Front: Stein 2051 (Gliese 169.1, G 175-34) - B",FALSE,GY_ONEOFF,,,,41060.40646,2012,TRUE,TRUE,FALSE,OneOFF_StarSystem,6,5,31,,,,,
OneOFF_StarSystem_0099,1000,2MASS J11145133−2618235,Star System No. 99 has now been reached by the Wave Front: 2MASS J11145133−2618235,FALSE,GY_ONEOFF,,,,41136.175,2012,TRUE,TRUE,FALSE,OneOFF_StarSystem,6,8,15,,,,,
OneOFF_StarSystem_0100,1010,"Gliese 251 (Wolf 294, HD 265866)","Star System No. 100 has now been reached by the Wave Front: Gliese 251 (Wolf 294, HD 265866)",FALSE,GY_ONEOFF,,,,41141.50765,2012,TRUE,TRUE,FALSE,OneOFF_StarSystem,6,8,20,,,,,
OneOFF_StarSystem_0101,1020,LP 816-60,Star System No. 101 has now been reached by the Wave Front: LP 816-60,FALSE,GY_ONEOFF,,,,41183.84013,2012,TRUE,TRUE,FALSE,OneOFF_StarSystem,6,10,1,,,,,
OneOFF_StarSystem_0102,1030,LSR J1835+3259,Star System No. 102 has now been reached by the Wave Front: LSR J1835+3259,FALSE,GY_ONEOFF,,,,41265.25435,2012,TRUE,TRUE,FALSE,OneOFF_StarSystem,6,12,22,,,,,
OneOFF_StarSystem_0103,1040,"Gliese 205 (Wolf 1453, HD 36395)","Star System No. 103 has now been reached by the Wave Front: Gliese 205 (Wolf 1453, HD 36395)",FALSE,GY_ONEOFF,,,,41283.80905,2013,TRUE,TRUE,FALSE,OneOFF_StarSystem,6,1,9,,,,,
OneOFF_StarSystem_0104,1050,2MASS J04151954−0935066,Star System No. 104 has now been reached by the Wave Front: 2MASS J04151954−0935066,FALSE,GY_ONEOFF,,,,41289.58,2013,TRUE,TRUE,FALSE,OneOFF_StarSystem,6,1,15,,,,,
OneOFF_StarSystem_0105,1060,Gliese 229 (HD 42581) - A,Star System No. 105 has now been reached by the Wave Front: Gliese 229 (HD 42581) - A,FALSE,GY_ONEOFF,,,,41351.89165,2013,TRUE,TRUE,FALSE,OneOFF_StarSystem,6,3,18,,,,,
OneOFF_StarSystem_0106,1070,Gliese 229 (HD 42581) - Ba,Star System No. 106 has now been reached by the Wave Front: Gliese 229 (HD 42581) - Ba,FALSE,GY_ONEOFF,,,,41351.91248,2013,TRUE,TRUE,FALSE,OneOFF_StarSystem,6,3,18,,,,,
OneOFF_StarSystem_0107,1080,Gliese 229 (HD 42581) - Bb,Star System No. 107 has now been reached by the Wave Front: Gliese 229 (HD 42581) - Bb,FALSE,GY_ONEOFF,,,,41351.93332,2013,TRUE,TRUE,FALSE,OneOFF_StarSystem,6,3,18,,,,,
OneOFF_StarSystem_0108,1090,Alsafi (Sigma Draconis),Star System No. 108 has now been reached by the Wave Front: Alsafi (Sigma Draconis),FALSE,GY_ONEOFF,,,,41355.06933,2013,TRUE,TRUE,FALSE,OneOFF_StarSystem,6,3,22,,,,,
OneOFF_StarSystem_0109,1100,Ross 47 (Gliese 213),Star System No. 109 has now been reached by the Wave Front: Ross 47 (Gliese 213),FALSE,GY_ONEOFF,,,,41387.57658,2013,TRUE,TRUE,FALSE,OneOFF_StarSystem,6,4,23,,,,,
OneOFF_StarSystem_0110,1110,WISE 1541−2250,Star System No. 110 has now been reached by the Wave Front: WISE 1541−2250,FALSE,GY_ONEOFF,,,,41402.8075,2013,TRUE,TRUE,FALSE,OneOFF_StarSystem,6,5,8,,,,,
OneOFF_StarSystem_0111,1120,Gliese 570 - A,Star System No. 111 has now been reached by the Wave Front: Gliese 570 - A,FALSE,GY_ONEOFF,,,,41500.95018,2013,TRUE,TRUE,FALSE,OneOFF_StarSystem,6,8,14,,,,,
OneOFF_StarSystem_0112,1130,"(Lalande 27173, 33 G. Librae) - B","Star System No. 112 has now been reached by the Wave Front: (Lalande 27173, 33 G. Librae) - B",FALSE,GY_ONEOFF,,,,41500.97101,2013,TRUE,TRUE,FALSE,OneOFF_StarSystem,6,8,14,,,,,
OneOFF_StarSystem_0113,1140,"(Lalande 27173, 33 G. Librae) - C","Star System No. 113 has now been reached by the Wave Front: (Lalande 27173, 33 G. Librae) - C",FALSE,GY_ONEOFF,,,,41500.99184,2013,TRUE,TRUE,FALSE,OneOFF_StarSystem,6,8,14,,,,,
OneOFF_StarSystem_0114,1150,"(Lalande 27173, 33 G. Librae) - D","Star System No. 114 has now been reached by the Wave Front: (Lalande 27173, 33 G. Librae) - D",FALSE,GY_ONEOFF,,,,41501.01268,2013,TRUE,TRUE,FALSE,OneOFF_StarSystem,6,8,15,,,,,
OneOFF_StarSystem_0115,1160,Gliese 693 (Luyten 205–128),Star System No. 115 has now been reached by the Wave Front: Gliese 693 (Luyten 205–128),FALSE,GY_ONEOFF,,,,41504.27395,2013,TRUE,TRUE,FALSE,OneOFF_StarSystem,6,8,18,,,,,
OneOFF_StarSystem_0116,1170,Gliese 754 (Luyten 347–14),Star System No. 116 has now been reached by the Wave Front: Gliese 754 (Luyten 347–14),FALSE,GY_ONEOFF,,,,41527.8691,2013,TRUE,TRUE,FALSE,OneOFF_StarSystem,6,9,10,,,,,
OneOFF_StarSystem_0117,1180,"Gliese 908 (Lalande 46650, BR Piscium)","Star System No. 117 has now been reached by the Wave Front: Gliese 908 (Lalande 46650, BR Piscium)",FALSE,GY_ONEOFF,,,,41528.63613,2013,TRUE,TRUE,FALSE,OneOFF_StarSystem,6,9,11,,,,,
OneOFF_StarSystem_0118,1190,"Gliese 752 (Wolf 1055, HD 180617) - A","Star System No. 118 has now been reached by the Wave Front: Gliese 752 (Wolf 1055, HD 180617) - A",FALSE,GY_ONEOFF,,,,41535.10105,2013,TRUE,TRUE,FALSE,OneOFF_StarSystem,6,9,18,,,,,
OneOFF_StarSystem_0119,1200,"Gliese 752 (Wolf 1055, HD 180617) - B (VB 10)","Star System No. 119 has now been reached by the Wave Front: Gliese 752 (Wolf 1055, HD 180617) - B (VB 10)",FALSE,GY_ONEOFF,,,,41535.12188,2013,TRUE,TRUE,FALSE,OneOFF_StarSystem,6,9,18,,,,,
OneOFF_StarSystem_0120,1210,Gliese 588 (CD-40 9712),Star System No. 120 has now been reached by the Wave Front: Gliese 588 (CD-40 9712),FALSE,GY_ONEOFF,,,,41537.8039,2013,TRUE,TRUE,FALSE,OneOFF_StarSystem,6,9,20,,,,,
OneOFF_StarSystem_0121,1220,Eta Cassiopeiae (Gliese 34) - Achird (A),Star System No. 121 has now been reached by the Wave Front: Eta Cassiopeiae (Gliese 34) - Achird (A),FALSE,GY_ONEOFF,,,,41549.41885,2013,TRUE,TRUE,FALSE,OneOFF_StarSystem,6,10,2,,,,,
OneOFF_StarSystem_0122,1230,Eta Cassiopeiae (Gliese 34) - B,Star System No. 122 has now been reached by the Wave Front: Eta Cassiopeiae (Gliese 34) - B,FALSE,GY_ONEOFF,,,,41549.43968,2013,TRUE,TRUE,FALSE,OneOFF_StarSystem,6,10,2,,,,,
OneOFF_StarSystem_0123,1240,36 Ophiuchi (Gliese 663) - Guniibuu (A),Star System No. 123 has now been reached by the Wave Front: 36 Ophiuchi (Gliese 663) - Guniibuu (A),FALSE,GY_ONEOFF,,,,41581.23213,2013,TRUE,TRUE,FALSE,OneOFF_StarSystem,6,11,3,,,,,
OneOFF_StarSystem_0124,1250,36 Ophiuchi (Gliese 663) - B,Star System No. 124 has now been reached by the Wave Front: 36 Ophiuchi (Gliese 663) - B,FALSE,GY_ONEOFF,,,,41581.25296,2013,TRUE,TRUE,FALSE,OneOFF_StarSystem,6,11,3,,,,,
OneOFF_StarSystem_0125,1260,36 Ophiuchi (Gliese 663) - C,Star System No. 125 has now been reached by the Wave Front: 36 Ophiuchi (Gliese 663) - C,FALSE,GY_ONEOFF,,,,41581.27379,2013,TRUE,TRUE,FALSE,OneOFF_StarSystem,6,11,3,,,,,
OneOFF_StarSystem_0126,1270,"YZ Canis Minoris (Ross 882, Gliese 285)","Star System No. 126 has now been reached by the Wave Front: YZ Canis Minoris (Ross 882, Gliese 285)",FALSE,GY_ONEOFF,,,,41623.05325,2013,TRUE,TRUE,FALSE,OneOFF_StarSystem,6,12,15,,,,,
OneOFF_StarSystem_0127,1280,"GJ 1005 (Luyten 722-22, G 158-50) - A","Star System No. 127 has now been reached by the Wave Front: GJ 1005 (Luyten 722-22, G 158-50) - A",FALSE,GY_ONEOFF,,,,41639.12425,2013,TRUE,TRUE,FALSE,OneOFF_StarSystem,6,12,31,,,,,
OneOFF_StarSystem_0128,1290,"GJ 1005 (Luyten 722-22, G 158-50) - B","Star System No. 128 has now been reached by the Wave Front: GJ 1005 (Luyten 722-22, G 158-50) - B",FALSE,GY_ONEOFF,,,,41639.14508,2013,TRUE,TRUE,FALSE,OneOFF_StarSystem,6,12,31,,,,,
OneOFF_StarSystem_0129,1300,"HR 7703 (279 G. Sagittarii, HD 191408, Gliese 783, IRAS 20079-3614) - A","Star System No. 129 has now been reached by the Wave Front: HR 7703 (279 G. Sagittarii, HD 191408, Gliese 783, IRAS 20079-3614) - A",FALSE,GY_ONEOFF,,,,41650.81225,2014,TRUE,TRUE,FALSE,OneOFF_StarSystem,6,1,11,,,,,
OneOFF_StarSystem_0130,1310,"HR 7703 (279 G. Sagittarii, HD 191408, Gliese 783, IRAS 20079-3614) - B","Star System No. 130 has now been reached by the Wave Front: HR 7703 (279 G. Sagittarii, HD 191408, Gliese 783, IRAS 20079-3614) - B",FALSE,GY_ONEOFF,,,,41650.83308,2014,TRUE,TRUE,FALSE,OneOFF_StarSystem,6,1,11,,,,,
OneOFF_StarSystem_0131,1320,"82 G. Eridani (e Eridani, Gliese 139, HD 20794)","Star System No. 131 has now been reached by the Wave Front: 82 G. Eridani (e Eridani, Gliese 139, HD 20794)",FALSE,GY_ONEOFF,,,,41685.69363,2014,TRUE,TRUE,FALSE,OneOFF_StarSystem,6,2,15,,,,,
OneOFF_StarSystem_0132,1330,"Gliese 268 (Ross 986, QY Aurigae) - A","Star System No. 132 has now been reached by the Wave Front: Gliese 268 (Ross 986, QY Aurigae) - A",FALSE,GY_ONEOFF,,,,41699.17135,2014,TRUE,TRUE,FALSE,OneOFF_StarSystem,6,3,1,,,,,
OneOFF_StarSystem_0133,1340,"Gliese 268 (Ross 986, QY Aurigae) - B","Star System No. 133 has now been reached by the Wave Front: Gliese 268 (Ross 986, QY Aurigae) - B",FALSE,GY_ONEOFF,,,,41699.19218,2014,TRUE,TRUE,FALSE,OneOFF_StarSystem,6,3,1,,,,,
OneOFF_StarSystem_0134,1350,Delta Pavonis,Star System No. 134 has now been reached by the Wave Front: Delta Pavonis,FALSE,GY_ONEOFF,,,,41754.54325,2014,TRUE,TRUE,FALSE,OneOFF_StarSystem,6,4,25,,,,,
OneOFF_StarSystem_0135,1360,SIMP J013656.5+093347,Star System No. 135 has now been reached by the Wave Front: SIMP J013656.5+093347,FALSE,GY_ONEOFF,,,,41777.18875,2014,TRUE,TRUE,FALSE,OneOFF_StarSystem,6,5,18,,,,,
OneOFF_StarSystem_0136,1370,2MASS 0937+2931,Star System No. 136 has now been reached by the Wave Front: 2MASS 0937+2931,FALSE,GY_ONEOFF,,,,41779.015,2014,TRUE,TRUE,FALSE,OneOFF_StarSystem,6,5,20,,,,,
OneOFF_StarSystem_0137,1380,Gliese 784 (HD 191849),Star System No. 137 has now been reached by the Wave Front: Gliese 784 (HD 191849),FALSE,GY_ONEOFF,,,,41832.41455,2014,TRUE,TRUE,FALSE,OneOFF_StarSystem,6,7,12,,,,,
OneOFF_StarSystem_0138,1390,WISE J2209+2711,Star System No. 138 has now been reached by the Wave Front: WISE J2209+2711,FALSE,GY_ONEOFF,,,,41855.7175,2014,TRUE,TRUE,FALSE,OneOFF_StarSystem,6,8,4,,,,,
OneOFF_StarSystem_0139,1400,"G 240-72 (LHS 455, GJ 1221, EGGR 372)","Star System No. 139 has now been reached by the Wave Front: G 240-72 (LHS 455, GJ 1221, EGGR 372)",FALSE,GY_ONEOFF,,,,41888.1517,2014,TRUE,TRUE,FALSE,OneOFF_StarSystem,6,9,6,,,,,
OneOFF_StarSystem_0140,1410,"Gliese 555 (Wolf 1481, HN Librae, BD-11 3759)","Star System No. 140 has now been reached by the Wave Front: Gliese 555 (Wolf 1481, HN Librae, BD-11 3759)",FALSE,GY_ONEOFF,,,,41937.78918,2014,TRUE,TRUE,FALSE,OneOFF_StarSystem,6,10,25,,,,,
OneOFF_StarSystem_0141,1420,"EQ Pegasi (Gliese 896, BD+19 5116) - A","Star System No. 141 has now been reached by the Wave Front: EQ Pegasi (Gliese 896, BD+19 5116) - A",FALSE,GY_ONEOFF,,,,41949.84243,2014,TRUE,TRUE,FALSE,OneOFF_StarSystem,6,11,6,,,,,
OneOFF_StarSystem_0142,1430,"EQ Pegasi (Gliese 896, BD+19 5116) - B","Star System No. 142 has now been reached by the Wave Front: EQ Pegasi (Gliese 896, BD+19 5116) - B",FALSE,GY_ONEOFF,,,,41949.86326,2014,TRUE,TRUE,FALSE,OneOFF_StarSystem,6,11,6,,,,,
OneOFF_StarSystem_0143,1440,"Gliese 581 (Wolf 562, HO Librae)","Star System No. 143 has now been reached by the Wave Front: Gliese 581 (Wolf 562, HO Librae)",FALSE,GY_ONEOFF,,,,41994.29335,2014,TRUE,TRUE,FALSE,OneOFF_StarSystem,6,12,21,,,,,
OneOFF_StarSystem_0144,1450,WISE 1405+5534,Star System No. 144 has now been reached by the Wave Front: WISE 1405+5534,FALSE,GY_ONEOFF,,,,42020.08,2015,TRUE,TRUE,FALSE,OneOFF_StarSystem,6,1,16,,,,,
OneOFF_StarSystem_0145,1460,"ADS 7251 (HD 79210, Gliese 338, MCC 541) - A","Star System No. 145 has now been reached by the Wave Front: ADS 7251 (HD 79210, Gliese 338, MCC 541) - A",FALSE,GY_ONEOFF,,,,42033.77688,2015,TRUE,TRUE,FALSE,OneOFF_StarSystem,6,1,29,,,,,
OneOFF_StarSystem_0146,1470,"ADS 7251 (HD 79210, Gliese 338, MCC 541) - B","Star System No. 146 has now been reached by the Wave Front: ADS 7251 (HD 79210, Gliese 338, MCC 541) - B",FALSE,GY_ONEOFF,,,,42033.79771,2015,TRUE,TRUE,FALSE,OneOFF_StarSystem,6,1,29,,,,,
OneOFF_StarSystem_0147,1480,LHS 2090 (LP 368-128),Star System No. 147 has now been reached by the Wave Front: LHS 2090 (LP 368-128),FALSE,GY_ONEOFF,,,,42063.4717,2015,TRUE,TRUE,FALSE,OneOFF_StarSystem,6,2,28,,,,,
OneOFF_StarSystem_0148,1490,"Furuhjelm 46 (HD 155876, Gliese 661) - A","Star System No. 148 has now been reached by the Wave Front: Furuhjelm 46 (HD 155876, Gliese 661) - A",FALSE,GY_ONEOFF,,,,42093.13,2015,TRUE,TRUE,FALSE,OneOFF_StarSystem,6,3,30,,,,,
OneOFF_StarSystem_0149,1500,"Furuhjelm 46 (HD 155876, Gliese 661) - B","Star System No. 149 has now been reached by the Wave Front: Furuhjelm 46 (HD 155876, Gliese 661) - B",FALSE,GY_ONEOFF,,,,42093.15083,2015,TRUE,TRUE,FALSE,OneOFF_StarSystem,6,3,30,,,,,
OneOFF_StarSystem_0150,1510,2MASS 1503+2525,Star System No. 150 has now been reached by the Wave Front: 2MASS 1503+2525,FALSE,GY_ONEOFF,,,,42136.96,2015,TRUE,TRUE,FALSE,OneOFF_StarSystem,6,5,12,,,,,
OneOFF_StarSystem_0151,1520,LP 944-20,Star System No. 151 has now been reached by the Wave Front: LP 944-20,FALSE,GY_ONEOFF,,,,42144.81288,2015,TRUE,TRUE,FALSE,OneOFF_StarSystem,6,5,20,,,,,
OneOFF_StarSystem_0152,1530,LP 658-2 (EGGR 45),Star System No. 152 has now been reached by the Wave Front: LP 658-2 (EGGR 45),FALSE,GY_ONEOFF,,,,42162.60055,2015,TRUE,TRUE,FALSE,OneOFF_StarSystem,6,6,7,,,,,
OneOFF_StarSystem_0153,1540,GL Virginis (G 12-30),Star System No. 153 has now been reached by the Wave Front: GL Virginis (G 12-30),FALSE,GY_ONEOFF,,,,42189.2638,2015,TRUE,TRUE,FALSE,OneOFF_StarSystem,6,7,4,,,,,
OneOFF_StarSystem_0154,1550,"Gliese 625 (AC 54 1646-56, G 202-48)","Star System No. 154 has now been reached by the Wave Front: Gliese 625 (AC 54 1646-56, G 202-48)",FALSE,GY_ONEOFF,,,,42206.68623,2015,TRUE,TRUE,FALSE,OneOFF_StarSystem,6,7,21,,,,,
OneOFF_StarSystem_0155,1560,V1054 Ophiuchi (HD 152751) - Gliese 644 A,Star System No. 155 has now been reached by the Wave Front: V1054 Ophiuchi (HD 152751) - Gliese 644 A,FALSE,GY_ONEOFF,,,,42230.50053,2015,TRUE,TRUE,FALSE,OneOFF_StarSystem,6,8,14,,,,,
OneOFF_StarSystem_0156,1570,V1054 Ophiuchi (HD 152751) - Gliese 644 Ba,Star System No. 156 has now been reached by the Wave Front: V1054 Ophiuchi (HD 152751) - Gliese 644 Ba,FALSE,GY_ONEOFF,,,,42230.52136,2015,TRUE,TRUE,FALSE,OneOFF_StarSystem,6,8,14,,,,,
OneOFF_StarSystem_0157,1580,V1054 Ophiuchi (HD 152751) - Gliese 644 Bb,Star System No. 157 has now been reached by the Wave Front: V1054 Ophiuchi (HD 152751) - Gliese 644 Bb,FALSE,GY_ONEOFF,,,,42230.54219,2015,TRUE,TRUE,FALSE,OneOFF_StarSystem,6,8,14,,,,,
OneOFF_StarSystem_0158,1590,V1054 Ophiuchi (HD 152751) - Gliese 643,Star System No. 158 has now been reached by the Wave Front: V1054 Ophiuchi (HD 152751) - Gliese 643,FALSE,GY_ONEOFF,,,,42230.56303,2015,TRUE,TRUE,FALSE,OneOFF_StarSystem,6,8,14,,,,,
OneOFF_StarSystem_0159,1600,V1054 Ophiuchi (HD 152751) - vB 8 (Gliese 644 C),Star System No. 159 has now been reached by the Wave Front: V1054 Ophiuchi (HD 152751) - vB 8 (Gliese 644 C),FALSE,GY_ONEOFF,,,,42230.58386,2015,TRUE,TRUE,FALSE,OneOFF_StarSystem,6,8,14,,,,,
OneOFF_StarSystem_0160,1610,GJ 1128 (L 100-115),Star System No. 160 has now been reached by the Wave Front: GJ 1128 (L 100-115),FALSE,GY_ONEOFF,,,,42236.34453,2015,TRUE,TRUE,FALSE,OneOFF_StarSystem,6,8,20,,,,,
OneOFF_StarSystem_0161,1620,"HD 219134 (HR 8832, Gliese 892)","Star System No. 161 has now been reached by the Wave Front: HD 219134 (HR 8832, Gliese 892)",FALSE,GY_ONEOFF,,,,42281.7451,2015,TRUE,TRUE,FALSE,OneOFF_StarSystem,6,10,4,,,,,
OneOFF_StarSystem_0162,1630,WISE 0825+2805,Star System No. 162 has now been reached by the Wave Front: WISE 0825+2805,FALSE,GY_ONEOFF,,,,42294.0175,2015,TRUE,TRUE,FALSE,OneOFF_StarSystem,6,10,17,,,,,
OneOFF_StarSystem_0163,1640,WISE 0410+1502,Star System No. 163 has now been reached by the Wave Front: WISE 0410+1502,FALSE,GY_ONEOFF,,,,42363.415,2015,TRUE,TRUE,FALSE,OneOFF_StarSystem,6,12,25,,,,,
OneOFF_StarSystem_0164,1650,WISE J0521+1025,Star System No. 164 has now been reached by the Wave Front: WISE J0521+1025,FALSE,GY_ONEOFF,,,,42418.2025,2016,TRUE,TRUE,FALSE,OneOFF_StarSystem,6,2,18,,,,,
OneOFF_StarSystem_0165,1660,"GJ 3737 (LHS 337, L 471-42)","Star System No. 165 has now been reached by the Wave Front: GJ 3737 (LHS 337, L 471-42)",FALSE,GY_ONEOFF,,,,42426.3841,2016,TRUE,TRUE,FALSE,OneOFF_StarSystem,6,2,26,,,,,
OneOFF_StarSystem_0166,1670,Gliese 408 (Ross 104),Star System No. 166 has now been reached by the Wave Front: Gliese 408 (Ross 104),FALSE,GY_ONEOFF,,,,42527.08353,2016,TRUE,TRUE,FALSE,OneOFF_StarSystem,6,6,6,,,,,
OneOFF_StarSystem_0167,1680,Xi Boötis - A,Star System No. 167 has now been reached by the Wave Front: Xi Boötis - A,FALSE,GY_ONEOFF,,,,42528.10623,2016,TRUE,TRUE,FALSE,OneOFF_StarSystem,6,6,7,,,,,
OneOFF_StarSystem_0168,1690,Xi Boötis - B,Star System No. 168 has now been reached by the Wave Front: Xi Boötis - B,FALSE,GY_ONEOFF,,,,42528.12706,2016,TRUE,TRUE,FALSE,OneOFF_StarSystem,6,6,7,,,,,
OneOFF_StarSystem_0169,1700,Gliese 299 (Ross 619),Star System No. 169 has now been reached by the Wave Front: Gliese 299 (Ross 619),FALSE,GY_ONEOFF,,,,42552.97975,2016,TRUE,TRUE,FALSE,OneOFF_StarSystem,6,7,1,,,,,
OneOFF_StarSystem_0170,1710,GJ 3522 (G 41-14) - A,Star System No. 170 has now been reached by the Wave Front: GJ 3522 (G 41-14) - A,FALSE,GY_ONEOFF,,,,42553.345,2016,TRUE,TRUE,FALSE,OneOFF_StarSystem,6,7,2,,,,,
OneOFF_StarSystem_0171,1720,GJ 3522 (G 41-14) - B,Star System No. 171 has now been reached by the Wave Front: GJ 3522 (G 41-14) - B,FALSE,GY_ONEOFF,,,,42553.36583,2016,TRUE,TRUE,FALSE,OneOFF_StarSystem,6,7,2,,,,,
OneOFF_StarSystem_0172,1730,GJ 3522 (G 41-14) - C,Star System No. 172 has now been reached by the Wave Front: GJ 3522 (G 41-14) - C,FALSE,GY_ONEOFF,,,,42553.38667,2016,TRUE,TRUE,FALSE,OneOFF_StarSystem,6,7,2,,,,,
OneOFF_StarSystem_0173,1740,Gliese 829 (Ross 775) - A,Star System No. 173 has now been reached by the Wave Front: Gliese 829 (Ross 775) - A,FALSE,GY_ONEOFF,,,,42565.36173,2016,TRUE,TRUE,FALSE,OneOFF_StarSystem,6,7,14,,,,,
OneOFF_StarSystem_0174,1750,Gliese 829 (Ross 775) - B,Star System No. 174 has now been reached by the Wave Front: Gliese 829 (Ross 775) - B,FALSE,GY_ONEOFF,,,,42565.38256,2016,TRUE,TRUE,FALSE,OneOFF_StarSystem,6,7,14,,,,,
OneOFF_StarSystem_0175,1760,Scholz's Star - A,Star System No. 175 has now been reached by the Wave Front: Scholz's Star - A,FALSE,GY_ONEOFF,,,,42586.2175,2016,TRUE,TRUE,FALSE,OneOFF_StarSystem,6,8,4,,,,,
OneOFF_StarSystem_0176,1770,Scholz's Star - B,Star System No. 176 has now been reached by the Wave Front: Scholz's Star - B,FALSE,GY_ONEOFF,,,,42586.23833,2016,TRUE,TRUE,FALSE,OneOFF_StarSystem,6,8,4,,,,,
OneOFF_StarSystem_0177,1780,WISE 1928+2356,Star System No. 177 has now been reached by the Wave Front: WISE 1928+2356,FALSE,GY_ONEOFF,,,,42626.395,2016,TRUE,TRUE,FALSE,OneOFF_StarSystem,6,9,13,,,,,
OneOFF_StarSystem_0178,1790,WISE J0254+0223,Star System No. 178 has now been reached by the Wave Front: WISE J0254+0223,FALSE,GY_ONEOFF,,,,42641.005,2016,TRUE,TRUE,FALSE,OneOFF_StarSystem,6,9,28,,,,,
OneOFF_StarSystem_0179,1800,LTT 1445 (BD-17 588) - A,Star System No. 179 has now been reached by the Wave Front: LTT 1445 (BD-17 588) - A,FALSE,GY_ONEOFF,,,,42665.36718,2016,TRUE,TRUE,FALSE,OneOFF_StarSystem,6,10,22,,,,,
OneOFF_StarSystem_0180,1810,LTT 1445 (BD-17 588) - B,Star System No. 180 has now been reached by the Wave Front: LTT 1445 (BD-17 588) - B,FALSE,GY_ONEOFF,,,,42665.38801,2016,TRUE,TRUE,FALSE,OneOFF_StarSystem,6,10,22,,,,,
OneOFF_StarSystem_0181,1820,LTT 1445 (BD-17 588) - C,Star System No. 181 has now been reached by the Wave Front: LTT 1445 (BD-17 588) - C,FALSE,GY_ONEOFF,,,,42665.40884,2016,TRUE,TRUE,FALSE,OneOFF_StarSystem,6,10,22,,,,,
OneOFF_StarSystem_0182,1830,Gliese 880 (HD 216899),Star System No. 182 has now been reached by the Wave Front: Gliese 880 (HD 216899),FALSE,GY_ONEOFF,,,,42669.23883,2016,TRUE,TRUE,FALSE,OneOFF_StarSystem,6,10,26,,,,,
OneOFF_StarSystem_0183,1840,CWISE J1055+5443,Star System No. 183 has now been reached by the Wave Front: CWISE J1055+5443,FALSE,GY_ONEOFF,,,,42706.75,2016,TRUE,TRUE,FALSE,OneOFF_StarSystem,6,12,2,,,,,
OneOFF_StarSystem_0184,1850,"Gliese 402 (EE Leonis, Wolf 358)","Star System No. 184 has now been reached by the Wave Front: Gliese 402 (EE Leonis, Wolf 358)",FALSE,GY_ONEOFF,,,,42788.01813,2017,TRUE,TRUE,FALSE,OneOFF_StarSystem,6,2,22,,,,,
OneOFF_StarSystem_0185,1860,Gliese 393 (BD+01 2447),Star System No. 185 has now been reached by the Wave Front: Gliese 393 (BD+01 2447),FALSE,GY_ONEOFF,,,,42872.35435,2017,TRUE,TRUE,FALSE,OneOFF_StarSystem,6,5,17,,,,,
OneOFF_StarSystem_0186,1870,Gliese 809 (HD 199305),Star System No. 186 has now been reached by the Wave Front: Gliese 809 (HD 199305),FALSE,GY_ONEOFF,,,,42874.765,2017,TRUE,TRUE,FALSE,OneOFF_StarSystem,6,5,19,,,,,
OneOFF_StarSystem_0187,1880,LSPM J2146+3813 (UCAC4 642-113039),Star System No. 187 has now been reached by the Wave Front: LSPM J2146+3813 (UCAC4 642-113039),FALSE,GY_ONEOFF,,,,42884.18845,2017,TRUE,TRUE,FALSE,OneOFF_StarSystem,6,5,29,,,,,
OneOFF_StarSystem_0188,1890,"LHS 3003 (GJ 3877, LP 914-54)","Star System No. 188 has now been reached by the Wave Front: LHS 3003 (GJ 3877, LP 914-54)",FALSE,GY_ONEOFF,,,,42890.47075,2017,TRUE,TRUE,FALSE,OneOFF_StarSystem,6,6,4,,,,,
OneOFF_StarSystem_0189,1900,WISE 2056+1459,Star System No. 189 has now been reached by the Wave Front: WISE 2056+1459,FALSE,GY_ONEOFF,,,,42947.815,2017,TRUE,TRUE,FALSE,OneOFF_StarSystem,6,7,31,,,,,
OneOFF_StarSystem_0190,1910,GJ 1068 (L 230-188),Star System No. 190 has now been reached by the Wave Front: GJ 1068 (L 230-188),FALSE,GY_ONEOFF,,,,42955.7044,2017,TRUE,TRUE,FALSE,OneOFF_StarSystem,6,8,8,,,,,
OneOFF_StarSystem_0191,1920,WISE J004945.61+215120.0,Star System No. 191 has now been reached by the Wave Front: WISE J004945.61+215120.0,FALSE,GY_ONEOFF,,,,42973.3825,2017,TRUE,TRUE,FALSE,OneOFF_StarSystem,6,8,26,,,,,
OneOFF_StarSystem_0192,1930,GJ 1286 (G 157-77),Star System No. 192 has now been reached by the Wave Front: GJ 1286 (G 157-77),FALSE,GY_ONEOFF,,,,43038.17785,2017,TRUE,TRUE,FALSE,OneOFF_StarSystem,6,10,30,,,,,
OneOFF_StarSystem_0193,1940,"Gliese 105 (268 G. Ceti, HD 16160) - A","Star System No. 193 has now been reached by the Wave Front: Gliese 105 (268 G. Ceti, HD 16160) - A",FALSE,GY_ONEOFF,,,,43093.87848,2017,TRUE,TRUE,FALSE,OneOFF_StarSystem,6,12,24,,,,,
OneOFF_StarSystem_0194,1950,"Gliese 105 (268 G. Ceti, HD 16160) - B","Star System No. 194 has now been reached by the Wave Front: Gliese 105 (268 G. Ceti, HD 16160) - B",FALSE,GY_ONEOFF,,,,43093.89931,2017,TRUE,TRUE,FALSE,OneOFF_StarSystem,6,12,24,,,,,
OneOFF_StarSystem_0195,1960,"Gliese 105 (268 G. Ceti, HD 16160) - C","Star System No. 195 has now been reached by the Wave Front: Gliese 105 (268 G. Ceti, HD 16160) - C",FALSE,GY_ONEOFF,,,,43093.92014,2017,TRUE,TRUE,FALSE,OneOFF_StarSystem,6,12,24,,,,,
OneOFF_StarSystem_0196,1970,2MASS J08354256-0819237,Star System No. 196 has now been reached by the Wave Front: 2MASS J08354256-0819237,FALSE,GY_ONEOFF,,,,43101.58525,2018,TRUE,TRUE,FALSE,OneOFF_StarSystem,6,1,1,,,,,
OneOFF_StarSystem_0197,1980,GJ 4274 (L 788-34),Star System No. 197 has now been reached by the Wave Front: GJ 4274 (L 788-34),FALSE,GY_ONEOFF,,,,43106.88138,2018,TRUE,TRUE,FALSE,OneOFF_StarSystem,6,1,6,,,,,
OneOFF_StarSystem_0198,1990,Gliese 667 (142 G. Scorpii) - A,Star System No. 198 has now been reached by the Wave Front: Gliese 667 (142 G. Scorpii) - A,FALSE,GY_ONEOFF,,,,43116.9988,2018,TRUE,TRUE,FALSE,OneOFF_StarSystem,6,1,16,,,,,
OneOFF_StarSystem_0199,2000,Gliese 667 (142 G. Scorpii) - B,Star System No. 199 has now been reached by the Wave Front: Gliese 667 (142 G. Scorpii) - B,FALSE,GY_ONEOFF,,,,43117.01963,2018,TRUE,TRUE,FALSE,OneOFF_StarSystem,6,1,17,,,,,
OneOFF_StarSystem_0200,2010,Gliese 667 (142 G. Scorpii) - C,Star System No. 200 has now been reached by the Wave Front: Gliese 667 (142 G. Scorpii) - C,FALSE,GY_ONEOFF,,,,43117.04047,2018,TRUE,TRUE,FALSE,OneOFF_StarSystem,6,1,17,,,,,
OneOFF_StarSystem_0201,2020,WISE 0607+2429,Star System No. 201 has now been reached by the Wave Front: WISE 0607+2429,FALSE,GY_ONEOFF,,,,43117.291,2018,TRUE,TRUE,FALSE,OneOFF_StarSystem,6,1,17,,,,,
OneOFF_StarSystem_0202,2030,WISE 0313+7807,Star System No. 202 has now been reached by the Wave Front: WISE 0313+7807,FALSE,GY_ONEOFF,,,,43272.8875,2018,TRUE,TRUE,FALSE,OneOFF_StarSystem,6,6,21,,,,,
OneOFF_StarSystem_0203,2040,2MASS 1507-1627,Star System No. 203 has now been reached by the Wave Front: 2MASS 1507-1627,FALSE,GY_ONEOFF,,,,43316.35225,2018,TRUE,TRUE,FALSE,OneOFF_StarSystem,6,8,4,,,,,
OneOFF_StarSystem_0204,2050,"HD 4628 (96 G. Piscium, Gliese 33)","Star System No. 204 has now been reached by the Wave Front: HD 4628 (96 G. Piscium, Gliese 33)",FALSE,GY_ONEOFF,,,,43345.9375,2018,TRUE,TRUE,FALSE,OneOFF_StarSystem,6,9,2,,,,,
OneOFF_StarSystem_0205,2060,Beta Hydri,Star System No. 205 has now been reached by the Wave Front: Beta Hydri,FALSE,GY_ONEOFF,,,,43374.06175,2018,TRUE,TRUE,FALSE,OneOFF_StarSystem,6,10,1,,,,,
OneOFF_StarSystem_0206,2070,WISE J2000+3629,Star System No. 206 has now been reached by the Wave Front: WISE J2000+3629,FALSE,GY_ONEOFF,,,,43418.9875,2018,TRUE,TRUE,FALSE,OneOFF_StarSystem,6,11,14,,,,,
OneOFF_StarSystem_0207,2080,GJ 3991 (G 203-47) - A,Star System No. 207 has now been reached by the Wave Front: GJ 3991 (G 203-47) - A,FALSE,GY_ONEOFF,,,,43540.981,2019,TRUE,TRUE,FALSE,OneOFF_StarSystem,6,3,16,,,,,
OneOFF_StarSystem_0208,2090,GJ 3991 (G 203-47) - B,Star System No. 208 has now been reached by the Wave Front: GJ 3991 (G 203-47) - B,FALSE,GY_ONEOFF,,,,43541.00183,2019,TRUE,TRUE,FALSE,OneOFF_StarSystem,6,3,17,,,,,
OneOFF_StarSystem_0209,2100,Alpha Piscis Austrini - B (TW PsA),Star System No. 209 has now been reached by the Wave Front: Alpha Piscis Austrini - B (TW PsA),FALSE,GY_ONEOFF,,,,43544.23173,2019,TRUE,TRUE,FALSE,OneOFF_StarSystem,6,3,20,,,,,
OneOFF_StarSystem_0210,2110,107 Piscium,Star System No. 210 has now been reached by the Wave Front: 107 Piscium,FALSE,GY_ONEOFF,,,,43548.65125,2019,TRUE,TRUE,FALSE,OneOFF_StarSystem,6,3,24,,,,,
OneOFF_StarSystem_0211,2120,G 141-36,Star System No. 211 has now been reached by the Wave Front: G 141-36,FALSE,GY_ONEOFF,,,,43563.07863,2019,TRUE,TRUE,FALSE,OneOFF_StarSystem,6,4,8,,,,,
OneOFF_StarSystem_0212,2130,Gliese 514 (BD+11 2576),Star System No. 212 has now been reached by the Wave Front: Gliese 514 (BD+11 2576),FALSE,GY_ONEOFF,,,,43575.38755,2019,TRUE,TRUE,FALSE,OneOFF_StarSystem,6,4,20,,,,,
OneOFF_StarSystem_0213,2140,WISE 1738+2732,Star System No. 213 has now been reached by the Wave Front: WISE 1738+2732,FALSE,GY_ONEOFF,,,,43590.655,2019,TRUE,TRUE,FALSE,OneOFF_StarSystem,6,5,5,,,,,
OneOFF_StarSystem_0214,2150,GJ 4053 (G 258-33),Star System No. 214 has now been reached by the Wave Front: GJ 4053 (G 258-33),FALSE,GY_ONEOFF,,,,43592.62735,2019,TRUE,TRUE,FALSE,OneOFF_StarSystem,6,5,7,,,,,
OneOFF_StarSystem_0215,2160,WISE J2354+0240,Star System No. 215 has now been reached by the Wave Front: WISE J2354+0240,FALSE,GY_ONEOFF,,,,43608.9175,2019,TRUE,TRUE,FALSE,OneOFF_StarSystem,6,5,23,,,,,
OneOFF_StarSystem_0216,2170,GJ 4248 (L 499-56),Star System No. 216 has now been reached by the Wave Front: GJ 4248 (L 499-56),FALSE,GY_ONEOFF,,,,43622.797,2019,TRUE,TRUE,FALSE,OneOFF_StarSystem,6,6,6,,,,,
OneOFF_StarSystem_0217,2180,Mu Cassiopeiae (Gliese 53) - A,Star System No. 217 has now been reached by the Wave Front: Mu Cassiopeiae (Gliese 53) - A,FALSE,GY_ONEOFF,,,,43631.92825,2019,TRUE,TRUE,FALSE,OneOFF_StarSystem,6,6,15,,,,,
OneOFF_StarSystem_0218,2190,Mu Cassiopeiae (Gliese 53) - B,Star System No. 218 has now been reached by the Wave Front: Mu Cassiopeiae (Gliese 53) - B,FALSE,GY_ONEOFF,,,,43631.94908,2019,TRUE,TRUE,FALSE,OneOFF_StarSystem,6,6,15,,,,,
OneOFF_StarSystem_0219,2200,Alpha Piscis Austrini - C (LP 876-10),Star System No. 219 has now been reached by the Wave Front: Alpha Piscis Austrini - C (LP 876-10),FALSE,GY_ONEOFF,,,,43633.3162,2019,TRUE,TRUE,FALSE,OneOFF_StarSystem,6,6,17,,,,,
OneOFF_StarSystem_0220,2210,Vega (Alpha Lyrae),Star System No. 220 has now been reached by the Wave Front: Vega (Alpha Lyrae),FALSE,GY_ONEOFF,,,,43636.31125,2019,TRUE,TRUE,FALSE,OneOFF_StarSystem,6,6,20,,,,,
OneOFF_StarSystem_0221,2220,VX Arietis (Gliese 109),Star System No. 221 has now been reached by the Wave Front: VX Arietis (Gliese 109),FALSE,GY_ONEOFF,,,,43638.61233,2019,TRUE,TRUE,FALSE,OneOFF_StarSystem,6,6,22,,,,,
OneOFF_StarSystem_0222,2230,Alpha Piscis Austrini - A (Fomalhaut),Star System No. 222 has now been reached by the Wave Front: Alpha Piscis Austrini - A (Fomalhaut),FALSE,GY_ONEOFF,,,,43665.8965,2019,TRUE,TRUE,FALSE,OneOFF_StarSystem,6,7,19,,,,,
OneOFF_StarSystem_0223,2240,AN Sextantis (Gliese 382),Star System No. 223 has now been reached by the Wave Front: AN Sextantis (Gliese 382),FALSE,GY_ONEOFF,,,,43669.6951,2019,TRUE,TRUE,FALSE,OneOFF_StarSystem,6,7,23,,,,,
OneOFF_StarSystem_0224,2250,Gliese 673 (HD 157881),Star System No. 224 has now been reached by the Wave Front: Gliese 673 (HD 157881),FALSE,GY_ONEOFF,,,,43677.40188,2019,TRUE,TRUE,FALSE,OneOFF_StarSystem,6,7,31,,,,,
OneOFF_StarSystem_0225,2260,SIPS 1259-4336,Star System No. 225 has now been reached by the Wave Front: SIPS 1259-4336,FALSE,GY_ONEOFF,,,,43692.925,2019,TRUE,TRUE,FALSE,OneOFF_StarSystem,6,8,15,,,,,
OneOFF_StarSystem_0226,2270,"LHS 1070 (LP 881-64, GJ 2005) - A","Star System No. 226 has now been reached by the Wave Front: LHS 1070 (LP 881-64, GJ 2005) - A",FALSE,GY_ONEOFF,,,,43700.9605,2019,TRUE,TRUE,FALSE,OneOFF_StarSystem,6,8,23,,,,,
OneOFF_StarSystem_0227,2280,"LHS 1070 (LP 881-64, GJ 2005) - B","Star System No. 227 has now been reached by the Wave Front: LHS 1070 (LP 881-64, GJ 2005) - B",FALSE,GY_ONEOFF,,,,43700.98133,2019,TRUE,TRUE,FALSE,OneOFF_StarSystem,6,8,23,,,,,
OneOFF_StarSystem_0228,2290,"LHS 1070 (LP 881-64, GJ 2005) - C","Star System No. 228 has now been reached by the Wave Front: LHS 1070 (LP 881-64, GJ 2005) - C",FALSE,GY_ONEOFF,,,,43701.00217,2019,TRUE,TRUE,FALSE,OneOFF_StarSystem,6,8,24,,,,,
OneOFF_StarSystem_0229,2300,G 192-13 (GJ 3378),Star System No. 229 has now been reached by the Wave Front: G 192-13 (GJ 3378),FALSE,GY_ONEOFF,,,,43701.87363,2019,TRUE,TRUE,FALSE,OneOFF_StarSystem,6,8,24,,,,,
OneOFF_StarSystem_0230,2310,Gliese 701 (HD 165222),Star System No. 230 has now been reached by the Wave Front: Gliese 701 (HD 165222),FALSE,GY_ONEOFF,,,,43707.79068,2019,TRUE,TRUE,FALSE,OneOFF_StarSystem,6,8,30,,,,,
OneOFF_StarSystem_0231,2320,GJ 1093 (G 109-35),Star System No. 231 has now been reached by the Wave Front: GJ 1093 (G 109-35),FALSE,GY_ONEOFF,,,,43724.3365,2019,TRUE,TRUE,FALSE,OneOFF_StarSystem,6,9,16,,,,,
OneOFF_StarSystem_0232,2330,LP 71-82 (G 227-22),Star System No. 232 has now been reached by the Wave Front: LP 71-82 (G 227-22),FALSE,GY_ONEOFF,,,,43773.38958,2019,TRUE,TRUE,FALSE,OneOFF_StarSystem,6,11,4,,,,,
OneOFF_StarSystem_0233,2340,WISE 1800+0134,Star System No. 233 has now been reached by the Wave Front: WISE 1800+0134,FALSE,GY_ONEOFF,,,,43791.5425,2019,TRUE,TRUE,FALSE,OneOFF_StarSystem,6,11,22,,,,,
OneOFF_StarSystem_0234,2350,Gliese 623 - A,Star System No. 234 has now been reached by the Wave Front: Gliese 623 - A,FALSE,GY_ONEOFF,,,,43833.54625,2020,TRUE,TRUE,FALSE,OneOFF_StarSystem,6,1,3,,,,,
OneOFF_StarSystem_0235,2360,Gliese 623 - B,Star System No. 235 has now been reached by the Wave Front: Gliese 623 - B,FALSE,GY_ONEOFF,,,,43833.56708,2020,TRUE,TRUE,FALSE,OneOFF_StarSystem,6,1,3,,,,,
OneOFF_StarSystem_0236,2370,WISE J0005+3737,Star System No. 236 has now been reached by the Wave Front: WISE J0005+3737,FALSE,GY_ONEOFF,,,,43875.55,2020,TRUE,TRUE,FALSE,OneOFF_StarSystem,6,2,14,,,,,
OneOFF_StarSystem_0237,2380,Gliese 54 (CD-68 47) - A,Star System No. 237 has now been reached by the Wave Front: Gliese 54 (CD-68 47) - A,FALSE,GY_ONEOFF,,,,43876.2805,2020,TRUE,TRUE,FALSE,OneOFF_StarSystem,6,2,15,,,,,
OneOFF_StarSystem_0238,2390,Gliese 54 (CD-68 47) - B,Star System No. 238 has now been reached by the Wave Front: Gliese 54 (CD-68 47) - B,FALSE,GY_ONEOFF,,,,43876.30133,2020,TRUE,TRUE,FALSE,OneOFF_StarSystem,6,2,15,,,,,
OneOFF_StarSystem_0239,2400,2MASS 0729-39,Star System No. 239 has now been reached by the Wave Front: 2MASS 0729-39,FALSE,GY_ONEOFF,,,,43919.38,2020,TRUE,TRUE,FALSE,OneOFF_StarSystem,6,3,29,,,,,
OneOFF_StarSystem_0240,2410,GJ 1224 (G 154-44),Star System No. 240 has now been reached by the Wave Front: GJ 1224 (G 154-44),FALSE,GY_ONEOFF,,,,43984.65018,2020,TRUE,TRUE,FALSE,OneOFF_StarSystem,6,6,2,,,,,
OneOFF_StarSystem_0241,2420,SCR J0740−4257,Star System No. 241 has now been reached by the Wave Front: SCR J0740−4257,FALSE,GY_ONEOFF,,,,43995.89988,2020,TRUE,TRUE,FALSE,OneOFF_StarSystem,6,6,13,,,,,
OneOFF_StarSystem_0242,2430,"BB Capricorni (Wolf 922, Gliese 831) - A","Star System No. 242 has now been reached by the Wave Front: BB Capricorni (Wolf 922, Gliese 831) - A",FALSE,GY_ONEOFF,,,,43996.0825,2020,TRUE,TRUE,FALSE,OneOFF_StarSystem,6,6,14,,,,,
OneOFF_StarSystem_0243,2440,"BB Capricorni (Wolf 922, Gliese 831) - B","Star System No. 243 has now been reached by the Wave Front: BB Capricorni (Wolf 922, Gliese 831) - B",FALSE,GY_ONEOFF,,,,43996.10333,2020,TRUE,TRUE,FALSE,OneOFF_StarSystem,6,6,14,,,,,
OneOFF_StarSystem_0244,2450,Gliese 257 (CD-44 3045) - A,Star System No. 244 has now been reached by the Wave Front: Gliese 257 (CD-44 3045) - A,FALSE,GY_ONEOFF,,,,44068.18285,2020,TRUE,TRUE,FALSE,OneOFF_StarSystem,6,8,25,,,,,
OneOFF_StarSystem_0245,2460,Gliese 257 (CD-44 3045) - B,Star System No. 245 has now been reached by the Wave Front: Gliese 257 (CD-44 3045) - B,FALSE,GY_ONEOFF,,,,44068.20368,2020,TRUE,TRUE,FALSE,OneOFF_StarSystem,6,8,25,,,,,
OneOFF_StarSystem_0246,2470,GJ 1151 (G 122-49),Star System No. 246 has now been reached by the Wave Front: GJ 1151 (G 122-49),FALSE,GY_ONEOFF,,,,44069.49775,2020,TRUE,TRUE,FALSE,OneOFF_StarSystem,6,8,26,,,,,
OneOFF_StarSystem_0247,2480,Gliese 480.1 (L 399-68),Star System No. 247 has now been reached by the Wave Front: Gliese 480.1 (L 399-68),FALSE,GY_ONEOFF,,,,44081.44143,2020,TRUE,TRUE,FALSE,OneOFF_StarSystem,6,9,7,,,,,
OneOFF_StarSystem_0248,2490,Pi3 Orionis (Tabit),Star System No. 248 has now been reached by the Wave Front: Pi3 Orionis (Tabit),FALSE,GY_ONEOFF,,,,44100.544,2020,TRUE,TRUE,FALSE,OneOFF_StarSystem,6,9,26,,,,,
OneOFF_StarSystem_0249,2500,Gliese 486 (Wolf 437/Gar),Star System No. 249 has now been reached by the Wave Front: Gliese 486 (Wolf 437/Gar),FALSE,GY_ONEOFF,,,,44113.18165,2020,TRUE,TRUE,FALSE,OneOFF_StarSystem,6,10,9,,,,,
OneOFF_StarSystem_0250,2510,2MASS J21481628+4003593,Star System No. 250 has now been reached by the Wave Front: 2MASS J21481628+4003593,FALSE,GY_ONEOFF,,,,44120.2675,2020,TRUE,TRUE,FALSE,OneOFF_StarSystem,6,10,16,,,,,
OneOFF_StarSystem_0251,2520,Gliese 793 (G 262-15),Star System No. 251 has now been reached by the Wave Front: Gliese 793 (G 262-15),FALSE,GY_ONEOFF,,,,44122.6051,2020,TRUE,TRUE,FALSE,OneOFF_StarSystem,6,10,18,,,,,
OneOFF_StarSystem_0252,2530,GJ 1154 (G 13-22),Star System No. 252 has now been reached by the Wave Front: GJ 1154 (G 13-22),FALSE,GY_ONEOFF,,,,44123.51823,2020,TRUE,TRUE,FALSE,OneOFF_StarSystem,6,10,19,,,,,
OneOFF_StarSystem_0253,2540,Gliese 300 (L 674-15),Star System No. 253 has now been reached by the Wave Front: Gliese 300 (L 674-15),FALSE,GY_ONEOFF,,,,44157.88825,2020,TRUE,TRUE,FALSE,OneOFF_StarSystem,6,11,22,,,,,
OneOFF_StarSystem_0254,2550,"G 99-47 (EGGR 290, GJ 1087)","Star System No. 254 has now been reached by the Wave Front: G 99-47 (EGGR 290, GJ 1087)",FALSE,GY_ONEOFF,,,,44158.2535,2020,TRUE,TRUE,FALSE,OneOFF_StarSystem,6,11,23,,,,,
OneOFF_StarSystem_0255,2560,Gliese 686,Star System No. 255 has now been reached by the Wave Front: Gliese 686,FALSE,GY_ONEOFF,,,,44209.0963,2021,TRUE,TRUE,FALSE,OneOFF_StarSystem,6,1,13,,,,,
OneOFF_StarSystem_0256,2570,"Gliese 293 (LAWD 26, L 97-12)","Star System No. 256 has now been reached by the Wave Front: Gliese 293 (LAWD 26, L 97-12)",FALSE,GY_ONEOFF,,,,44220.30948,2021,TRUE,TRUE,FALSE,OneOFF_StarSystem,6,1,24,,,,,
OneOFF_StarSystem_0257,2580,UGPS J0521+3640,Star System No. 257 has now been reached by the Wave Front: UGPS J0521+3640,FALSE,GY_ONEOFF,,,,44237.1475,2021,TRUE,TRUE,FALSE,OneOFF_StarSystem,6,2,10,,,,,
OneOFF_StarSystem_0258,2590,p Eridani (Gliese 66) - A,Star System No. 258 has now been reached by the Wave Front: p Eridani (Gliese 66) - A,FALSE,GY_ONEOFF,,,,44252.99935,2021,TRUE,TRUE,FALSE,OneOFF_StarSystem,6,2,25,,,,,
OneOFF_StarSystem_0259,2600,p Eridani (Gliese 66) - B,Star System No. 259 has now been reached by the Wave Front: p Eridani (Gliese 66) - B,FALSE,GY_ONEOFF,,,,44253.02018,2021,TRUE,TRUE,FALSE,OneOFF_StarSystem,6,2,26,,,,,
OneOFF_StarSystem_0260,2610,L 173-19,Star System No. 260 has now been reached by the Wave Front: L 173-19,FALSE,GY_ONEOFF,,,,44276.66755,2021,TRUE,TRUE,FALSE,OneOFF_StarSystem,6,3,21,,,,,
OneOFF_StarSystem_0261,2620,Gliese 884 (HD 217357),Star System No. 261 has now been reached by the Wave Front: Gliese 884 (HD 217357),FALSE,GY_ONEOFF,,,,44295.66055,2021,TRUE,TRUE,FALSE,OneOFF_StarSystem,6,4,9,,,,,
OneOFF_StarSystem_0262,2630,Gliese 48 (Ross 318),Star System No. 262 has now been reached by the Wave Front: Gliese 48 (Ross 318),FALSE,GY_ONEOFF,,,,44296.68325,2021,TRUE,TRUE,FALSE,OneOFF_StarSystem,6,4,10,,,,,
OneOFF_StarSystem_0263,2640,WISEPC J115013.88+630240.7,Star System No. 263 has now been reached by the Wave Front: WISEPC J115013.88+630240.7,FALSE,GY_ONEOFF,,,,44302.8925,2021,TRUE,TRUE,FALSE,OneOFF_StarSystem,6,4,16,,,,,
OneOFF_StarSystem_0264,2650,Gliese 747 (G 207-16) - A,Star System No. 264 has now been reached by the Wave Front: Gliese 747 (G 207-16) - A,FALSE,GY_ONEOFF,,,,44399.3185,2021,TRUE,TRUE,FALSE,OneOFF_StarSystem,6,7,22,,,,,
OneOFF_StarSystem_0265,2660,Gliese 747 (G 207-16) - B,Star System No. 265 has now been reached by the Wave Front: Gliese 747 (G 207-16) - B,FALSE,GY_ONEOFF,,,,44399.33933,2021,TRUE,TRUE,FALSE,OneOFF_StarSystem,6,7,22,,,,,
OneOFF_StarSystem_0266,2670,2MASS 0348-6022,Star System No. 266 has now been reached by the Wave Front: 2MASS 0348-6022,FALSE,GY_ONEOFF,,,,44408.815,2021,TRUE,TRUE,FALSE,OneOFF_StarSystem,6,7,31,,,,,
OneOFF_StarSystem_0267,2680,Chi Draconis - A,Star System No. 267 has now been reached by the Wave Front: Chi Draconis - A,FALSE,GY_ONEOFF,,,,44412.4675,2021,TRUE,TRUE,FALSE,OneOFF_StarSystem,6,8,4,,,,,
OneOFF_StarSystem_0268,2690,Chi Draconis - B,Star System No. 268 has now been reached by the Wave Front: Chi Draconis - B,FALSE,GY_ONEOFF,,,,44412.48833,2021,TRUE,TRUE,FALSE,OneOFF_StarSystem,6,8,4,,,,,
OneOFF_StarSystem_0269,2700,"WD 2359-434 (LAWD 96, Gliese 915)","Star System No. 269 has now been reached by the Wave Front: WD 2359-434 (LAWD 96, Gliese 915)",FALSE,GY_ONEOFF,,,,44414.659,2021,TRUE,TRUE,FALSE,OneOFF_StarSystem,6,8,6,,,,,
OneOFF_StarSystem_0270,2710,Mu Herculis - Aa,Star System No. 270 has now been reached by the Wave Front: Mu Herculis - Aa,FALSE,GY_ONEOFF,,,,44422.32925,2021,TRUE,TRUE,FALSE,OneOFF_StarSystem,6,8,14,,,,,
OneOFF_StarSystem_0271,2720,Mu Herculis - Ab,Star System No. 271 has now been reached by the Wave Front: Mu Herculis - Ab,FALSE,GY_ONEOFF,,,,44422.35008,2021,TRUE,TRUE,FALSE,OneOFF_StarSystem,6,8,14,,,,,
OneOFF_StarSystem_0272,2730,Mu Herculis - B,Star System No. 272 has now been reached by the Wave Front: Mu Herculis - B,FALSE,GY_ONEOFF,,,,44422.37092,2021,TRUE,TRUE,FALSE,OneOFF_StarSystem,6,8,14,,,,,
OneOFF_StarSystem_0273,2740,Mu Herculis - C,Star System No. 273 has now been reached by the Wave Front: Mu Herculis - C,FALSE,GY_ONEOFF,,,,44422.39175,2021,TRUE,TRUE,FALSE,OneOFF_StarSystem,6,8,14,,,,,
OneOFF_StarSystem_0274,2750,Wolf 489,Star System No. 274 has now been reached by the Wave Front: Wolf 489,FALSE,GY_ONEOFF,,,,44436.17223,2021,TRUE,TRUE,FALSE,OneOFF_StarSystem,6,8,28,,,,,
OneOFF_StarSystem_0275,2760,GJ 1227 (G 227-29),Star System No. 275 has now been reached by the Wave Front: GJ 1227 (G 227-29),FALSE,GY_ONEOFF,,,,44436.574,2021,TRUE,TRUE,FALSE,OneOFF_StarSystem,6,8,28,,,,,
OneOFF_StarSystem_0276,2770,GJ 1289 (G 130-4),Star System No. 276 has now been reached by the Wave Front: GJ 1289 (G 130-4),FALSE,GY_ONEOFF,,,,44450.81875,2021,TRUE,TRUE,FALSE,OneOFF_StarSystem,6,9,11,,,,,
OneOFF_StarSystem_0277,2780,Gliese 185 (HD 32450) - A,Star System No. 277 has now been reached by the Wave Front: Gliese 185 (HD 32450) - A,FALSE,GY_ONEOFF,,,,44451.40315,2021,TRUE,TRUE,FALSE,OneOFF_StarSystem,6,9,12,,,,,
OneOFF_StarSystem_0278,2790,Gliese 185 (HD 32450) - B,Star System No. 278 has now been reached by the Wave Front: Gliese 185 (HD 32450) - B,FALSE,GY_ONEOFF,,,,44451.42398,2021,TRUE,TRUE,FALSE,OneOFF_StarSystem,6,9,12,,,,,
OneOFF_StarSystem_0279,2800,SCR 1138-7721,Star System No. 279 has now been reached by the Wave Front: SCR 1138-7721,FALSE,GY_ONEOFF,,,,44470.7614,2021,TRUE,TRUE,FALSE,OneOFF_StarSystem,6,10,1,,,,,
OneOFF_StarSystem_0280,2810,SCR J1546−5534 - A,Star System No. 280 has now been reached by the Wave Front: SCR J1546−5534 - A,FALSE,GY_ONEOFF,,,,44492.8225,2021,TRUE,TRUE,FALSE,OneOFF_StarSystem,6,10,23,,,,,
OneOFF_StarSystem_0281,2820,SCR J1546−5534 - B,Star System No. 281 has now been reached by the Wave Front: SCR J1546−5534 - B,FALSE,GY_ONEOFF,,,,44492.84333,2021,TRUE,TRUE,FALSE,OneOFF_StarSystem,6,10,23,,,,,
OneOFF_StarSystem_0282,2830,2MASS J00345157+0523050,Star System No. 282 has now been reached by the Wave Front: 2MASS J00345157+0523050,FALSE,GY_ONEOFF,,,,44514.7375,2021,TRUE,TRUE,FALSE,OneOFF_StarSystem,6,11,14,,,,,
OneOFF_StarSystem_0283,2840,TYC 3980-1081-1 - A (IRAS 21500+5903),Star System No. 283 has now been reached by the Wave Front: TYC 3980-1081-1 - A (IRAS 21500+5903),FALSE,GY_ONEOFF,,,,44570.986,2022,TRUE,TRUE,FALSE,OneOFF_StarSystem,6,1,9,,,,,
OneOFF_StarSystem_0284,2850,TYC 3980-1081-1 - B (UCAC4 747-070768),Star System No. 284 has now been reached by the Wave Front: TYC 3980-1081-1 - B (UCAC4 747-070768),FALSE,GY_ONEOFF,,,,44571.00683,2022,TRUE,TRUE,FALSE,OneOFF_StarSystem,6,1,10,,,,,
OneOFF_StarSystem_0285,2860,Beta Canum Venaticorum (Chara),Star System No. 285 has now been reached by the Wave Front: Beta Canum Venaticorum (Chara),FALSE,GY_ONEOFF,,,,44581.9435,2022,TRUE,TRUE,FALSE,OneOFF_StarSystem,6,1,20,,,,,
OneOFF_StarSystem_0286,2870,Gliese 232 (Ross 64),Star System No. 286 has now been reached by the Wave Front: Gliese 232 (Ross 64),FALSE,GY_ONEOFF,,,,44607.73015,2022,TRUE,TRUE,FALSE,OneOFF_StarSystem,6,2,15,,,,,
OneOFF_StarSystem_0287,2880,Gliese 618 (CD-37 10765) - A,Star System No. 287 has now been reached by the Wave Front: Gliese 618 (CD-37 10765) - A,FALSE,GY_ONEOFF,,,,44629.68168,2022,TRUE,TRUE,FALSE,OneOFF_StarSystem,6,3,9,,,,,
OneOFF_StarSystem_0288,2890,Gliese 618 (CD-37 10765) - B,Star System No. 288 has now been reached by the Wave Front: Gliese 618 (CD-37 10765) - B,FALSE,GY_ONEOFF,,,,44629.70251,2022,TRUE,TRUE,FALSE,OneOFF_StarSystem,6,3,9,,,,,
OneOFF_StarSystem_0289,2900,"Gliese 318 (CD-32 5613, LAWD 28)","Star System No. 289 has now been reached by the Wave Front: Gliese 318 (CD-32 5613, LAWD 28)",FALSE,GY_ONEOFF,,,,44636.21965,2022,TRUE,TRUE,FALSE,OneOFF_StarSystem,6,3,16,,,,,
OneOFF_StarSystem_0290,2910,61 Virginis,Star System No. 290 has now been reached by the Wave Front: 61 Virginis,FALSE,GY_ONEOFF,,,,44655.724,2022,TRUE,TRUE,FALSE,OneOFF_StarSystem,6,4,4,,,,,
OneOFF_StarSystem_0291,2920,GJ 1276 (EGGR 453),Star System No. 291 has now been reached by the Wave Front: GJ 1276 (EGGR 453),FALSE,GY_ONEOFF,,,,44658.4999,2022,TRUE,TRUE,FALSE,OneOFF_StarSystem,6,4,7,,,,,
OneOFF_StarSystem_0292,2930,Gliese 493.1 (Wolf 461),Star System No. 292 has now been reached by the Wave Front: Gliese 493.1 (Wolf 461),FALSE,GY_ONEOFF,,,,44667.77725,2022,TRUE,TRUE,FALSE,OneOFF_StarSystem,6,4,16,,,,,
OneOFF_StarSystem_0293,2940,GJ 3454 (G 89-32) - A,Star System No. 293 has now been reached by the Wave Front: GJ 3454 (G 89-32) - A,FALSE,GY_ONEOFF,,,,44704.6675,2022,TRUE,TRUE,FALSE,OneOFF_StarSystem,6,5,23,,,,,
OneOFF_StarSystem_0294,2950,GJ 3454 (G 89-32) - B,Star System No. 294 has now been reached by the Wave Front: GJ 3454 (G 89-32) - B,FALSE,GY_ONEOFF,,,,44704.68833,2022,TRUE,TRUE,FALSE,OneOFF_StarSystem,6,5,23,,,,,
OneOFF_StarSystem_0295,2960,CWISEP 0402-2651,Star System No. 295 has now been reached by the Wave Front: CWISEP 0402-2651,FALSE,GY_ONEOFF,,,,44722.93,2022,TRUE,TRUE,FALSE,OneOFF_StarSystem,6,6,10,,,,,
OneOFF_StarSystem_0296,2970,Gliese 877 (L 49-19),Star System No. 296 has now been reached by the Wave Front: Gliese 877 (L 49-19),FALSE,GY_ONEOFF,,,,44730.6733,2022,TRUE,TRUE,FALSE,OneOFF_StarSystem,6,6,18,,,,,
OneOFF_StarSystem_0297,2980,CD Ceti (GJ 1057),Star System No. 297 has now been reached by the Wave Front: CD Ceti (GJ 1057),FALSE,GY_ONEOFF,,,,44734.618,2022,TRUE,TRUE,FALSE,OneOFF_StarSystem,6,6,22,,,,,
OneOFF_StarSystem_0298,2990,Zeta Tucanae,Star System No. 298 has now been reached by the Wave Front: Zeta Tucanae,FALSE,GY_ONEOFF,,,,44742.28825,2022,TRUE,TRUE,FALSE,OneOFF_StarSystem,6,6,30,,,,,
OneOFF_StarSystem_0299,3000,LP 502-56 (NLTT 40406),Star System No. 299 has now been reached by the Wave Front: LP 502-56 (NLTT 40406),FALSE,GY_ONEOFF,,,,44754.70675,2022,TRUE,TRUE,FALSE,OneOFF_StarSystem,6,7,12,,,,,
OneOFF_StarSystem_0300,3010,WISE 1647+5632,Star System No. 300 has now been reached by the Wave Front: WISE 1647+5632,FALSE,GY_ONEOFF,,,,44759.455,2022,TRUE,TRUE,FALSE,OneOFF_StarSystem,6,7,17,,,,,
OneOFF_StarSystem_0301,3020,CWISE 0617+1945 - A,Star System No. 301 has now been reached by the Wave Front: CWISE 0617+1945 - A,FALSE,GY_ONEOFF,,,,44788.675,2022,TRUE,TRUE,FALSE,OneOFF_StarSystem,6,8,15,,,,,
OneOFF_StarSystem_0302,3030,CWISE 0617+1945 - B,Star System No. 302 has now been reached by the Wave Front: CWISE 0617+1945 - B,FALSE,GY_ONEOFF,,,,44788.69583,2022,TRUE,TRUE,FALSE,OneOFF_StarSystem,6,8,15,,,,,
OneOFF_StarSystem_0303,3040,GJ 3517 (LP 666-9),Star System No. 303 has now been reached by the Wave Front: GJ 3517 (LP 666-9),FALSE,GY_ONEOFF,,,,44804.0155,2022,TRUE,TRUE,FALSE,OneOFF_StarSystem,6,8,31,,,,,
OneOFF_StarSystem_0304,3050,Chi1 Orionis - A,Star System No. 304 has now been reached by the Wave Front: Chi1 Orionis - A,FALSE,GY_ONEOFF,,,,44809.129,2022,TRUE,TRUE,FALSE,OneOFF_StarSystem,6,9,5,,,,,
OneOFF_StarSystem_0305,3060,Chi1 Orionis - B,Star System No. 305 has now been reached by the Wave Front: Chi1 Orionis - B,FALSE,GY_ONEOFF,,,,44809.14983,2022,TRUE,TRUE,FALSE,OneOFF_StarSystem,6,9,5,,,,,
OneOFF_StarSystem_0306,3070,AP Columbae,Star System No. 306 has now been reached by the Wave Front: AP Columbae,FALSE,GY_ONEOFF,,,,44811.9049,2022,TRUE,TRUE,FALSE,OneOFF_StarSystem,6,9,7,,,,,
OneOFF_StarSystem_0307,3080,SIPS J1141-3624 (PM J11413-3624),Star System No. 307 has now been reached by the Wave Front: SIPS J1141-3624 (PM J11413-3624),FALSE,GY_ONEOFF,,,,44840.1022,2022,TRUE,TRUE,FALSE,OneOFF_StarSystem,6,10,6,,,,,
OneOFF_StarSystem_0308,3090,GJ 1207 (G 19-7),Star System No. 308 has now been reached by the Wave Front: GJ 1207 (G 19-7),FALSE,GY_ONEOFF,,,,44855.22355,2022,TRUE,TRUE,FALSE,OneOFF_StarSystem,6,10,21,,,,,
OneOFF_StarSystem_0309,3100,LP 991-84,Star System No. 309 has now been reached by the Wave Front: LP 991-84,FALSE,GY_ONEOFF,,,,44883.27475,2022,TRUE,TRUE,FALSE,OneOFF_StarSystem,6,11,18,,,,,
OneOFF_StarSystem_0310,3110,Xi Ursae Majoris - Aa (Alula Australis),Star System No. 310 has now been reached by the Wave Front: Xi Ursae Majoris - Aa (Alula Australis),FALSE,GY_ONEOFF,,,,44894.5975,2022,TRUE,TRUE,FALSE,OneOFF_StarSystem,6,11,29,,,,,
OneOFF_StarSystem_0311,3120,Xi Ursae Majoris - Ab,Star System No. 311 has now been reached by the Wave Front: Xi Ursae Majoris - Ab,FALSE,GY_ONEOFF,,,,44894.61833,2022,TRUE,TRUE,FALSE,OneOFF_StarSystem,6,11,29,,,,,
OneOFF_StarSystem_0312,3130,Xi Ursae Majoris - Ba,Star System No. 312 has now been reached by the Wave Front: Xi Ursae Majoris - Ba,FALSE,GY_ONEOFF,,,,44894.63917,2022,TRUE,TRUE,FALSE,OneOFF_StarSystem,6,11,29,,,,,
OneOFF_StarSystem_0313,3140,Xi Ursae Majoris - Bb,Star System No. 313 has now been reached by the Wave Front: Xi Ursae Majoris - Bb,FALSE,GY_ONEOFF,,,,44894.66,2022,TRUE,TRUE,FALSE,OneOFF_StarSystem,6,11,29,,,,,
OneOFF_StarSystem_0314,3150,Xi Ursae Majoris - WISE J1118+3125,Star System No. 314 has now been reached by the Wave Front: Xi Ursae Majoris - WISE J1118+3125,FALSE,GY_ONEOFF,,,,44894.68083,2022,TRUE,TRUE,FALSE,OneOFF_StarSystem,6,11,29,,,,,
OneOFF_StarSystem_0315,3160,2MASS 0036+1821 (LSPM J0036+1821),Star System No. 315 has now been reached by the Wave Front: 2MASS 0036+1821 (LSPM J0036+1821),FALSE,GY_ONEOFF,,,,44895.328,2022,TRUE,TRUE,FALSE,OneOFF_StarSystem,6,11,30,,,,,
OneOFF_StarSystem_0316,3170,Gliese 250 (HD 50281) - A,Star System No. 316 has now been reached by the Wave Front: Gliese 250 (HD 50281) - A,FALSE,GY_ONEOFF,,,,44911.87383,2022,TRUE,TRUE,FALSE,OneOFF_StarSystem,6,12,16,,,,,
OneOFF_StarSystem_0317,3180,Gliese 250 (HD 50281) - Ba,Star System No. 317 has now been reached by the Wave Front: Gliese 250 (HD 50281) - Ba,FALSE,GY_ONEOFF,,,,44911.89466,2022,TRUE,TRUE,FALSE,OneOFF_StarSystem,6,12,16,,,,,
OneOFF_StarSystem_0318,3190,Gliese 250 (HD 50281) - Bb,Star System No. 318 has now been reached by the Wave Front: Gliese 250 (HD 50281) - Bb,FALSE,GY_ONEOFF,,,,44911.91549,2022,TRUE,TRUE,FALSE,OneOFF_StarSystem,6,12,16,,,,,
OneOFF_StarSystem_0319,3200,Gliese 450 (MCC 135),Star System No. 319 has now been reached by the Wave Front: Gliese 450 (MCC 135),FALSE,GY_ONEOFF,,,,44930.6842,2023,TRUE,TRUE,FALSE,OneOFF_StarSystem,6,1,4,,,,,
OneOFF_StarSystem_0320,3210,GJ 1103 - A,Star System No. 320 has now been reached by the Wave Front: GJ 1103 - A,FALSE,GY_ONEOFF,,,,44938.4275,2023,TRUE,TRUE,FALSE,OneOFF_StarSystem,6,1,12,,,,,
OneOFF_StarSystem_0321,3220,GJ 1103 - B,Star System No. 321 has now been reached by the Wave Front: GJ 1103 - B,FALSE,GY_ONEOFF,,,,44938.44833,2023,TRUE,TRUE,FALSE,OneOFF_StarSystem,6,1,12,,,,,
OneOFF_StarSystem_0322,3230,WISENF 1936+0408,Star System No. 322 has now been reached by the Wave Front: WISENF 1936+0408,FALSE,GY_ONEOFF,,,,44949.385,2023,TRUE,TRUE,FALSE,OneOFF_StarSystem,6,1,23,,,,,
OneOFF_StarSystem_0323,3240,41 G. Arae - A,Star System No. 323 has now been reached by the Wave Front: 41 G. Arae - A,FALSE,GY_ONEOFF,,,,44961.43825,2023,TRUE,TRUE,FALSE,OneOFF_StarSystem,6,2,4,,,,,
OneOFF_StarSystem_0324,3250,41 G. Arae - Ba,Star System No. 324 has now been reached by the Wave Front: 41 G. Arae - Ba,FALSE,GY_ONEOFF,,,,44961.45908,2023,TRUE,TRUE,FALSE,OneOFF_StarSystem,6,2,4,,,,,
OneOFF_StarSystem_0325,3260,41 G. Arae - Bb,Star System No. 325 has now been reached by the Wave Front: 41 G. Arae - Bb,FALSE,GY_ONEOFF,,,,44961.47992,2023,TRUE,TRUE,FALSE,OneOFF_StarSystem,6,2,4,,,,,
OneOFF_StarSystem_0326,3270,"HD 192310 (5 G. Capricorni, HR 7722, Gliese 785)","Star System No. 326 has now been reached by the Wave Front: HD 192310 (5 G. Capricorni, HR 7722, Gliese 785)",FALSE,GY_ONEOFF,,,,44985.54475,2023,TRUE,TRUE,FALSE,OneOFF_StarSystem,6,2,28,,,,,
OneOFF_StarSystem_0327,3280,Gliese 849,Star System No. 327 has now been reached by the Wave Front: Gliese 849,FALSE,GY_ONEOFF,,,,44989.67208,2023,TRUE,TRUE,FALSE,OneOFF_StarSystem,6,3,4,,,,,
OneOFF_StarSystem_0328,3290,HU Delphini (Gliese 791.2) - A,Star System No. 328 has now been reached by the Wave Front: HU Delphini (Gliese 791.2) - A,FALSE,GY_ONEOFF,,,,44993.9455,2023,TRUE,TRUE,FALSE,OneOFF_StarSystem,6,3,8,,,,,
OneOFF_StarSystem_0329,3300,HU Delphini (Gliese 791.2) - B,Star System No. 329 has now been reached by the Wave Front: HU Delphini (Gliese 791.2) - B,FALSE,GY_ONEOFF,,,,44993.96633,2023,TRUE,TRUE,FALSE,OneOFF_StarSystem,6,3,8,,,,,
OneOFF_StarSystem_0330,3310,Gliese 745 - A (Ross 730),Star System No. 330 has now been reached by the Wave Front: Gliese 745 - A (Ross 730),FALSE,GY_ONEOFF,,,,45010.23565,2023,TRUE,TRUE,FALSE,OneOFF_StarSystem,6,3,25,,,,,
OneOFF_StarSystem_0331,3320,Gliese 745 - B (HD 349726),Star System No. 331 has now been reached by the Wave Front: Gliese 745 - B (HD 349726),FALSE,GY_ONEOFF,,,,45010.25648,2023,TRUE,TRUE,FALSE,OneOFF_StarSystem,6,3,25,,,,,
OneOFF_StarSystem_0332,3330,IRAS 06355-7535 (LDS 169) - A (L 32-9),Star System No. 332 has now been reached by the Wave Front: IRAS 06355-7535 (LDS 169) - A (L 32-9),FALSE,GY_ONEOFF,,,,45018.81903,2023,TRUE,TRUE,FALSE,OneOFF_StarSystem,6,4,2,,,,,
OneOFF_StarSystem_0333,3340,IRAS 06355-7535 (LDS 169) - B (L 32-8),Star System No. 333 has now been reached by the Wave Front: IRAS 06355-7535 (LDS 169) - B (L 32-8),FALSE,GY_ONEOFF,,,,45018.83986,2023,TRUE,TRUE,FALSE,OneOFF_StarSystem,6,4,2,,,,,
OneOFF_StarSystem_0334,3350,"HR 1614 (284 G. Eridani, HD 32147, Gliese 183)","Star System No. 334 has now been reached by the Wave Front: HR 1614 (284 G. Eridani, HD 32147, Gliese 183)",FALSE,GY_ONEOFF,,,,45024.29778,2023,TRUE,TRUE,FALSE,OneOFF_StarSystem,6,4,8,,,,,
OneOFF_StarSystem_0335,3360,GJ 1105 (G 111-47),Star System No. 335 has now been reached by the Wave Front: GJ 1105 (G 111-47),FALSE,GY_ONEOFF,,,,45031.67583,2023,TRUE,TRUE,FALSE,OneOFF_StarSystem,6,4,15,,,,,
OneOFF_StarSystem_0336,3370,Gliese 867 - A (FK Aquarii),Star System No. 336 has now been reached by the Wave Front: Gliese 867 - A (FK Aquarii),FALSE,GY_ONEOFF,,,,45032.2237,2023,TRUE,TRUE,FALSE,OneOFF_StarSystem,6,4,16,,,,,
OneOFF_StarSystem_0337,3380,Gliese 867 - B (FL Aquarii),Star System No. 337 has now been reached by the Wave Front: Gliese 867 - B (FL Aquarii),FALSE,GY_ONEOFF,,,,45032.24453,2023,TRUE,TRUE,FALSE,OneOFF_StarSystem,6,4,16,,,,,
OneOFF_StarSystem_0338,3390,Gliese 867 - C,Star System No. 338 has now been reached by the Wave Front: Gliese 867 - C,FALSE,GY_ONEOFF,,,,45032.26537,2023,TRUE,TRUE,FALSE,OneOFF_StarSystem,6,4,16,,,,,
OneOFF_StarSystem_0339,3400,Gliese 867 - D,Star System No. 339 has now been reached by the Wave Front: Gliese 867 - D,FALSE,GY_ONEOFF,,,,45032.2862,2023,TRUE,TRUE,FALSE,OneOFF_StarSystem,6,4,16,,,,,
OneOFF_StarSystem_0340,3410,Ross 695 (Gliese 465),Star System No. 340 has now been reached by the Wave Front: Ross 695 (Gliese 465),FALSE,GY_ONEOFF,,,,45061.48023,2023,TRUE,TRUE,FALSE,OneOFF_StarSystem,6,5,15,,,,,
OneOFF_StarSystem_0341,3420,SCR J0630-7643 - A,Star System No. 341 has now been reached by the Wave Front: SCR J0630-7643 - A,FALSE,GY_ONEOFF,,,,45062.97775,2023,TRUE,TRUE,FALSE,OneOFF_StarSystem,6,5,16,,,,,
OneOFF_StarSystem_0342,3430,SCR J0630-7643 - B,Star System No. 342 has now been reached by the Wave Front: SCR J0630-7643 - B,FALSE,GY_ONEOFF,,,,45062.99858,2023,TRUE,TRUE,FALSE,OneOFF_StarSystem,6,5,16,,,,,
OneOFF_StarSystem_0343,3440,DENIS 0334-49 (LEHPM 3396),Star System No. 343 has now been reached by the Wave Front: DENIS 0334-49 (LEHPM 3396),FALSE,GY_ONEOFF,,,,45067.36075,2023,TRUE,TRUE,FALSE,OneOFF_StarSystem,6,5,21,,,,,
OneOFF_StarSystem_0344,3450,2MASS 0727+1710,Star System No. 344 has now been reached by the Wave Front: 2MASS 0727+1710,FALSE,GY_ONEOFF,,,,45077.2225,2023,TRUE,TRUE,FALSE,OneOFF_StarSystem,6,5,31,,,,,
OneOFF_StarSystem_0345,3460,Gamma Leporis - A,Star System No. 345 has now been reached by the Wave Front: Gamma Leporis - A,FALSE,GY_ONEOFF,,,,45081.0211,2023,TRUE,TRUE,FALSE,OneOFF_StarSystem,6,6,4,,,,,
OneOFF_StarSystem_0346,3470,Gamma Leporis - B (AK Leporis),Star System No. 346 has now been reached by the Wave Front: Gamma Leporis - B (AK Leporis),FALSE,GY_ONEOFF,,,,45081.04193,2023,TRUE,TRUE,FALSE,OneOFF_StarSystem,6,6,4,,,,,
OneOFF_StarSystem_0347,3480,WISE1810,Star System No. 347 has now been reached by the Wave Front: WISE1810,FALSE,GY_ONEOFF,,,,45091.8325,2023,TRUE,TRUE,FALSE,OneOFF_StarSystem,6,6,14,,,,,
OneOFF_StarSystem_0348,3490,GJ 2066 (G 113-20),Star System No. 348 has now been reached by the Wave Front: GJ 2066 (G 113-20),FALSE,GY_ONEOFF,,,,45137.48875,2023,TRUE,TRUE,FALSE,OneOFF_StarSystem,6,7,30,,,,,
OneOFF_StarSystem_0349,3500,"LHS 224 (G 193-27, GJ 3421) - A","Star System No. 349 has now been reached by the Wave Front: LHS 224 (G 193-27, GJ 3421) - A",FALSE,GY_ONEOFF,,,,45237.9325,2023,TRUE,TRUE,FALSE,OneOFF_StarSystem,6,11,7,,,,,
OneOFF_StarSystem_0350,3510,"LHS 224 (G 193-27, GJ 3421) - B","Star System No. 350 has now been reached by the Wave Front: LHS 224 (G 193-27, GJ 3421) - B",FALSE,GY_ONEOFF,,,,45237.95333,2023,TRUE,TRUE,FALSE,OneOFF_StarSystem,6,11,7,,,,,
OneOFF_StarSystem_0351,3520,SZ Ursae Majoris,Star System No. 351 has now been reached by the Wave Front: SZ Ursae Majoris,FALSE,GY_ONEOFF,,,,45295.642,2024,TRUE,TRUE,FALSE,OneOFF_StarSystem,6,1,4,,,,,
OneOFF_StarSystem_0352,3530,Gliese 433,Star System No. 352 has now been reached by the Wave Front: Gliese 433,FALSE,GY_ONEOFF,,,,45301.66863,2024,TRUE,TRUE,FALSE,OneOFF_StarSystem,6,1,10,,,,,
OneOFF_StarSystem_0353,3540,Delta Eridani (Rana),Star System No. 353 has now been reached by the Wave Front: Delta Eridani (Rana),FALSE,GY_ONEOFF,,,,45316.096,2024,TRUE,TRUE,FALSE,OneOFF_StarSystem,6,1,25,,,,,
OneOFF_StarSystem_0354,3550,Gliese 508 (HD 115953) - Aa,Star System No. 354 has now been reached by the Wave Front: Gliese 508 (HD 115953) - Aa,FALSE,GY_ONEOFF,,,,45318.2875,2024,TRUE,TRUE,FALSE,OneOFF_StarSystem,6,1,27,,,,,
OneOFF_StarSystem_0355,3560,Gliese 508 (HD 115953) - Ab,Star System No. 355 has now been reached by the Wave Front: Gliese 508 (HD 115953) - Ab,FALSE,GY_ONEOFF,,,,45318.30833,2024,TRUE,TRUE,FALSE,OneOFF_StarSystem,6,1,27,,,,,
OneOFF_StarSystem_0356,3570,Gliese 508 (HD 115953) - B,Star System No. 356 has now been reached by the Wave Front: Gliese 508 (HD 115953) - B,FALSE,GY_ONEOFF,,,,45318.32917,2024,TRUE,TRUE,FALSE,OneOFF_StarSystem,6,1,27,,,,,
OneOFF_StarSystem_0357,3580,GJ 3146 (LP 469-206),Star System No. 357 has now been reached by the Wave Front: GJ 3146 (LP 469-206),FALSE,GY_ONEOFF,,,,45323.401,2024,TRUE,TRUE,FALSE,OneOFF_StarSystem,6,2,1,,,,,
OneOFF_StarSystem_0358,3590,"LHS 1126 (GJ 2012, EGGR 246)","Star System No. 358 has now been reached by the Wave Front: LHS 1126 (GJ 2012, EGGR 246)",FALSE,GY_ONEOFF,,,,45325.62903,2024,TRUE,TRUE,FALSE,OneOFF_StarSystem,6,2,3,,,,,
OneOFF_StarSystem_0359,3600,V374 Pegasi,Star System No. 359 has now been reached by the Wave Front: V374 Pegasi,FALSE,GY_ONEOFF,,,,45332.82445,2024,TRUE,TRUE,FALSE,OneOFF_StarSystem,6,2,10,,,,,
OneOFF_StarSystem_0360,3610,2MASSI J0652307+471034,Star System No. 360 has now been reached by the Wave Front: 2MASSI J0652307+471034,FALSE,GY_ONEOFF,,,,45341.6635,2024,TRUE,TRUE,FALSE,OneOFF_StarSystem,6,2,19,,,,,
OneOFF_StarSystem_0361,3620,WT 460 - A,Star System No. 361 has now been reached by the Wave Front: WT 460 - A,FALSE,GY_ONEOFF,,,,45344.95075,2024,TRUE,TRUE,FALSE,OneOFF_StarSystem,6,2,22,,,,,
OneOFF_StarSystem_0362,3630,WT 460 - B,Star System No. 362 has now been reached by the Wave Front: WT 460 - B,FALSE,GY_ONEOFF,,,,45344.97158,2024,TRUE,TRUE,FALSE,OneOFF_StarSystem,6,2,22,,,,,
OneOFF_StarSystem_0363,3640,"Gliese 283 (L 745-46) - A (LP 783-3, LAWD 25)","Star System No. 363 has now been reached by the Wave Front: Gliese 283 (L 745-46) - A (LP 783-3, LAWD 25)",FALSE,GY_ONEOFF,,,,45383.48463,2024,TRUE,TRUE,FALSE,OneOFF_StarSystem,6,4,1,,,,,
OneOFF_StarSystem_0364,3650,Gliese 283 (L 745-46) - B (LP 783-2),Star System No. 364 has now been reached by the Wave Front: Gliese 283 (L 745-46) - B (LP 783-2),FALSE,GY_ONEOFF,,,,45383.50546,2024,TRUE,TRUE,FALSE,OneOFF_StarSystem,6,4,1,,,,,
OneOFF_StarSystem_0365,3660,WISE 0713−2917,Star System No. 365 has now been reached by the Wave Front: WISE 0713−2917,FALSE,GY_ONEOFF,,,,45387.685,2024,TRUE,TRUE,FALSE,OneOFF_StarSystem,6,4,5,,,,,
OneOFF_StarSystem_0366,3670,2MASS J03552337+1133437,Star System No. 366 has now been reached by the Wave Front: 2MASS J03552337+1133437,FALSE,GY_ONEOFF,,,,45402.295,2024,TRUE,TRUE,FALSE,OneOFF_StarSystem,6,4,20,,,,,
OneOFF_StarSystem_0367,3680,WISEP J213456.73-713743.6,Star System No. 367 has now been reached by the Wave Front: WISEP J213456.73-713743.6,FALSE,GY_ONEOFF,,,,45409.6,2024,TRUE,TRUE,FALSE,OneOFF_StarSystem,6,4,27,,,,,
OneOFF_StarSystem_0368,3690,"Groombridge 1830 (CF Ursae Majoris, HD 103095)","Star System No. 368 has now been reached by the Wave Front: Groombridge 1830 (CF Ursae Majoris, HD 103095)",FALSE,GY_ONEOFF,,,,45414.89613,2024,TRUE,TRUE,FALSE,OneOFF_StarSystem,6,5,2,,,,,
OneOFF_StarSystem_0369,3700,GJ 3801 (Ross 1015),Star System No. 369 has now been reached by the Wave Front: GJ 3801 (Ross 1015),FALSE,GY_ONEOFF,,,,45438.82,2024,TRUE,TRUE,FALSE,OneOFF_StarSystem,6,5,26,,,,,
OneOFF_StarSystem_0370,3710,Beta Comae Berenices,Star System No. 370 has now been reached by the Wave Front: Beta Comae Berenices,FALSE,GY_ONEOFF,,,,45445.3945,2024,TRUE,TRUE,FALSE,OneOFF_StarSystem,6,6,2,,,,,
OneOFF_StarSystem_0371,3720,CFBDS J005910.90–011401.3 (CFBDS J005910-011401),Star System No. 371 has now been reached by the Wave Front: CFBDS J005910.90–011401.3 (CFBDS J005910-011401),FALSE,GY_ONEOFF,,,,45446.125,2024,TRUE,TRUE,FALSE,OneOFF_StarSystem,6,6,3,,,,,
OneOFF_StarSystem_0372,3730,GJ 3325,Star System No. 372 has now been reached by the Wave Front: GJ 3325,FALSE,GY_ONEOFF,,,,45457.0825,2024,TRUE,TRUE,FALSE,OneOFF_StarSystem,6,6,14,,,,,
OneOFF_StarSystem_0373,3740,WISE 0458+6434 (WISEPC J045853.90+643451.9) - A,Star System No. 373 has now been reached by the Wave Front: WISE 0458+6434 (WISEPC J045853.90+643451.9) - A,FALSE,GY_ONEOFF,,,,45482.65,2024,TRUE,TRUE,FALSE,OneOFF_StarSystem,6,7,9,,,,,
OneOFF_StarSystem_0374,3750,WISE 0458+6434 (WISEPC J045853.90+643451.9) - B,Star System No. 374 has now been reached by the Wave Front: WISE 0458+6434 (WISEPC J045853.90+643451.9) - B,FALSE,GY_ONEOFF,,,,45482.67083,2024,TRUE,TRUE,FALSE,OneOFF_StarSystem,6,7,9,,,,,
OneOFF_StarSystem_0375,3760,GJ 3421,Star System No. 375 has now been reached by the Wave Front: GJ 3421,FALSE,GY_ONEOFF,,,,45482.69167,2024,TRUE,TRUE,FALSE,OneOFF_StarSystem,6,7,9,,,,,
OneOFF_StarSystem_0376,3770,2MASS 1750-00,Star System No. 376 has now been reached by the Wave Front: 2MASS 1750-00,FALSE,GY_ONEOFF,,,,45482.7125,2024,TRUE,TRUE,FALSE,OneOFF_StarSystem,6,7,9,,,,,
OneOFF_StarSystem_0377,3780,WISE 1804+3117,Star System No. 377 has now been reached by the Wave Front: WISE 1804+3117,FALSE,GY_ONEOFF,,,,45519.175,2024,TRUE,TRUE,FALSE,OneOFF_StarSystem,6,8,15,,,,,
OneOFF_StarSystem_0378,3790,Gamma Pavonis,Star System No. 378 has now been reached by the Wave Front: Gamma Pavonis,FALSE,GY_ONEOFF,,,,45519.19583,2024,TRUE,TRUE,FALSE,OneOFF_StarSystem,6,8,15,,,,,
OneOFF_StarSystem_0379,3800,GJ 3135,Star System No. 379 has now been reached by the Wave Front: GJ 3135,FALSE,GY_ONEOFF,,,,45537.4375,2024,TRUE,TRUE,FALSE,OneOFF_StarSystem,6,9,2,,,,,
OneOFF_StarSystem_0380,3810,Kappa¹ Ceti,Star System No. 380 has now been reached by the Wave Front: Kappa¹ Ceti,FALSE,GY_ONEOFF,,,,45541.09,2024,TRUE,TRUE,FALSE,OneOFF_StarSystem,6,9,6,,,,,
OneOFF_StarSystem_0381,3820,SDSS J141624.08+134826.7 (SDSS J1416+1348) - A,Star System No. 381 has now been reached by the Wave Front: SDSS J141624.08+134826.7 (SDSS J1416+1348) - A,FALSE,GY_ONEOFF,,,,45544.7425,2024,TRUE,TRUE,FALSE,OneOFF_StarSystem,6,9,9,,,,,
OneOFF_StarSystem_0382,3830,SDSS J141624.08+134826.7 (SDSS J1416+1348) - B,Star System No. 382 has now been reached by the Wave Front: SDSS J141624.08+134826.7 (SDSS J1416+1348) - B,FALSE,GY_ONEOFF,,,,45544.76333,2024,TRUE,TRUE,FALSE,OneOFF_StarSystem,6,9,9,,,,,
OneOFF_StarSystem_0383,3840,HD 102365 (66 G. Centauri/Gliese 442) - B,Star System No. 383 has now been reached by the Wave Front: HD 102365 (66 G. Centauri/Gliese 442) - B,FALSE,GY_ONEOFF,,,,45578.3455,2024,TRUE,TRUE,FALSE,OneOFF_StarSystem,6,10,13,,,,,
OneOFF_StarSystem_0384,3850,HD 102365 (66 G. Centauri/Gliese 442) - A,Star System No. 384 has now been reached by the Wave Front: HD 102365 (66 G. Centauri/Gliese 442) - A,FALSE,GY_ONEOFF,,,,45592.225,2024,TRUE,TRUE,FALSE,OneOFF_StarSystem,6,10,27,,,,,
OneOFF_StarSystem_0385,3860,2MASS J0011+5908,Star System No. 385 has now been reached by the Wave Front: 2MASS J0011+5908,FALSE,GY_ONEOFF,,,,45581.2675,2024,TRUE,TRUE,FALSE,OneOFF_StarSystem,6,10,16,,,,,
OneOFF_StarSystem_0386,3870,GJ 1123,Star System No. 386 has now been reached by the Wave Front: GJ 1123,FALSE,GY_ONEOFF,,,,45632.4025,2024,TRUE,TRUE,FALSE,OneOFF_StarSystem,6,12,6,,,,,
OneOFF_StarSystem_0387,3880,Gliese 190,Star System No. 387 has now been reached by the Wave Front: Gliese 190,FALSE,GY_ONEOFF,,,,45636.055,2024,TRUE,TRUE,FALSE,OneOFF_StarSystem,6,12,10,,,,,
OneOFF_StarSystem_0388,3890,Gliese 226,Star System No. 388 has now been reached by the Wave Front: Gliese 226,FALSE,GY_ONEOFF,,,,45665.275,2025,TRUE,TRUE,FALSE,OneOFF_StarSystem,6,1,8,,,,,
OneOFF_StarSystem_0389,3900,GJ 3306 (LHS 194),Star System No. 389 has now been reached by the Wave Front: GJ 3306 (LHS 194),FALSE,GY_ONEOFF,,,,45698.1475,2025,TRUE,TRUE,FALSE,OneOFF_StarSystem,6,2,10,,,,,
OneOFF_StarSystem_0390,3910,Gliese 367 (Añañuca),Star System No. 390 has now been reached by the Wave Front: Gliese 367 (Añañuca),FALSE,GY_ONEOFF,,,,45708.73975,2025,TRUE,TRUE,FALSE,OneOFF_StarSystem,6,2,20,,,,,
OneOFF_StarSystem_0391,3920,Gliese 357,Star System No. 391 has now been reached by the Wave Front: Gliese 357,FALSE,GY_ONEOFF,,,,45729.559,2025,TRUE,TRUE,FALSE,OneOFF_StarSystem,6,3,13,,,,,
OneOFF_StarSystem_0392,3930,2MASS J11592743-5247188,Star System No. 392 has now been reached by the Wave Front: 2MASS J11592743-5247188,FALSE,GY_ONEOFF,,,,45774.85,2025,TRUE,TRUE,FALSE,OneOFF_StarSystem,6,4,27,,,,,
OneOFF_StarSystem_0393,3940,2MASS 0034+0523,Star System No. 393 has now been reached by the Wave Front: 2MASS 0034+0523,FALSE,GY_ONEOFF,,,,45774.87083,2025,TRUE,TRUE,FALSE,OneOFF_StarSystem,6,4,27,,,,,
OneOFF_StarSystem_0394,3950,Gliese 694,Star System No. 394 has now been reached by the Wave Front: Gliese 694,FALSE,GY_ONEOFF,,,,45782.155,2025,TRUE,TRUE,FALSE,OneOFF_StarSystem,6,5,5,,,,,
OneOFF_StarSystem_0395,3960,Gliese 176,Star System No. 395 has now been reached by the Wave Front: Gliese 176,FALSE,GY_ONEOFF,,,,45788.36425,2025,TRUE,TRUE,FALSE,OneOFF_StarSystem,6,5,11,,,,,
OneOFF_StarSystem_0396,3970,GJ 3512,Star System No. 396 has now been reached by the Wave Front: GJ 3512,FALSE,GY_ONEOFF,,,,45802.609,2025,TRUE,TRUE,FALSE,OneOFF_StarSystem,6,5,25,,,,,
OneOFF_StarSystem_0397,3980,GJ 1065,Star System No. 397 has now been reached by the Wave Front: GJ 1065,FALSE,GY_ONEOFF,,,,45804.07,2025,TRUE,TRUE,FALSE,OneOFF_StarSystem,6,5,27,,,,,
OneOFF_StarSystem_0398,3990,CWISEP J1446−2317,Star System No. 398 has now been reached by the Wave Front: CWISEP J1446−2317,FALSE,GY_ONEOFF,,,,45811.375,2025,TRUE,TRUE,FALSE,OneOFF_StarSystem,6,6,3,,,,,
OneOFF_StarSystem_0399,4000,GJ 1227,Star System No. 399 has now been reached by the Wave Front: GJ 1227,FALSE,GY_ONEOFF,,,,45833.29,2025,TRUE,TRUE,FALSE,OneOFF_StarSystem,6,6,25,,,,,
OneOFF_StarSystem_0400,4010,GJ 3380,Star System No. 400 has now been reached by the Wave Front: GJ 3380,FALSE,GY_ONEOFF,,,,45838.76875,2025,TRUE,TRUE,FALSE,OneOFF_StarSystem,6,6,30,,,,,
OneOFF_StarSystem_0401,4020,HR 4458 (289 G. Hydrae) - B,Star System No. 401 has now been reached by the Wave Front: HR 4458 (289 G. Hydrae) - B,FALSE,GY_ONEOFF,,,,45871.276,2025,TRUE,TRUE,FALSE,OneOFF_StarSystem,6,8,2,,,,,
OneOFF_StarSystem_0402,4030,HR 4458 (289 G. Hydrae) - A,Star System No. 402 has now been reached by the Wave Front: HR 4458 (289 G. Hydrae) - A,FALSE,GY_ONEOFF,,,,45876.02425,2025,TRUE,TRUE,FALSE,OneOFF_StarSystem,6,8,7,,,,,
OneOFF_StarSystem_0403,4040,2MASS J11553952-3727350,Star System No. 403 has now been reached by the Wave Front: 2MASS J11553952-3727350,FALSE,GY_ONEOFF,,,,45884.425,2025,TRUE,TRUE,FALSE,OneOFF_StarSystem,6,8,15,,,,,
OneOFF_StarSystem_0404,4050,61 Ursae Majoris,Star System No. 404 has now been reached by the Wave Front: 61 Ursae Majoris,FALSE,GY_ONEOFF,,,,45899.035,2025,TRUE,TRUE,FALSE,OneOFF_StarSystem,6,8,30,,,,,
OneOFF_StarSystem_0405,4060,Wolf 1069,Star System No. 405 has now been reached by the Wave Front: Wolf 1069,FALSE,GY_ONEOFF,,,,45895.01725,2025,TRUE,TRUE,FALSE,OneOFF_StarSystem,6,8,26,,,,,
OneOFF_StarSystem_0406,4070,Gliese 358,Star System No. 406 has now been reached by the Wave Front: Gliese 358,FALSE,GY_ONEOFF,,,,45942.865,2025,TRUE,TRUE,FALSE,OneOFF_StarSystem,6,10,12,,,,,
OneOFF_StarSystem_0407,4080,WISEA J1141−3326,Star System No. 407 has now been reached by the Wave Front: WISEA J1141−3326,FALSE,GY_ONEOFF,,,,45957.475,2025,TRUE,TRUE,FALSE,OneOFF_StarSystem,6,10,27,,,,,
OneOFF_StarSystem_0408,4090,TYC 3251-1875-1,Star System No. 408 has now been reached by the Wave Front: TYC 3251-1875-1,FALSE,GY_ONEOFF,,,,45997.6525,2025,TRUE,TRUE,FALSE,OneOFF_StarSystem,6,12,6,,,,,
OneOFF_StarSystem_0409,4100,LHS 6167,Star System No. 409 has now been reached by the Wave Front: LHS 6167,FALSE,GY_ONEOFF,,,,46019.5675,2025,TRUE,TRUE,FALSE,OneOFF_StarSystem,6,12,28,,,,,
OneOFF_StarSystem_0410,4110,WISE J140533.32+835030.5,Star System No. 410 has now been reached by the Wave Front: WISE J140533.32+835030.5,FALSE,GY_ONEOFF,,,,46030.525,2026,TRUE,TRUE,FALSE,OneOFF_StarSystem,6,1,8,,,,,
OneOFF_StarSystem_0411,4120,Gliese 479,Star System No. 411 has now been reached by the Wave Front: Gliese 479,FALSE,GY_ONEOFF,,,,46034.1775,2026,TRUE,TRUE,FALSE,OneOFF_StarSystem,6,1,12,,,,,
OneOFF_StarSystem_0412,4130,AU Microscopii,Star System No. 412 has now been reached by the Wave Front: AU Microscopii,FALSE,GY_ONEOFF,,,,46060.84075,2026,TRUE,TRUE,FALSE,OneOFF_StarSystem,6,2,7,,,,,
OneOFF_StarSystem_0413,4140,GJ 1138,Star System No. 413 has now been reached by the Wave Front: GJ 1138,FALSE,GY_ONEOFF,,,,46067.05,2026,TRUE,TRUE,FALSE,OneOFF_StarSystem,6,2,14,,,,,
OneOFF_StarSystem_0414,4150,Gliese 436 (Noquisi),Star System No. 414 has now been reached by the Wave Front: Gliese 436 (Noquisi),FALSE,GY_ONEOFF,,,,46133.5255,2026,TRUE,TRUE,FALSE,OneOFF_StarSystem,6,4,21,,,,,
OneOFF_StarSystem_0415,4160,LP 655-48,Star System No. 415 has now been reached by the Wave Front: LP 655-48,FALSE,GY_ONEOFF,,,,46162.015,2026,TRUE,TRUE,FALSE,OneOFF_StarSystem,6,5,20,,,,,
OneOFF_StarSystem_0416,4170,WISE 0811-8051,Star System No. 416 has now been reached by the Wave Front: WISE 0811-8051,FALSE,GY_ONEOFF,,,,46176.625,2026,TRUE,TRUE,FALSE,OneOFF_StarSystem,6,6,3,,,,,
OneOFF_StarSystem_0417,4180,GJ 3112 (LHS 145),Star System No. 417 has now been reached by the Wave Front: GJ 3112 (LHS 145),FALSE,GY_ONEOFF,,,,46191.235,2026,TRUE,TRUE,FALSE,OneOFF_StarSystem,6,6,18,,,,,
OneOFF_StarSystem_0418,4190,GJ 3253,Star System No. 418 has now been reached by the Wave Front: GJ 3253,FALSE,GY_ONEOFF,,,,46216.8025,2026,TRUE,TRUE,FALSE,OneOFF_StarSystem,6,7,13,,,,,
OneOFF_StarSystem_0419,4200,Gliese 638,Star System No. 419 has now been reached by the Wave Front: Gliese 638,FALSE,GY_ONEOFF,,,,46218.2635,2026,TRUE,TRUE,FALSE,OneOFF_StarSystem,6,7,15,,,,,
OneOFF_StarSystem_0420,4210,Gliese 49/51 - A,Star System No. 420 has now been reached by the Wave Front: Gliese 49/51 - A,FALSE,GY_ONEOFF,,,,46234.3345,2026,TRUE,TRUE,FALSE,OneOFF_StarSystem,6,7,31,,,,,
OneOFF_StarSystem_0421,4220,Gliese 49/51 - B,Star System No. 421 has now been reached by the Wave Front: Gliese 49/51 - B,FALSE,GY_ONEOFF,,,,46234.35533,2026,TRUE,TRUE,FALSE,OneOFF_StarSystem,6,7,31,,,,,
OneOFF_StarSystem_0422,4230,12 Ophiuchi,Star System No. 422 has now been reached by the Wave Front: 12 Ophiuchi,FALSE,GY_ONEOFF,,,,46275.2425,2026,TRUE,TRUE,FALSE,OneOFF_StarSystem,6,9,10,,,,,
OneOFF_StarSystem_0423,4240,GJ 3988,Star System No. 423 has now been reached by the Wave Front: GJ 3988,FALSE,GY_ONEOFF,,,,46286.2,2026,TRUE,TRUE,FALSE,OneOFF_StarSystem,6,9,21,,,,,
OneOFF_StarSystem_0424,4250,HD 232979,Star System No. 424 has now been reached by the Wave Front: HD 232979,FALSE,GY_ONEOFF,,,,46293.505,2026,TRUE,TRUE,FALSE,OneOFF_StarSystem,6,9,28,,,,,
OneOFF_StarSystem_0425,4260,GJ 3119,Star System No. 425 has now been reached by the Wave Front: GJ 3119,FALSE,GY_ONEOFF,,,,46308.115,2026,TRUE,TRUE,FALSE,OneOFF_StarSystem,6,10,13,,,,,
OneOFF_StarSystem_0426,4270,Gliese 680,Star System No. 426 has now been reached by the Wave Front: Gliese 680,FALSE,GY_ONEOFF,,,,46311.7675,2026,TRUE,TRUE,FALSE,OneOFF_StarSystem,6,10,16,,,,,
OneOFF_StarSystem_0427,4280,Gliese 569 A,Star System No. 427 has now been reached by the Wave Front: Gliese 569 A,FALSE,GY_ONEOFF,,,,46346.8315,2026,TRUE,TRUE,FALSE,OneOFF_StarSystem,6,11,20,,,,,
OneOFF_StarSystem_0428,4290,WISE 1614+1739,Star System No. 428 has now been reached by the Wave Front: WISE 1614+1739,FALSE,GY_ONEOFF,,,,46395.775,2027,TRUE,TRUE,FALSE,OneOFF_StarSystem,6,1,8,,,,,
OneOFF_StarSystem_0429,4300,ULAS 1335+11,Star System No. 429 has now been reached by the Wave Front: ULAS 1335+11,FALSE,GY_ONEOFF,,,,46395.79583,2027,TRUE,TRUE,FALSE,OneOFF_StarSystem,6,1,8,,,,,
OneOFF_StarSystem_0430,4310,HD 260655 (Gliese 239),Star System No. 430 has now been reached by the Wave Front: HD 260655 (Gliese 239),FALSE,GY_ONEOFF,,,,46398.697,2027,TRUE,TRUE,FALSE,OneOFF_StarSystem,6,1,11,,,,,
OneOFF_StarSystem_0431,4320,GJ 1125,Star System No. 431 has now been reached by the Wave Front: GJ 1125,FALSE,GY_ONEOFF,,,,46399.4275,2027,TRUE,TRUE,FALSE,OneOFF_StarSystem,6,1,12,,,,,
OneOFF_StarSystem_0432,4330,10 parsecs (about 32.616 ly),Star System No. 432 has now been reached by the Wave Front: 10 parsecs (about 32.616 ly),FALSE,GY_ONEOFF,,,,46399.44833,2027,TRUE,TRUE,FALSE,OneOFF_StarSystem,6,1,12,,,,,
OneOFF_StarSystem_0433,4340,GJ 3976,Star System No. 433 has now been reached by the Wave Front: GJ 3976,FALSE,GY_ONEOFF,,,,46435.9525,2027,TRUE,TRUE,FALSE,OneOFF_StarSystem,6,2,17,,,,,
OneOFF_StarSystem_0434,4350,GJ 3182,Star System No. 434 has now been reached by the Wave Front: GJ 3182,FALSE,GY_ONEOFF,,,,46443.2575,2027,TRUE,TRUE,FALSE,OneOFF_StarSystem,6,2,25,,,,,
OneOFF_StarSystem_0435,4360,Gliese 22 - A,Star System No. 435 has now been reached by the Wave Front: Gliese 22 - A,FALSE,GY_ONEOFF,,,,46476.13,2027,TRUE,TRUE,FALSE,OneOFF_StarSystem,6,3,30,,,,,
OneOFF_StarSystem_0436,4370,Gliese 22 - B,Star System No. 436 has now been reached by the Wave Front: Gliese 22 - B,FALSE,GY_ONEOFF,,,,46476.15083,2027,TRUE,TRUE,FALSE,OneOFF_StarSystem,6,3,30,,,,,
OneOFF_StarSystem_0437,4380,Gliese 22 - C,Star System No. 437 has now been reached by the Wave Front: Gliese 22 - C,FALSE,GY_ONEOFF,,,,46476.17167,2027,TRUE,TRUE,FALSE,OneOFF_StarSystem,6,3,30,,,,,
OneOFF_StarSystem_0438,4390,HR 5256,Star System No. 438 has now been reached by the Wave Front: HR 5256,FALSE,GY_ONEOFF,,,,46479.7825,2027,TRUE,TRUE,FALSE,OneOFF_StarSystem,6,4,2,,,,,
OneOFF_StarSystem_0439,4400,HR 511,Star System No. 439 has now been reached by the Wave Front: HR 511,FALSE,GY_ONEOFF,,,,46483.435,2027,TRUE,TRUE,FALSE,OneOFF_StarSystem,6,4,6,,,,,
OneOFF_StarSystem_0440,4410,WISE 1150+6302,Star System No. 440 has now been reached by the Wave Front: WISE 1150+6302,FALSE,GY_ONEOFF,,,,46505.35,2027,TRUE,TRUE,FALSE,OneOFF_StarSystem,6,4,28,,,,,
OneOFF_StarSystem_0441,4420,WISE 1318-1758,Star System No. 441 has now been reached by the Wave Front: WISE 1318-1758,FALSE,GY_ONEOFF,,,,46505.37083,2027,TRUE,TRUE,FALSE,OneOFF_StarSystem,6,4,28,,,,,
OneOFF_StarSystem_0442,4430,Gliese 678.1 A,Star System No. 442 has now been reached by the Wave Front: Gliese 678.1 A,FALSE,GY_ONEOFF,,,,46585.705,2027,TRUE,TRUE,FALSE,OneOFF_StarSystem,6,7,17,,,,,
OneOFF_StarSystem_0443,4440,Gliese 453,Star System No. 443 has now been reached by the Wave Front: Gliese 453,FALSE,GY_ONEOFF,,,,46589.3575,2027,TRUE,TRUE,FALSE,OneOFF_StarSystem,6,7,21,,,,,
OneOFF_StarSystem_0444,4450,Alpha Mensae (Hoerikwaggo) - A,Star System No. 444 has now been reached by the Wave Front: Alpha Mensae (Hoerikwaggo) - A,FALSE,GY_ONEOFF,,,,46636.84,2027,TRUE,TRUE,FALSE,OneOFF_StarSystem,6,9,6,,,,,
OneOFF_StarSystem_0445,4460,Alpha Mensae (Hoerikwaggo) - B,Star System No. 445 has now been reached by the Wave Front: Alpha Mensae (Hoerikwaggo) - B,FALSE,GY_ONEOFF,,,,46636.86083,2027,TRUE,TRUE,FALSE,OneOFF_StarSystem,6,9,6,,,,,
OneOFF_StarSystem_0446,4470,Gliese 1277,Star System No. 446 has now been reached by the Wave Front: Gliese 1277,FALSE,GY_ONEOFF,,,,46757.3725,2028,TRUE,TRUE,FALSE,OneOFF_StarSystem,6,1,5,,,,,
OneOFF_StarSystem_0447,4480,Pollux (Beta Geminorum),Star System No. 447 has now been reached by the Wave Front: Pollux (Beta Geminorum),FALSE,GY_ONEOFF,,,,46826.77,2028,TRUE,TRUE,FALSE,OneOFF_StarSystem,6,3,14,,,,,
OneOFF_StarSystem_0448,4490,2MASS J2139+0220,Star System No. 448 has now been reached by the Wave Front: 2MASS J2139+0220,FALSE,GY_ONEOFF,,,,46834.075,2028,TRUE,TRUE,FALSE,OneOFF_StarSystem,6,3,22,,,,,
OneOFF_StarSystem_0449,4500,Gliese 649,Star System No. 449 has now been reached by the Wave Front: Gliese 649,FALSE,GY_ONEOFF,,,,46848.685,2028,TRUE,TRUE,FALSE,OneOFF_StarSystem,6,4,5,,,,,
OneOFF_StarSystem_0450,4510,Gliese 339.1,Star System No. 450 has now been reached by the Wave Front: Gliese 339.1,FALSE,GY_ONEOFF,,,,46731.805,2027,TRUE,TRUE,FALSE,OneOFF_StarSystem,6,12,10,,,,,
OneOFF_StarSystem_0451,4520,SCR J0533-4257,Star System No. 451 has now been reached by the Wave Front: SCR J0533-4257,FALSE,GY_ONEOFF,,,,46815.8125,2028,TRUE,TRUE,FALSE,OneOFF_StarSystem,6,3,3,,,,,
OneOFF_StarSystem_0452,4530,HD 17925 (32 G. Eridani),Star System No. 452 has now been reached by the Wave Front: HD 17925 (32 G. Eridani),FALSE,GY_ONEOFF,,,,46819.465,2028,TRUE,TRUE,FALSE,OneOFF_StarSystem,6,3,7,,,,,
OneOFF_StarSystem_0453,4540,2MASS 0559-1404,Star System No. 453 has now been reached by the Wave Front: 2MASS 0559-1404,FALSE,GY_ONEOFF,,,,46819.48583,2028,TRUE,TRUE,FALSE,OneOFF_StarSystem,6,3,7,,,,,
OneOFF_StarSystem_0454,4550,2MASS 1237+6526,Star System No. 454 has now been reached by the Wave Front: 2MASS 1237+6526,FALSE,GY_ONEOFF,,,,46870.6,2028,TRUE,TRUE,FALSE,OneOFF_StarSystem,6,4,27,,,,,
OneOFF_StarSystem_0455,4560,WISE 1322-2340,Star System No. 455 has now been reached by the Wave Front: WISE 1322-2340,FALSE,GY_ONEOFF,,,,46870.62083,2028,TRUE,TRUE,FALSE,OneOFF_StarSystem,6,4,27,,,,,
OneOFF_StarSystem_0456,4570,Gliese 595,Star System No. 456 has now been reached by the Wave Front: Gliese 595,FALSE,GY_ONEOFF,,,,46910.7775,2028,TRUE,TRUE,FALSE,OneOFF_StarSystem,6,6,6,,,,,
OneOFF_StarSystem_0457,4580,Gliese 127.1,Star System No. 457 has now been reached by the Wave Front: Gliese 127.1,FALSE,GY_ONEOFF,,,,46936.345,2028,TRUE,TRUE,FALSE,OneOFF_StarSystem,6,7,2,,,,,
OneOFF_StarSystem_0458,4590,WISE J2030+0749,Star System No. 458 has now been reached by the Wave Front: WISE J2030+0749,FALSE,GY_ONEOFF,,,,46980.175,2028,TRUE,TRUE,FALSE,OneOFF_StarSystem,6,8,15,,,,,
OneOFF_StarSystem_0459,4600,L 363-38 (GJ 3049),Star System No. 459 has now been reached by the Wave Front: L 363-38 (GJ 3049),FALSE,GY_ONEOFF,,,,46998.4375,2028,TRUE,TRUE,FALSE,OneOFF_StarSystem,6,9,2,,,,,
OneOFF_StarSystem_0460,4610,Iota Persei,Star System No. 460 has now been reached by the Wave Front: Iota Persei,FALSE,GY_ONEOFF,,,,47045.92,2028,TRUE,TRUE,FALSE,OneOFF_StarSystem,6,10,19,,,,,
OneOFF_StarSystem_0461,4620,2MASS 1047+2124,Star System No. 461 has now been reached by the Wave Front: 2MASS 1047+2124,FALSE,GY_ONEOFF,,,,47053.225,2028,TRUE,TRUE,FALSE,OneOFF_StarSystem,6,10,27,,,,,
OneOFF_StarSystem_0462,4630,WD 0821-669,Star System No. 462 has now been reached by the Wave Front: WD 0821-669,FALSE,GY_ONEOFF,,,,47067.835,2028,TRUE,TRUE,FALSE,OneOFF_StarSystem,6,11,10,,,,,
OneOFF_StarSystem_0463,4640,2MASS J00501994−3322402,Star System No. 463 has now been reached by the Wave Front: 2MASS J00501994−3322402,FALSE,GY_ONEOFF,,,,47089.75,2028,TRUE,TRUE,FALSE,OneOFF_StarSystem,6,12,2,,,,,
OneOFF_StarSystem_0464,4650,Gliese 653/654 - A,Star System No. 464 has now been reached by the Wave Front: Gliese 653/654 - A,FALSE,GY_ONEOFF,,,,47126.275,2029,TRUE,TRUE,FALSE,OneOFF_StarSystem,6,1,8,,,,,
OneOFF_StarSystem_0465,4660,Gliese 653/654 - B,Star System No. 465 has now been reached by the Wave Front: Gliese 653/654 - B,FALSE,GY_ONEOFF,,,,47126.29583,2029,TRUE,TRUE,FALSE,OneOFF_StarSystem,6,1,8,,,,,
OneOFF_StarSystem_0466,4670,L 98-59,Star System No. 466 has now been reached by the Wave Front: L 98-59,FALSE,GY_ONEOFF,,,,47126.31667,2029,TRUE,TRUE,FALSE,OneOFF_StarSystem,6,1,8,,,,,
OneOFF_StarSystem_0467,4680,WISE 0148-7202,Star System No. 467 has now been reached by the Wave Front: WISE 0148-7202,FALSE,GY_ONEOFF,,,,47126.3375,2029,TRUE,TRUE,FALSE,OneOFF_StarSystem,6,1,8,,,,,
OneOFF_StarSystem_0468,4690,2MASS 2228-4310,Star System No. 468 has now been reached by the Wave Front: 2MASS 2228-4310,FALSE,GY_ONEOFF,,,,47162.8,2029,TRUE,TRUE,FALSE,OneOFF_StarSystem,6,2,13,,,,,
OneOFF_StarSystem_0469,4700,2MASS J08251968+2115521,Star System No. 469 has now been reached by the Wave Front: 2MASS J08251968+2115521,FALSE,GY_ONEOFF,,,,47199.325,2029,TRUE,TRUE,FALSE,OneOFF_StarSystem,6,3,22,,,,,
OneOFF_StarSystem_0470,4710,2MASS 0243-2453,Star System No. 470 has now been reached by the Wave Front: 2MASS 0243-2453,FALSE,GY_ONEOFF,,,,47199.34583,2029,TRUE,TRUE,FALSE,OneOFF_StarSystem,6,3,22,,,,,
OneOFF_StarSystem_0471,4720,WISE 0734-7157,Star System No. 471 has now been reached by the Wave Front: WISE 0734-7157,FALSE,GY_ONEOFF,,,,47235.85,2029,TRUE,TRUE,FALSE,OneOFF_StarSystem,6,4,27,,,,,
OneOFF_StarSystem_0472,4730,Zeta Herculis - A,Star System No. 472 has now been reached by the Wave Front: Zeta Herculis - A,FALSE,GY_ONEOFF,,,,47254.1125,2029,TRUE,TRUE,FALSE,OneOFF_StarSystem,6,5,16,,,,,
OneOFF_StarSystem_0473,4740,Zeta Herculis - B,Star System No. 473 has now been reached by the Wave Front: Zeta Herculis - B,FALSE,GY_ONEOFF,,,,47254.13333,2029,TRUE,TRUE,FALSE,OneOFF_StarSystem,6,5,16,,,,,
OneOFF_StarSystem_0474,4750,Gliese 617 - A,Star System No. 474 has now been reached by the Wave Front: Gliese 617 - A,FALSE,GY_ONEOFF,,,,47268.7225,2029,TRUE,TRUE,FALSE,OneOFF_StarSystem,6,5,30,,,,,
OneOFF_StarSystem_0475,4760,Gliese 617 - B,Star System No. 475 has now been reached by the Wave Front: Gliese 617 - B,FALSE,GY_ONEOFF,,,,47268.74333,2029,TRUE,TRUE,FALSE,OneOFF_StarSystem,6,5,30,,,,,
OneOFF_StarSystem_0476,4770,AT Microscopii - A,Star System No. 476 has now been reached by the Wave Front: AT Microscopii - A,FALSE,GY_ONEOFF,,,,47272.375,2029,TRUE,TRUE,FALSE,OneOFF_StarSystem,6,6,3,,,,,
OneOFF_StarSystem_0477,4780,AT Microscopii - B,Star System No. 477 has now been reached by the Wave Front: AT Microscopii - B,FALSE,GY_ONEOFF,,,,47272.39583,2029,TRUE,TRUE,FALSE,OneOFF_StarSystem,6,6,3,,,,,
OneOFF_StarSystem_0478,4790,TVLM513-46546,Star System No. 478 has now been reached by the Wave Front: TVLM513-46546,FALSE,GY_ONEOFF,,,,47308.9,2029,TRUE,TRUE,FALSE,OneOFF_StarSystem,6,7,9,,,,,
OneOFF_StarSystem_0479,4800,Gliese 203,Star System No. 479 has now been reached by the Wave Front: Gliese 203,FALSE,GY_ONEOFF,,,,47312.5525,2029,TRUE,TRUE,FALSE,OneOFF_StarSystem,6,7,13,,,,,
OneOFF_StarSystem_0480,4810,Gliese 3820,Star System No. 480 has now been reached by the Wave Front: Gliese 3820,FALSE,GY_ONEOFF,,,,47316.205,2029,TRUE,TRUE,FALSE,OneOFF_StarSystem,6,7,17,,,,,
OneOFF_StarSystem_0481,4820,SCR J0838-5855 - A,Star System No. 481 has now been reached by the Wave Front: SCR J0838-5855 - A,FALSE,GY_ONEOFF,,,,47330.815,2029,TRUE,TRUE,FALSE,OneOFF_StarSystem,6,7,31,,,,,
OneOFF_StarSystem_0482,4830,SCR J0838-5855 - B,Star System No. 482 has now been reached by the Wave Front: SCR J0838-5855 - B,FALSE,GY_ONEOFF,,,,47330.83583,2029,TRUE,TRUE,FALSE,OneOFF_StarSystem,6,7,31,,,,,
OneOFF_StarSystem_0483,4840,HR 9038 - A,Star System No. 483 has now been reached by the Wave Front: HR 9038 - A,FALSE,GY_ONEOFF,,,,47345.425,2029,TRUE,TRUE,FALSE,OneOFF_StarSystem,6,8,15,,,,,
OneOFF_StarSystem_0484,4850,HR 9038 - B,Star System No. 484 has now been reached by the Wave Front: HR 9038 - B,FALSE,GY_ONEOFF,,,,47345.44583,2029,TRUE,TRUE,FALSE,OneOFF_StarSystem,6,8,15,,,,,
OneOFF_StarSystem_0485,4860,HR 9038 - C,Star System No. 485 has now been reached by the Wave Front: HR 9038 - C,FALSE,GY_ONEOFF,,,,47345.46667,2029,TRUE,TRUE,FALSE,OneOFF_StarSystem,6,8,15,,,,,
OneOFF_StarSystem_0486,4870,Gliese 488,Star System No. 486 has now been reached by the Wave Front: Gliese 488,FALSE,GY_ONEOFF,,,,47345.4875,2029,TRUE,TRUE,FALSE,OneOFF_StarSystem,6,8,15,,,,,
OneOFF_StarSystem_0487,4880,Delta Trianguli - A,Star System No. 487 has now been reached by the Wave Front: Delta Trianguli - A,FALSE,GY_ONEOFF,,,,47418.475,2029,TRUE,TRUE,FALSE,OneOFF_StarSystem,6,10,27,,,,,
OneOFF_StarSystem_0488,4890,Delta Trianguli - B,Star System No. 488 has now been reached by the Wave Front: Delta Trianguli - B,FALSE,GY_ONEOFF,,,,47418.49583,2029,TRUE,TRUE,FALSE,OneOFF_StarSystem,6,10,27,,,,,
OneOFF_StarSystem_0489,4900,L 34-26,Star System No. 489 has now been reached by the Wave Front: L 34-26,FALSE,GY_ONEOFF,,,,47462.305,2029,TRUE,TRUE,FALSE,OneOFF_StarSystem,6,12,10,,,,,
OneOFF_StarSystem_0490,4910,GJ 4063,Star System No. 490 has now been reached by the Wave Front: GJ 4063,FALSE,GY_ONEOFF,,,,47465.6653,2029,TRUE,TRUE,FALSE,OneOFF_StarSystem,6,12,13,,,,,
OneOFF_StarSystem_0491,4920,Beta Virginis (Zavijava),Star System No. 491 has now been reached by the Wave Front: Beta Virginis (Zavijava),FALSE,GY_ONEOFF,,,,47491.525,2030,TRUE,TRUE,FALSE,OneOFF_StarSystem,6,1,8,,,,,
OneOFF_StarSystem_0492,4930,Gliese 86 - A,Star System No. 492 has now been reached by the Wave Front: Gliese 86 - A,FALSE,GY_ONEOFF,,,,47491.54583,2030,TRUE,TRUE,FALSE,OneOFF_StarSystem,6,1,8,,,,,
OneOFF_StarSystem_0493,4940,Gliese 86 - B,Star System No. 493 has now been reached by the Wave Front: Gliese 86 - B,FALSE,GY_ONEOFF,,,,47491.56667,2030,TRUE,TRUE,FALSE,OneOFF_StarSystem,6,1,8,,,,,
OneOFF_StarSystem_0494,4950,SCR J1214-2345 - A,Star System No. 494 has now been reached by the Wave Front: SCR J1214-2345 - A,FALSE,GY_ONEOFF,,,,47524.3975,2030,TRUE,TRUE,FALSE,OneOFF_StarSystem,6,2,10,,,,,
OneOFF_StarSystem_0495,4960,SCR J1214-2345 - B,Star System No. 495 has now been reached by the Wave Front: SCR J1214-2345 - B,FALSE,GY_ONEOFF,,,,47524.41833,2030,TRUE,TRUE,FALSE,OneOFF_StarSystem,6,2,10,,,,,
OneOFF_StarSystem_0496,4970,G 239-25,Star System No. 496 has now been reached by the Wave Front: G 239-25,FALSE,GY_ONEOFF,,,,47553.6175,2030,TRUE,TRUE,FALSE,OneOFF_StarSystem,6,3,11,,,,,
OneOFF_StarSystem_0497,4980,HD 160346,Star System No. 497 has now been reached by the Wave Front: HD 160346,FALSE,GY_ONEOFF,,,,47593.795,2030,TRUE,TRUE,FALSE,OneOFF_StarSystem,6,4,20,,,,,
OneOFF_StarSystem_0498,4990,2MASS J19513587-3510375,Star System No. 498 has now been reached by the Wave Front: 2MASS J19513587-3510375,FALSE,GY_ONEOFF,,,,47593.81583,2030,TRUE,TRUE,FALSE,OneOFF_StarSystem,6,4,20,,,,,
OneOFF_StarSystem_0499,5000,WISE 2313-0837,Star System No. 499 has now been reached by the Wave Front: WISE 2313-0837,FALSE,GY_ONEOFF,,,,47601.1,2030,TRUE,TRUE,FALSE,OneOFF_StarSystem,6,4,28,,,,,
OneOFF_StarSystem_0500,5010,Gliese 438,Star System No. 500 has now been reached by the Wave Front: Gliese 438,FALSE,GY_ONEOFF,,,,47615.71,2030,TRUE,TRUE,FALSE,OneOFF_StarSystem,6,5,12,,,,,
OneOFF_StarSystem_0501,5020,L 369-44 - A,Star System No. 501 has now been reached by the Wave Front: L 369-44 - A,FALSE,GY_ONEOFF,,,,47698.987,2030,TRUE,TRUE,FALSE,OneOFF_StarSystem,6,8,3,,,,,
OneOFF_StarSystem_0502,5030,L 369-44 - B,Star System No. 502 has now been reached by the Wave Front: L 369-44 - B,FALSE,GY_ONEOFF,,,,47699.00783,2030,TRUE,TRUE,FALSE,OneOFF_StarSystem,6,8,4,,,,,
OneOFF_StarSystem_0503,5040,2MASS J16452211-1319516,Star System No. 503 has now been reached by the Wave Front: 2MASS J16452211-1319516,FALSE,GY_ONEOFF,,,,47707.0225,2030,TRUE,TRUE,FALSE,OneOFF_StarSystem,6,8,12,,,,,
OneOFF_StarSystem_0504,5050,Denebola (Beta Leonis),Star System No. 504 has now been reached by the Wave Front: Denebola (Beta Leonis),FALSE,GY_ONEOFF,,,,47710.675,2030,TRUE,TRUE,FALSE,OneOFF_StarSystem,6,8,15,,,,,
OneOFF_StarSystem_0505,5060,HR 6806 (HD 166620),Star System No. 505 has now been reached by the Wave Front: HR 6806 (HD 166620),FALSE,GY_ONEOFF,,,,47710.69583,2030,TRUE,TRUE,FALSE,OneOFF_StarSystem,6,8,15,,,,,
OneOFF_StarSystem_0506,5070,54 Piscium - A,Star System No. 506 has now been reached by the Wave Front: 54 Piscium - A,FALSE,GY_ONEOFF,,,,47710.71667,2030,TRUE,TRUE,FALSE,OneOFF_StarSystem,6,8,15,,,,,
OneOFF_StarSystem_0507,5080,54 Piscium - B,Star System No. 507 has now been reached by the Wave Front: 54 Piscium - B,FALSE,GY_ONEOFF,,,,47710.7375,2030,TRUE,TRUE,FALSE,OneOFF_StarSystem,6,8,15,,,,,
OneOFF_StarSystem_0508,5090,HIP 57050 (GJ 1148),Star System No. 508 has now been reached by the Wave Front: HIP 57050 (GJ 1148),FALSE,GY_ONEOFF,,,,47710.75833,2030,TRUE,TRUE,FALSE,OneOFF_StarSystem,6,8,15,,,,,
OneOFF_StarSystem_0509,5100,Gamma Serpentis,Star System No. 509 has now been reached by the Wave Front: Gamma Serpentis,FALSE,GY_ONEOFF,,,,47747.2,2030,TRUE,TRUE,FALSE,OneOFF_StarSystem,6,9,21,,,,,
OneOFF_StarSystem_0510,5110,HD 74576,Star System No. 510 has now been reached by the Wave Front: HD 74576,FALSE,GY_ONEOFF,,,,47747.22083,2030,TRUE,TRUE,FALSE,OneOFF_StarSystem,6,9,21,,,,,
OneOFF_StarSystem_0511,5120,HD 85512,Star System No. 511 has now been reached by the Wave Front: HD 85512,FALSE,GY_ONEOFF,,,,47783.725,2030,TRUE,TRUE,FALSE,OneOFF_StarSystem,6,10,27,,,,,
OneOFF_StarSystem_0512,5130,Gliese 325 - A,Star System No. 512 has now been reached by the Wave Front: Gliese 325 - A,FALSE,GY_ONEOFF,,,,47783.74583,2030,TRUE,TRUE,FALSE,OneOFF_StarSystem,6,10,27,,,,,
OneOFF_StarSystem_0513,5140,Gliese 325 - B,Star System No. 513 has now been reached by the Wave Front: Gliese 325 - B,FALSE,GY_ONEOFF,,,,47783.76667,2030,TRUE,TRUE,FALSE,OneOFF_StarSystem,6,10,27,,,,,
OneOFF_StarSystem_0514,5150,WD 0810–353 (UPM J0812-3529),Star System No. 514 has now been reached by the Wave Front: WD 0810–353 (UPM J0812-3529),FALSE,GY_ONEOFF,,,,47797.96975,2030,TRUE,TRUE,FALSE,OneOFF_StarSystem,6,11,10,,,,,
OneOFF_StarSystem_0515,5160,11 Leonis Minoris - A,Star System No. 515 has now been reached by the Wave Front: 11 Leonis Minoris - A,FALSE,GY_ONEOFF,,,,47820.25,2030,TRUE,TRUE,FALSE,OneOFF_StarSystem,6,12,3,,,,,
OneOFF_StarSystem_0516,5170,11 Leonis Minoris - B,Star System No. 516 has now been reached by the Wave Front: 11 Leonis Minoris - B,FALSE,GY_ONEOFF,,,,47820.27083,2030,TRUE,TRUE,FALSE,OneOFF_StarSystem,6,12,3,,,,,
OneOFF_StarSystem_0517,5180,WISE 0325+0831,Star System No. 517 has now been reached by the Wave Front: WISE 0325+0831,FALSE,GY_ONEOFF,,,,47820.29167,2030,TRUE,TRUE,FALSE,OneOFF_StarSystem,6,12,3,,,,,
OneOFF_StarSystem_0518,5190,Theta Persei$ - A,Star System No. 518 has now been reached by the Wave Front: Theta Persei$ - A,FALSE,GY_ONEOFF,,,,47856.775,2031,TRUE,TRUE,FALSE,OneOFF_StarSystem,6,1,8,,,,,
OneOFF_StarSystem_0519,5200,Theta Persei$ - B,Star System No. 519 has now been reached by the Wave Front: Theta Persei$ - B,FALSE,GY_ONEOFF,,,,47856.79583,2031,TRUE,TRUE,FALSE,OneOFF_StarSystem,6,1,8,,,,,
OneOFF_StarSystem_0520,5210,HD 115404 - A,Star System No. 520 has now been reached by the Wave Front: HD 115404 - A,FALSE,GY_ONEOFF,,,,47856.81667,2031,TRUE,TRUE,FALSE,OneOFF_StarSystem,6,1,8,,,,,
OneOFF_StarSystem_0521,5220,HD 115404 - B,Star System No. 521 has now been reached by the Wave Front: HD 115404 - B,FALSE,GY_ONEOFF,,,,47856.8375,2031,TRUE,TRUE,FALSE,OneOFF_StarSystem,6,1,8,,,,,
OneOFF_StarSystem_0522,5230,Arcturus (Alpha Boötes),Star System No. 522 has now been reached by the Wave Front: Arcturus (Alpha Boötes),FALSE,GY_ONEOFF,,,,47893.3,2031,TRUE,TRUE,FALSE,OneOFF_StarSystem,6,2,14,,,,,
OneOFF_StarSystem_0523,5240,ADS 48 - A,Star System No. 523 has now been reached by the Wave Front: ADS 48 - A,FALSE,GY_ONEOFF,,,,47893.32083,2031,TRUE,TRUE,FALSE,OneOFF_StarSystem,6,2,14,,,,,
OneOFF_StarSystem_0524,5250,ADS 48 - B,Star System No. 524 has now been reached by the Wave Front: ADS 48 - B,FALSE,GY_ONEOFF,,,,47893.34167,2031,TRUE,TRUE,FALSE,OneOFF_StarSystem,6,2,14,,,,,
OneOFF_StarSystem_0525,5260,G 107-69/70 - A,Star System No. 525 has now been reached by the Wave Front: G 107-69/70 - A,FALSE,GY_ONEOFF,,,,47915.215,2031,TRUE,TRUE,FALSE,OneOFF_StarSystem,6,3,8,,,,,
OneOFF_StarSystem_0526,5270,G 107-69/70 - B,Star System No. 526 has now been reached by the Wave Front: G 107-69/70 - B,FALSE,GY_ONEOFF,,,,47915.23583,2031,TRUE,TRUE,FALSE,OneOFF_StarSystem,6,3,8,,,,,
OneOFF_StarSystem_0527,5280,G 107-69/70 - C,Star System No. 527 has now been reached by the Wave Front: G 107-69/70 - C,FALSE,GY_ONEOFF,,,,47915.25667,2031,TRUE,TRUE,FALSE,OneOFF_StarSystem,6,3,8,,,,,
OneOFF_StarSystem_0528,5290,WISE 0038+2768,Star System No. 528 has now been reached by the Wave Front: WISE 0038+2768,FALSE,GY_ONEOFF,,,,47966.35,2031,TRUE,TRUE,FALSE,OneOFF_StarSystem,6,4,28,,,,,
OneOFF_StarSystem_0529,5300,Eta Boötis (Muphrid),Star System No. 529 has now been reached by the Wave Front: Eta Boötis (Muphrid),FALSE,GY_ONEOFF,,,,48002.875,2031,TRUE,TRUE,FALSE,OneOFF_StarSystem,6,6,3,,,,,
OneOFF_StarSystem_0530,5310,Gliese 208,Star System No. 530 has now been reached by the Wave Front: Gliese 208,FALSE,GY_ONEOFF,,,,48039.4,2031,TRUE,TRUE,FALSE,OneOFF_StarSystem,6,7,10,,,,,
OneOFF_StarSystem_0531,5320,Gliese 902,Star System No. 531 has now been reached by the Wave Front: Gliese 902,FALSE,GY_ONEOFF,,,,48075.925,2031,TRUE,TRUE,FALSE,OneOFF_StarSystem,6,8,15,,,,,
OneOFF_StarSystem_0532,5330,WISE 0627-1114,Star System No. 532 has now been reached by the Wave Front: WISE 0627-1114,FALSE,GY_ONEOFF,,,,48075.94583,2031,TRUE,TRUE,FALSE,OneOFF_StarSystem,6,8,15,,,,,
OneOFF_StarSystem_0533,5340,WISE 1959-3338,Star System No. 533 has now been reached by the Wave Front: WISE 1959-3338,FALSE,GY_ONEOFF,,,,48075.96667,2031,TRUE,TRUE,FALSE,OneOFF_StarSystem,6,8,15,,,,,
OneOFF_StarSystem_0534,5350,Gliese 169,Star System No. 534 has now been reached by the Wave Front: Gliese 169,FALSE,GY_ONEOFF,,,,48148.975,2031,TRUE,TRUE,FALSE,OneOFF_StarSystem,6,10,27,,,,,
OneOFF_StarSystem_0535,5360,WISE 0623-0456,Star System No. 535 has now been reached by the Wave Front: WISE 0623-0456,FALSE,GY_ONEOFF,,,,48185.5,2031,TRUE,TRUE,FALSE,OneOFF_StarSystem,6,12,3,,,,,
OneOFF_StarSystem_0536,5370,WISE 2325-4105,Star System No. 536 has now been reached by the Wave Front: WISE 2325-4105,FALSE,GY_ONEOFF,,,,48185.52083,2031,TRUE,TRUE,FALSE,OneOFF_StarSystem,6,12,3,,,,,
OneOFF_StarSystem_0537,5380,ADS 48 F,Star System No. 537 has now been reached by the Wave Front: ADS 48 F,FALSE,GY_ONEOFF,,,,48189.1525,2031,TRUE,TRUE,FALSE,OneOFF_StarSystem,6,12,7,,,,,
OneOFF_StarSystem_0538,5390,HR 5553 (DE Boötis),Star System No. 538 has now been reached by the Wave Front: HR 5553 (DE Boötis),FALSE,GY_ONEOFF,,,,48222.025,2032,TRUE,TRUE,FALSE,OneOFF_StarSystem,6,1,9,,,,,
OneOFF_StarSystem_0539,5400,WISE 2340-0745,Star System No. 539 has now been reached by the Wave Front: WISE 2340-0745,FALSE,GY_ONEOFF,,,,48295.075,2032,TRUE,TRUE,FALSE,OneOFF_StarSystem,6,3,22,,,,,
OneOFF_StarSystem_0540,5410,Gliese 3417,Star System No. 540 has now been reached by the Wave Front: Gliese 3417,FALSE,GY_ONEOFF,,,,48324.295,2032,TRUE,TRUE,FALSE,OneOFF_StarSystem,6,4,20,,,,,
OneOFF_StarSystem_0541,5420,Zeta Doradus$ - A,Star System No. 541 has now been reached by the Wave Front: Zeta Doradus$ - A,FALSE,GY_ONEOFF,,,,48368.125,2032,TRUE,TRUE,FALSE,OneOFF_StarSystem,6,6,3,,,,,
OneOFF_StarSystem_0542,5430,Zeta Doradus$ - B,Star System No. 542 has now been reached by the Wave Front: Zeta Doradus$ - B,FALSE,GY_ONEOFF,,,,48368.14583,2032,TRUE,TRUE,FALSE,OneOFF_StarSystem,6,6,3,,,,,
OneOFF_StarSystem_0543,5440,SCR J0640-0552,Star System No. 543 has now been reached by the Wave Front: SCR J0640-0552,FALSE,GY_ONEOFF,,,,48382.735,2032,TRUE,TRUE,FALSE,OneOFF_StarSystem,6,6,17,,,,,
OneOFF_StarSystem_0544,5450,SSSPM J0829-1309,Star System No. 544 has now been reached by the Wave Front: SSSPM J0829-1309,FALSE,GY_ONEOFF,,,,48414.877,2032,TRUE,TRUE,FALSE,OneOFF_StarSystem,6,7,19,,,,,
OneOFF_StarSystem_0545,5460,Iota Pegasi$ - A,Star System No. 545 has now been reached by the Wave Front: Iota Pegasi$ - A,FALSE,GY_ONEOFF,,,,48477.7,2032,TRUE,TRUE,FALSE,OneOFF_StarSystem,6,9,20,,,,,
OneOFF_StarSystem_0546,5470,Iota Pegasi$ - B,Star System No. 546 has now been reached by the Wave Front: Iota Pegasi$ - B,FALSE,GY_ONEOFF,,,,48477.72083,2032,TRUE,TRUE,FALSE,OneOFF_StarSystem,6,9,20,,,,,
OneOFF_StarSystem_0547,5480,Lambda Serpentis,Star System No. 547 has now been reached by the Wave Front: Lambda Serpentis,FALSE,GY_ONEOFF,,,,48477.74167,2032,TRUE,TRUE,FALSE,OneOFF_StarSystem,6,9,20,,,,,
OneOFF_StarSystem_0548,5490,Gliese 773.6,Star System No. 548 has now been reached by the Wave Front: Gliese 773.6,FALSE,GY_ONEOFF,,,,48550.75,2032,TRUE,TRUE,FALSE,OneOFF_StarSystem,6,12,2,,,,,
OneOFF_StarSystem_0549,5500,WISE J1206+8401,Star System No. 549 has now been reached by the Wave Front: WISE J1206+8401,FALSE,GY_ONEOFF,,,,48550.77083,2032,TRUE,TRUE,FALSE,OneOFF_StarSystem,6,12,2,,,,,
OneOFF_StarSystem_0550,5510,Delta Capricorni (Deneb Algedi),Star System No. 550 has now been reached by the Wave Front: Delta Capricorni (Deneb Algedi),FALSE,GY_ONEOFF,,,,48587.275,2033,TRUE,TRUE,FALSE,OneOFF_StarSystem,6,1,8,,,,,
OneOFF_StarSystem_0551,5520,HD 125072,Star System No. 551 has now been reached by the Wave Front: HD 125072,FALSE,GY_ONEOFF,,,,48587.29583,2033,TRUE,TRUE,FALSE,OneOFF_StarSystem,6,1,8,,,,,
OneOFF_StarSystem_0552,5530,L 43-72,Star System No. 552 has now been reached by the Wave Front: L 43-72,FALSE,GY_ONEOFF,,,,48609.19,2033,TRUE,TRUE,FALSE,OneOFF_StarSystem,6,1,30,,,,,
OneOFF_StarSystem_0553,5540,Gamma Virginis (Porrima)$ - A,Star System No. 553 has now been reached by the Wave Front: Gamma Virginis (Porrima)$ - A,FALSE,GY_ONEOFF,,,,48623.8,2033,TRUE,TRUE,FALSE,OneOFF_StarSystem,6,2,13,,,,,
OneOFF_StarSystem_0554,5550,Gamma Virginis (Porrima)$ - B,Star System No. 554 has now been reached by the Wave Front: Gamma Virginis (Porrima)$ - B,FALSE,GY_ONEOFF,,,,48623.82083,2033,TRUE,TRUE,FALSE,OneOFF_StarSystem,6,2,13,,,,,
OneOFF_StarSystem_0555,5560,L 449-1,Star System No. 555 has now been reached by the Wave Front: L 449-1,FALSE,GY_ONEOFF,,,,48623.84167,2033,TRUE,TRUE,FALSE,OneOFF_StarSystem,6,2,13,,,,,
OneOFF_StarSystem_0556,5570,WISE 0759-4904,Star System No. 556 has now been reached by the Wave Front: WISE 0759-4904,FALSE,GY_ONEOFF,,,,48660.325,2033,TRUE,TRUE,FALSE,OneOFF_StarSystem,6,3,22,,,,,
OneOFF_StarSystem_0557,5580,Gliese 414 B (GJ 414),Star System No. 557 has now been reached by the Wave Front: Gliese 414 B (GJ 414),FALSE,GY_ONEOFF,,,,48623.8625,2033,TRUE,TRUE,FALSE,OneOFF_StarSystem,6,2,13,,,,,
OneOFF_StarSystem_0558,5590,Gliese 414 A (GJ 414),Star System No. 558 has now been reached by the Wave Front: Gliese 414 A (GJ 414),FALSE,GY_ONEOFF,,,,48645.715,2033,TRUE,TRUE,FALSE,OneOFF_StarSystem,6,3,7,,,,,
OneOFF_StarSystem_0559,5600,WISE 0751-7634,Star System No. 559 has now been reached by the Wave Front: WISE 0751-7634,FALSE,GY_ONEOFF,,,,48769.9,2033,TRUE,TRUE,FALSE,OneOFF_StarSystem,6,7,9,,,,,
OneOFF_StarSystem_0560,5610,G 180-060,Star System No. 560 has now been reached by the Wave Front: G 180-060,FALSE,GY_ONEOFF,,,,48806.425,2033,TRUE,TRUE,FALSE,OneOFF_StarSystem,6,8,15,,,,,
OneOFF_StarSystem_0561,5620,Gliese 806,Star System No. 561 has now been reached by the Wave Front: Gliese 806,FALSE,GY_ONEOFF,,,,48860.482,2033,TRUE,TRUE,FALSE,OneOFF_StarSystem,6,10,8,,,,,
OneOFF_StarSystem_0562,5630,Zeta Reticuli - A,Star System No. 562 has now been reached by the Wave Front: Zeta Reticuli - A,FALSE,GY_ONEOFF,,,,48879.475,2033,TRUE,TRUE,FALSE,OneOFF_StarSystem,6,10,27,,,,,
OneOFF_StarSystem_0563,5640,Zeta Reticuli - B,Star System No. 563 has now been reached by the Wave Front: Zeta Reticuli - B,FALSE,GY_ONEOFF,,,,48879.49583,2033,TRUE,TRUE,FALSE,OneOFF_StarSystem,6,10,27,,,,,
OneOFF_StarSystem_0564,5650,Zeta Trianguli Australis,Star System No. 564 has now been reached by the Wave Front: Zeta Trianguli Australis,FALSE,GY_ONEOFF,,,,48916,2033,TRUE,TRUE,FALSE,OneOFF_StarSystem,6,12,3,,,,,
OneOFF_StarSystem_0565,5660,85 Pegasi - A,Star System No. 565 has now been reached by the Wave Front: 85 Pegasi - A,FALSE,GY_ONEOFF,,,,48916.02083,2033,TRUE,TRUE,FALSE,OneOFF_StarSystem,6,12,3,,,,,
OneOFF_StarSystem_0566,5670,85 Pegasi - B,Star System No. 566 has now been reached by the Wave Front: 85 Pegasi - B,FALSE,GY_ONEOFF,,,,48916.04167,2033,TRUE,TRUE,FALSE,OneOFF_StarSystem,6,12,3,,,,,
OneOFF_StarSystem_0567,5680,Gliese 798,Star System No. 567 has now been reached by the Wave Front: Gliese 798,FALSE,GY_ONEOFF,,,,48916.0625,2033,TRUE,TRUE,FALSE,OneOFF_StarSystem,6,12,3,,,,,
OneOFF_StarSystem_0568,5690,Gliese 180 (GJ 180),Star System No. 568 has now been reached by the Wave Front: Gliese 180 (GJ 180),FALSE,GY_ONEOFF,,,,48916.08333,2033,TRUE,TRUE,FALSE,OneOFF_StarSystem,6,12,3,,,,,
OneOFF_StarSystem_0569,5700,TRAPPIST-1,Star System No. 569 has now been reached by the Wave Front: TRAPPIST-1,FALSE,GY_ONEOFF,,,,48916.10417,2033,TRUE,TRUE,FALSE,OneOFF_StarSystem,6,12,3,,,,,
OneOFF_StarSystem_0570,5710,WISE 1653+4444,Star System No. 570 has now been reached by the Wave Front: WISE 1653+4444,FALSE,GY_ONEOFF,,,,48916.125,2033,TRUE,TRUE,FALSE,OneOFF_StarSystem,6,12,3,,,,,
OneOFF_StarSystem_0571,5720,Gliese 3304,Star System No. 571 has now been reached by the Wave Front: Gliese 3304,FALSE,GY_ONEOFF,,,,48926.9575,2033,TRUE,TRUE,FALSE,OneOFF_StarSystem,6,12,13,,,,,
OneOFF_StarSystem_0572,5730,HR 3384 (11 G. Pyxidis),Star System No. 572 has now been reached by the Wave Front: HR 3384 (11 G. Pyxidis),FALSE,GY_ONEOFF,,,,48989.05,2034,TRUE,TRUE,FALSE,OneOFF_StarSystem,6,2,14,,,,,
OneOFF_StarSystem_0573,5740,V538 Aurigae,Star System No. 573 has now been reached by the Wave Front: V538 Aurigae,FALSE,GY_ONEOFF,,,,49062.1,2034,TRUE,TRUE,FALSE,OneOFF_StarSystem,6,4,28,,,,,
OneOFF_StarSystem_0574,5750,Gliese 179,Star System No. 574 has now been reached by the Wave Front: Gliese 179,FALSE,GY_ONEOFF,,,,49135.15,2034,TRUE,TRUE,FALSE,OneOFF_StarSystem,6,7,10,,,,,
OneOFF_StarSystem_0575,5760,Beta Trianguli Australis,Star System No. 575 has now been reached by the Wave Front: Beta Trianguli Australis,FALSE,GY_ONEOFF,,,,49171.675,2034,TRUE,TRUE,FALSE,OneOFF_StarSystem,6,8,15,,,,,
OneOFF_StarSystem_0576,5770,Gliese 806,Star System No. 576 has now been reached by the Wave Front: Gliese 806,FALSE,GY_ONEOFF,,,,49171.69583,2034,TRUE,TRUE,FALSE,OneOFF_StarSystem,6,8,15,,,,,
OneOFF_StarSystem_0577,5780,55 Cancri (Rho¹ Cancri/Copernicus) - A,Star System No. 577 has now been reached by the Wave Front: 55 Cancri (Rho¹ Cancri/Copernicus) - A,FALSE,GY_ONEOFF,,,,49189.9375,2034,TRUE,TRUE,FALSE,OneOFF_StarSystem,6,9,2,,,,,
OneOFF_StarSystem_0578,5790,55 Cancri (Rho¹ Cancri/Copernicus) - B,Star System No. 578 has now been reached by the Wave Front: 55 Cancri (Rho¹ Cancri/Copernicus) - B,FALSE,GY_ONEOFF,,,,49189.95833,2034,TRUE,TRUE,FALSE,OneOFF_StarSystem,6,9,2,,,,,
OneOFF_StarSystem_0579,5800,Gliese 435,Star System No. 579 has now been reached by the Wave Front: Gliese 435,FALSE,GY_ONEOFF,,,,49390.825,2035,TRUE,TRUE,FALSE,OneOFF_StarSystem,6,3,22,,,,,
OneOFF_StarSystem_0580,5810,Gliese 4360 - A,Star System No. 580 has now been reached by the Wave Front: Gliese 4360 - A,FALSE,GY_ONEOFF,,,,49379.8675,2035,TRUE,TRUE,FALSE,OneOFF_StarSystem,6,3,11,,,,,
OneOFF_StarSystem_0581,5820,Gliese 4360 - B,Star System No. 581 has now been reached by the Wave Front: Gliese 4360 - B,FALSE,GY_ONEOFF,,,,49379.88833,2035,TRUE,TRUE,FALSE,OneOFF_StarSystem,6,3,11,,,,,
OneOFF_StarSystem_0582,5830,WISE 1051-2138,Star System No. 582 has now been reached by the Wave Front: WISE 1051-2138,FALSE,GY_ONEOFF,,,,49390.84583,2035,TRUE,TRUE,FALSE,OneOFF_StarSystem,6,3,22,,,,,
OneOFF_StarSystem_0583,5840,WISE J0457-0207,Star System No. 583 has now been reached by the Wave Front: WISE J0457-0207,FALSE,GY_ONEOFF,,,,49390.86667,2035,TRUE,TRUE,FALSE,OneOFF_StarSystem,6,3,22,,,,,
OneOFF_StarSystem_0584,5850,LHS 1140,Star System No. 584 has now been reached by the Wave Front: LHS 1140,FALSE,GY_ONEOFF,,,,49463.875,2035,TRUE,TRUE,FALSE,OneOFF_StarSystem,6,6,3,,,,,
OneOFF_StarSystem_0585,5860,HD 69830,Star System No. 585 has now been reached by the Wave Front: HD 69830,FALSE,GY_ONEOFF,,,,49463.89583,2035,TRUE,TRUE,FALSE,OneOFF_StarSystem,6,6,3,,,,,
OneOFF_StarSystem_0586,5870,ULAS J0034-00,Star System No. 586 has now been reached by the Wave Front: ULAS J0034-00,FALSE,GY_ONEOFF,,,,49463.91667,2035,TRUE,TRUE,FALSE,OneOFF_StarSystem,6,6,3,,,,,
OneOFF_StarSystem_0587,5880,WISE 1542+2230,Star System No. 587 has now been reached by the Wave Front: WISE 1542+2230,FALSE,GY_ONEOFF,,,,49500.4,2035,TRUE,TRUE,FALSE,OneOFF_StarSystem,6,7,10,,,,,
OneOFF_StarSystem_0588,5890,Gliese 1132,Star System No. 588 has now been reached by the Wave Front: Gliese 1132,FALSE,GY_ONEOFF,,,,49518.6625,2035,TRUE,TRUE,FALSE,OneOFF_StarSystem,6,7,28,,,,,
OneOFF_StarSystem_0589,5900,HR 483 - A,Star System No. 589 has now been reached by the Wave Front: HR 483 - A,FALSE,GY_ONEOFF,,,,49536.925,2035,TRUE,TRUE,FALSE,OneOFF_StarSystem,6,8,15,,,,,
OneOFF_StarSystem_0590,5910,HR 483 - B,Star System No. 590 has now been reached by the Wave Front: HR 483 - B,FALSE,GY_ONEOFF,,,,49536.94583,2035,TRUE,TRUE,FALSE,OneOFF_StarSystem,6,8,15,,,,,
OneOFF_StarSystem_0591,5920,Lambda Aurigae (Al Hurr),Star System No. 591 has now been reached by the Wave Front: Lambda Aurigae (Al Hurr),FALSE,GY_ONEOFF,,,,49536.96667,2035,TRUE,TRUE,FALSE,OneOFF_StarSystem,6,8,15,,,,,
OneOFF_StarSystem_0592,5930,Gliese 142,Star System No. 592 has now been reached by the Wave Front: Gliese 142,FALSE,GY_ONEOFF,,,,49536.9875,2035,TRUE,TRUE,FALSE,OneOFF_StarSystem,6,8,15,,,,,
OneOFF_StarSystem_0593,5940,HD 175224,Star System No. 593 has now been reached by the Wave Front: HD 175224,FALSE,GY_ONEOFF,,,,49537.00833,2035,TRUE,TRUE,FALSE,OneOFF_StarSystem,6,8,16,,,,,
OneOFF_StarSystem_0594,5950,Innes' star,Star System No. 594 has now been reached by the Wave Front: Innes' star,FALSE,GY_ONEOFF,,,,49573.45,2035,TRUE,TRUE,FALSE,OneOFF_StarSystem,6,9,21,,,,,
OneOFF_StarSystem_0595,5960,HD 14412,Star System No. 595 has now been reached by the Wave Front: HD 14412,FALSE,GY_ONEOFF,,,,49609.975,2035,TRUE,TRUE,FALSE,OneOFF_StarSystem,6,10,27,,,,,
OneOFF_StarSystem_0596,5970,Gliese 349,Star System No. 596 has now been reached by the Wave Front: Gliese 349,FALSE,GY_ONEOFF,,,,49609.99583,2035,TRUE,TRUE,FALSE,OneOFF_StarSystem,6,10,27,,,,,
OneOFF_StarSystem_0597,5980,44 Boötis (i Boötis/Quadrans) - A,Star System No. 597 has now been reached by the Wave Front: 44 Boötis (i Boötis/Quadrans) - A,FALSE,GY_ONEOFF,,,,49683.025,2036,TRUE,TRUE,FALSE,OneOFF_StarSystem,6,1,9,,,,,
OneOFF_StarSystem_0598,5990,44 Boötis (i Boötis/Quadrans) - B,Star System No. 598 has now been reached by the Wave Front: 44 Boötis (i Boötis/Quadrans) - B,FALSE,GY_ONEOFF,,,,49683.04583,2036,TRUE,TRUE,FALSE,OneOFF_StarSystem,6,1,9,,,,,
OneOFF_StarSystem_0599,6000,2MASS J0523-1403,Star System No. 599 has now been reached by the Wave Front: 2MASS J0523-1403,FALSE,GY_ONEOFF,,,,49690.33,2036,TRUE,TRUE,FALSE,OneOFF_StarSystem,6,1,16,,,,,
OneOFF_StarSystem_0600,6010,HD 158633,Star System No. 600 has now been reached by the Wave Front: HD 158633,FALSE,GY_ONEOFF,,,,49719.55,2036,TRUE,TRUE,FALSE,OneOFF_StarSystem,6,2,14,,,,,
OneOFF_StarSystem_0601,6020,Gliese 3707,Star System No. 601 has now been reached by the Wave Front: Gliese 3707,FALSE,GY_ONEOFF,,,,49737.8125,2036,TRUE,TRUE,FALSE,OneOFF_StarSystem,6,3,3,,,,,
OneOFF_StarSystem_0602,6030,HD 40307,Star System No. 602 has now been reached by the Wave Front: HD 40307,FALSE,GY_ONEOFF,,,,49756.075,2036,TRUE,TRUE,FALSE,OneOFF_StarSystem,6,3,22,,,,,
OneOFF_StarSystem_0603,6040,36 Ursae Majoris,Star System No. 603 has now been reached by the Wave Front: 36 Ursae Majoris,FALSE,GY_ONEOFF,,,,49792.6,2036,TRUE,TRUE,FALSE,OneOFF_StarSystem,6,4,27,,,,,
OneOFF_StarSystem_0604,6050,HD 147513,Star System No. 604 has now been reached by the Wave Front: HD 147513,FALSE,GY_ONEOFF,,,,49829.125,2036,TRUE,TRUE,FALSE,OneOFF_StarSystem,6,6,3,,,,,
OneOFF_StarSystem_0605,6060,Gliese 428,Star System No. 605 has now been reached by the Wave Front: Gliese 428,FALSE,GY_ONEOFF,,,,49829.14583,2036,TRUE,TRUE,FALSE,OneOFF_StarSystem,6,6,3,,,,,
OneOFF_StarSystem_0606,6070,WISE 0857+5604,Star System No. 606 has now been reached by the Wave Front: WISE 0857+5604,FALSE,GY_ONEOFF,,,,49865.65,2036,TRUE,TRUE,FALSE,OneOFF_StarSystem,6,7,9,,,,,
OneOFF_StarSystem_0607,6080,HD 104304 - A,Star System No. 607 has now been reached by the Wave Front: HD 104304 - A,FALSE,GY_ONEOFF,,,,49865.67083,2036,TRUE,TRUE,FALSE,OneOFF_StarSystem,6,7,9,,,,,
OneOFF_StarSystem_0608,6090,HD 104304 - B,Star System No. 608 has now been reached by the Wave Front: HD 104304 - B,FALSE,GY_ONEOFF,,,,49865.69167,2036,TRUE,TRUE,FALSE,OneOFF_StarSystem,6,7,9,,,,,
OneOFF_StarSystem_0609,6100,Capella (Alpha Aurigae) - Aa,Star System No. 609 has now been reached by the Wave Front: Capella (Alpha Aurigae) - Aa,FALSE,GY_ONEOFF,,,,50164.78975,2037,TRUE,TRUE,FALSE,OneOFF_StarSystem,6,5,4,,,,,
OneOFF_StarSystem_0610,6110,Capella (Alpha Aurigae) - Ab,Star System No. 610 has now been reached by the Wave Front: Capella (Alpha Aurigae) - Ab,FALSE,GY_ONEOFF,,,,50164.81058,2037,TRUE,TRUE,FALSE,OneOFF_StarSystem,6,5,4,,,,,
OneOFF_StarSystem_0611,6120,Capella (Alpha Aurigae) - H,Star System No. 611 has now been reached by the Wave Front: Capella (Alpha Aurigae) - H,FALSE,GY_ONEOFF,,,,50384.305,2037,TRUE,TRUE,FALSE,OneOFF_StarSystem,6,12,10,,,,,
OneOFF_StarSystem_0612,6130,Capella (Alpha Aurigae) - L,Star System No. 612 has now been reached by the Wave Front: Capella (Alpha Aurigae) - L,FALSE,GY_ONEOFF,,,,50333.17,2037,TRUE,TRUE,FALSE,OneOFF_StarSystem,6,10,20,,,,,
OneOFF_StarSystem_0613,6140,Wolf 1473,Star System No. 613 has now been reached by the Wave Front: Wolf 1473,FALSE,GY_ONEOFF,,,,49924.09,2036,TRUE,TRUE,FALSE,OneOFF_StarSystem,6,9,6,,,,,
OneOFF_StarSystem_0614,6150,Gliese 204,Star System No. 614 has now been reached by the Wave Front: Gliese 204,FALSE,GY_ONEOFF,,,,49938.7,2036,TRUE,TRUE,FALSE,OneOFF_StarSystem,6,9,20,,,,,
OneOFF_StarSystem_0615,6160,HD 166348,Star System No. 615 has now been reached by the Wave Front: HD 166348,FALSE,GY_ONEOFF,,,,49938.72083,2036,TRUE,TRUE,FALSE,OneOFF_StarSystem,6,9,20,,,,,
OneOFF_StarSystem_0616,6170,WISE 2019-1148,Star System No. 616 has now been reached by the Wave Front: WISE 2019-1148,FALSE,GY_ONEOFF,,,,49975.225,2036,TRUE,TRUE,FALSE,OneOFF_StarSystem,6,10,27,,,,,
OneOFF_StarSystem_0617,6180,HD 172051,Star System No. 617 has now been reached by the Wave Front: HD 172051,FALSE,GY_ONEOFF,,,,49975.24583,2036,TRUE,TRUE,FALSE,OneOFF_StarSystem,6,10,27,,,,,
OneOFF_StarSystem_0618,6190,Gliese 521,Star System No. 618 has now been reached by the Wave Front: Gliese 521,FALSE,GY_ONEOFF,,,,49975.26667,2036,TRUE,TRUE,FALSE,OneOFF_StarSystem,6,10,27,,,,,
OneOFF_StarSystem_0619,6200,GRW +70 8247,Star System No. 619 has now been reached by the Wave Front: GRW +70 8247,FALSE,GY_ONEOFF,,,,49975.2875,2036,TRUE,TRUE,FALSE,OneOFF_StarSystem,6,10,27,,,,,
OneOFF_StarSystem_0620,6210,Gliese 1001 - A,Star System No. 620 has now been reached by the Wave Front: Gliese 1001 - A,FALSE,GY_ONEOFF,,,,49989.835,2036,TRUE,TRUE,FALSE,OneOFF_StarSystem,6,11,10,,,,,
OneOFF_StarSystem_0621,6220,Gliese 1001 - B,Star System No. 621 has now been reached by the Wave Front: Gliese 1001 - B,FALSE,GY_ONEOFF,,,,49989.85583,2036,TRUE,TRUE,FALSE,OneOFF_StarSystem,6,11,10,,,,,
OneOFF_StarSystem_0622,6230,WISE 2134-7137,Star System No. 622 has now been reached by the Wave Front: WISE 2134-7137,FALSE,GY_ONEOFF,,,,50084.8,2037,TRUE,TRUE,FALSE,OneOFF_StarSystem,6,2,13,,,,,
OneOFF_StarSystem_0623,6240,WISE 2359-7335,Star System No. 623 has now been reached by the Wave Front: WISE 2359-7335,FALSE,GY_ONEOFF,,,,50084.82083,2037,TRUE,TRUE,FALSE,OneOFF_StarSystem,6,2,13,,,,,
OneOFF_StarSystem_0624,6250,Gliese 167,Star System No. 624 has now been reached by the Wave Front: Gliese 167,FALSE,GY_ONEOFF,,,,50084.84167,2037,TRUE,TRUE,FALSE,OneOFF_StarSystem,6,2,13,,,,,
OneOFF_StarSystem_0625,6260,HD 190007,Star System No. 625 has now been reached by the Wave Front: HD 190007,FALSE,GY_ONEOFF,,,,50121.325,2037,TRUE,TRUE,FALSE,OneOFF_StarSystem,6,3,22,,,,,
OneOFF_StarSystem_0626,6270,SZ Crateris,Star System No. 626 has now been reached by the Wave Front: SZ Crateris,FALSE,GY_ONEOFF,,,,50157.85,2037,TRUE,TRUE,FALSE,OneOFF_StarSystem,6,4,27,,,,,
OneOFF_StarSystem_0627,6280,HD 170657,Star System No. 627 has now been reached by the Wave Front: HD 170657,FALSE,GY_ONEOFF,,,,50230.9,2037,TRUE,TRUE,FALSE,OneOFF_StarSystem,6,7,9,,,,,
OneOFF_StarSystem_0628,6290,58 Eridani,Star System No. 628 has now been reached by the Wave Front: 58 Eridani,FALSE,GY_ONEOFF,,,,50340.475,2037,TRUE,TRUE,FALSE,OneOFF_StarSystem,6,10,27,,,,,
OneOFF_StarSystem_0629,6300,CW Ursae Majoris,Star System No. 629 has now been reached by the Wave Front: CW Ursae Majoris,FALSE,GY_ONEOFF,,,,50413.525,2038,TRUE,TRUE,FALSE,OneOFF_StarSystem,6,1,8,,,,,
OneOFF_StarSystem_0630,6310,Gliese 146,Star System No. 630 has now been reached by the Wave Front: Gliese 146,FALSE,GY_ONEOFF,,,,50413.54583,2038,TRUE,TRUE,FALSE,OneOFF_StarSystem,6,1,8,,,,,
OneOFF_StarSystem_0631,6320,Gliese 1267,Star System No. 631 has now been reached by the Wave Front: Gliese 1267,FALSE,GY_ONEOFF,,,,50413.56667,2038,TRUE,TRUE,FALSE,OneOFF_StarSystem,6,1,8,,,,,
OneOFF_StarSystem_0632,6330,Gliese 556,Star System No. 632 has now been reached by the Wave Front: Gliese 556,FALSE,GY_ONEOFF,,,,50486.575,2038,TRUE,TRUE,FALSE,OneOFF_StarSystem,6,3,22,,,,,
OneOFF_StarSystem_0633,6340,Gliese 69,Star System No. 633 has now been reached by the Wave Front: Gliese 69,FALSE,GY_ONEOFF,,,,50486.59583,2038,TRUE,TRUE,FALSE,OneOFF_StarSystem,6,3,22,,,,,
OneOFF_StarSystem_0634,6350,Upsilon Andromedae (Titawin) - A,Star System No. 634 has now been reached by the Wave Front: Upsilon Andromedae (Titawin) - A,FALSE,GY_ONEOFF,,,,50523.1,2038,TRUE,TRUE,FALSE,OneOFF_StarSystem,6,4,28,,,,,
OneOFF_StarSystem_0635,6360,Upsilon Andromedae (Titawin) - B,Star System No. 635 has now been reached by the Wave Front: Upsilon Andromedae (Titawin) - B,FALSE,GY_ONEOFF,,,,50523.12083,2038,TRUE,TRUE,FALSE,OneOFF_StarSystem,6,4,28,,,,,
OneOFF_StarSystem_0636,6370,Theta Ursae Majoris (Alhaud),Star System No. 636 has now been reached by the Wave Front: Theta Ursae Majoris (Alhaud),FALSE,GY_ONEOFF,,,,50559.625,2038,TRUE,TRUE,FALSE,OneOFF_StarSystem,6,6,3,,,,,
OneOFF_StarSystem_0637,6380,HD 29697,Star System No. 637 has now been reached by the Wave Front: HD 29697,FALSE,GY_ONEOFF,,,,50559.64583,2038,TRUE,TRUE,FALSE,OneOFF_StarSystem,6,6,3,,,,,
OneOFF_StarSystem_0638,6390,G 161-71,Star System No. 638 has now been reached by the Wave Front: G 161-71,FALSE,GY_ONEOFF,,,,50566.93,2038,TRUE,TRUE,FALSE,OneOFF_StarSystem,6,6,10,,,,,
OneOFF_StarSystem_0639,6400,Gliese 868,Star System No. 639 has now been reached by the Wave Front: Gliese 868,FALSE,GY_ONEOFF,,,,50632.675,2038,TRUE,TRUE,FALSE,OneOFF_StarSystem,6,8,15,,,,,
OneOFF_StarSystem_0640,6410,WISE 0359−5401,Star System No. 640 has now been reached by the Wave Front: WISE 0359−5401,FALSE,GY_ONEOFF,,,,50669.2,2038,TRUE,TRUE,FALSE,OneOFF_StarSystem,6,9,21,,,,,
OneOFF_StarSystem_0641,6420,WISE 1311+0122,Star System No. 641 has now been reached by the Wave Front: WISE 1311+0122,FALSE,GY_ONEOFF,,,,50705.725,2038,TRUE,TRUE,FALSE,OneOFF_StarSystem,6,10,27,,,,,
OneOFF_StarSystem_0642,6430,WISE 1952+7240,Star System No. 642 has now been reached by the Wave Front: WISE 1952+7240,FALSE,GY_ONEOFF,,,,50705.74583,2038,TRUE,TRUE,FALSE,OneOFF_StarSystem,6,10,27,,,,,
OneOFF_StarSystem_0643,6440,HD 211415 - A,Star System No. 643 has now been reached by the Wave Front: HD 211415 - A,FALSE,GY_ONEOFF,,,,50705.76667,2038,TRUE,TRUE,FALSE,OneOFF_StarSystem,6,10,27,,,,,
OneOFF_StarSystem_0644,6450,HD 211415 - B,Star System No. 644 has now been reached by the Wave Front: HD 211415 - B,FALSE,GY_ONEOFF,,,,50705.7875,2038,TRUE,TRUE,FALSE,OneOFF_StarSystem,6,10,27,,,,,
OneOFF_StarSystem_0645,6460,Gliese 528 - A,Star System No. 645 has now been reached by the Wave Front: Gliese 528 - A,FALSE,GY_ONEOFF,,,,50705.80833,2038,TRUE,TRUE,FALSE,OneOFF_StarSystem,6,10,27,,,,,
OneOFF_StarSystem_0646,6470,Gliese 528 - B,Star System No. 646 has now been reached by the Wave Front: Gliese 528 - B,FALSE,GY_ONEOFF,,,,50705.82917,2038,TRUE,TRUE,FALSE,OneOFF_StarSystem,6,10,27,,,,,
OneOFF_StarSystem_0647,6480,G 29-38,Star System No. 647 has now been reached by the Wave Front: G 29-38,FALSE,GY_ONEOFF,,,,50705.85,2038,TRUE,TRUE,FALSE,OneOFF_StarSystem,6,10,27,,,,,
OneOFF_StarSystem_0648,6490,HD 154577,Star System No. 648 has now been reached by the Wave Front: HD 154577,FALSE,GY_ONEOFF,,,,50778.775,2039,TRUE,TRUE,FALSE,OneOFF_StarSystem,6,1,8,,,,,
OneOFF_StarSystem_0649,6500,WISE 0513+0608,Star System No. 649 has now been reached by the Wave Front: WISE 0513+0608,FALSE,GY_ONEOFF,,,,50815.3,2039,TRUE,TRUE,FALSE,OneOFF_StarSystem,6,2,14,,,,,
OneOFF_StarSystem_0650,6510,WISE 2255-3118,Star System No. 650 has now been reached by the Wave Front: WISE 2255-3118,FALSE,GY_ONEOFF,,,,50815.32083,2039,TRUE,TRUE,FALSE,OneOFF_StarSystem,6,2,14,,,,,
OneOFF_StarSystem_0651,6520,Beta Aquilae (Alshain),Star System No. 651 has now been reached by the Wave Front: Beta Aquilae (Alshain),FALSE,GY_ONEOFF,,,,50815.34167,2039,TRUE,TRUE,FALSE,OneOFF_StarSystem,6,2,14,,,,,
OneOFF_StarSystem_0652,6530,HD 166,Star System No. 652 has now been reached by the Wave Front: HD 166,FALSE,GY_ONEOFF,,,,50815.3625,2039,TRUE,TRUE,FALSE,OneOFF_StarSystem,6,2,14,,,,,
OneOFF_StarSystem_0653,6540,Gliese 215,Star System No. 653 has now been reached by the Wave Front: Gliese 215,FALSE,GY_ONEOFF,,,,50815.38333,2039,TRUE,TRUE,FALSE,OneOFF_StarSystem,6,2,14,,,,,
OneOFF_StarSystem_0654,6550,10 Tauri,Star System No. 654 has now been reached by the Wave Front: 10 Tauri,FALSE,GY_ONEOFF,,,,50851.825,2039,TRUE,TRUE,FALSE,OneOFF_StarSystem,6,3,22,,,,,
OneOFF_StarSystem_0655,6560,Gliese 615,Star System No. 655 has now been reached by the Wave Front: Gliese 615,FALSE,GY_ONEOFF,,,,50851.84583,2039,TRUE,TRUE,FALSE,OneOFF_StarSystem,6,3,22,,,,,
OneOFF_StarSystem_0656,6570,HD 166,Star System No. 656 has now been reached by the Wave Front: HD 166,FALSE,GY_ONEOFF,,,,50888.35,2039,TRUE,TRUE,FALSE,OneOFF_StarSystem,6,4,28,,,,,
OneOFF_StarSystem_0657,6580,WISE J0304−2705,Star System No. 657 has now been reached by the Wave Front: WISE J0304−2705,FALSE,GY_ONEOFF,,,,50924.875,2039,TRUE,TRUE,FALSE,OneOFF_StarSystem,6,6,3,,,,,
OneOFF_StarSystem_0658,6590,WISE 2226+0440,Star System No. 658 has now been reached by the Wave Front: WISE 2226+0440,FALSE,GY_ONEOFF,,,,50924.89583,2039,TRUE,TRUE,FALSE,OneOFF_StarSystem,6,6,3,,,,,
OneOFF_StarSystem_0659,6600,Gamma Cephei (Errai) - A,Star System No. 659 has now been reached by the Wave Front: Gamma Cephei (Errai) - A,FALSE,GY_ONEOFF,,,,50924.91667,2039,TRUE,TRUE,FALSE,OneOFF_StarSystem,6,6,3,,,,,
OneOFF_StarSystem_0660,6610,Gamma Cephei (Errai) - B,Star System No. 660 has now been reached by the Wave Front: Gamma Cephei (Errai) - B,FALSE,GY_ONEOFF,,,,50924.9375,2039,TRUE,TRUE,FALSE,OneOFF_StarSystem,6,6,3,,,,,
OneOFF_StarSystem_0661,6620,Iota Piscium,Star System No. 661 has now been reached by the Wave Front: Iota Piscium,FALSE,GY_ONEOFF,,,,50924.95833,2039,TRUE,TRUE,FALSE,OneOFF_StarSystem,6,6,3,,,,,
OneOFF_StarSystem_0662,6630,WISE 0323-6025,Star System No. 662 has now been reached by the Wave Front: WISE 0323-6025,FALSE,GY_ONEOFF,,,,51034.45,2039,TRUE,TRUE,FALSE,OneOFF_StarSystem,6,9,21,,,,,
OneOFF_StarSystem_0663,6640,GJ 898,Star System No. 663 has now been reached by the Wave Front: GJ 898,FALSE,GY_ONEOFF,,,,51107.5,2039,TRUE,TRUE,FALSE,OneOFF_StarSystem,6,12,3,,,,,
OneOFF_StarSystem_0664,6650,Tau¹ Eridani,Star System No. 664 has now been reached by the Wave Front: Tau¹ Eridani,FALSE,GY_ONEOFF,,,,51144.025,2040,TRUE,TRUE,FALSE,OneOFF_StarSystem,6,1,9,,,,,
OneOFF_StarSystem_0665,6660,Alpha Fornacis (Dalim) - A,Star System No. 665 has now been reached by the Wave Front: Alpha Fornacis (Dalim) - A,FALSE,GY_ONEOFF,,,,51165.94,2040,TRUE,TRUE,FALSE,OneOFF_StarSystem,6,1,30,,,,,
OneOFF_StarSystem_0666,6670,Alpha Fornacis (Dalim) - Ba,Star System No. 666 has now been reached by the Wave Front: Alpha Fornacis (Dalim) - Ba,FALSE,GY_ONEOFF,,,,51165.96083,2040,TRUE,TRUE,FALSE,OneOFF_StarSystem,6,1,30,,,,,
OneOFF_StarSystem_0667,6680,Alpha Fornacis (Dalim) - Bb,Star System No. 667 has now been reached by the Wave Front: Alpha Fornacis (Dalim) - Bb,FALSE,GY_ONEOFF,,,,51165.98167,2040,TRUE,TRUE,FALSE,OneOFF_StarSystem,6,1,30,,,,,
OneOFF_StarSystem_0668,6690,18 Scorpii,Star System No. 668 has now been reached by the Wave Front: 18 Scorpii,FALSE,GY_ONEOFF,,,,51180.55,2040,TRUE,TRUE,FALSE,OneOFF_StarSystem,6,2,14,,,,,
OneOFF_StarSystem_0669,6700,Gliese 532,Star System No. 669 has now been reached by the Wave Front: Gliese 532,FALSE,GY_ONEOFF,,,,51180.57083,2040,TRUE,TRUE,FALSE,OneOFF_StarSystem,6,2,14,,,,,
OneOFF_StarSystem_0670,6710,WISE 0335+4310,Star System No. 670 has now been reached by the Wave Front: WISE 0335+4310,FALSE,GY_ONEOFF,,,,51180.59167,2040,TRUE,TRUE,FALSE,OneOFF_StarSystem,6,2,14,,,,,
OneOFF_StarSystem_0671,6720,WISE 0723+3403,Star System No. 671 has now been reached by the Wave Front: WISE 0723+3403,FALSE,GY_ONEOFF,,,,51180.6125,2040,TRUE,TRUE,FALSE,OneOFF_StarSystem,6,2,14,,,,,
OneOFF_StarSystem_0672,6730,HD 23356,Star System No. 672 has now been reached by the Wave Front: HD 23356,FALSE,GY_ONEOFF,,,,51217.075,2040,TRUE,TRUE,FALSE,OneOFF_StarSystem,6,3,22,,,,,
OneOFF_StarSystem_0673,6740,47 Ursae Majoris (Chalawan),Star System No. 673 has now been reached by the Wave Front: 47 Ursae Majoris (Chalawan),FALSE,GY_ONEOFF,,,,51253.6,2040,TRUE,TRUE,FALSE,OneOFF_StarSystem,6,4,27,,,,,
OneOFF_StarSystem_0674,6750,26 Draconis - A,Star System No. 674 has now been reached by the Wave Front: 26 Draconis - A,FALSE,GY_ONEOFF,,,,51253.62083,2040,TRUE,TRUE,FALSE,OneOFF_StarSystem,6,4,27,,,,,
OneOFF_StarSystem_0675,6760,26 Draconis - B,Star System No. 675 has now been reached by the Wave Front: 26 Draconis - B,FALSE,GY_ONEOFF,,,,51253.64167,2040,TRUE,TRUE,FALSE,OneOFF_StarSystem,6,4,27,,,,,
OneOFF_StarSystem_0676,6770,26 Draconis - C,Star System No. 676 has now been reached by the Wave Front: 26 Draconis - C,FALSE,GY_ONEOFF,,,,51253.6625,2040,TRUE,TRUE,FALSE,OneOFF_StarSystem,6,4,27,,,,,
OneOFF_StarSystem_0677,6780,Gliese 42,Star System No. 677 has now been reached by the Wave Front: Gliese 42,FALSE,GY_ONEOFF,,,,51253.68333,2040,TRUE,TRUE,FALSE,OneOFF_StarSystem,6,4,27,,,,,
OneOFF_StarSystem_0678,6790,Gliese 400,Star System No. 678 has now been reached by the Wave Front: Gliese 400,FALSE,GY_ONEOFF,,,,51290.125,2040,TRUE,TRUE,FALSE,OneOFF_StarSystem,6,6,3,,,,,
OneOFF_StarSystem_0679,6800,WISE 0819-0335,Star System No. 679 has now been reached by the Wave Front: WISE 0819-0335,FALSE,GY_ONEOFF,,,,51290.14583,2040,TRUE,TRUE,FALSE,OneOFF_StarSystem,6,6,3,,,,,
OneOFF_StarSystem_0680,6810,WISE 2209-2734,Star System No. 680 has now been reached by the Wave Front: WISE 2209-2734,FALSE,GY_ONEOFF,,,,51290.16667,2040,TRUE,TRUE,FALSE,OneOFF_StarSystem,6,6,3,,,,,
OneOFF_StarSystem_0681,6820,WISE 2237+7228,Star System No. 681 has now been reached by the Wave Front: WISE 2237+7228,FALSE,GY_ONEOFF,,,,51290.1875,2040,TRUE,TRUE,FALSE,OneOFF_StarSystem,6,6,3,,,,,
OneOFF_StarSystem_0682,6830,WISE 2344+1034,Star System No. 682 has now been reached by the Wave Front: WISE 2344+1034,FALSE,GY_ONEOFF,,,,51290.20833,2040,TRUE,TRUE,FALSE,OneOFF_StarSystem,6,6,3,,,,,
OneOFF_StarSystem_0683,6840,Gliese 726,Star System No. 683 has now been reached by the Wave Front: Gliese 726,FALSE,GY_ONEOFF,,,,51326.65,2040,TRUE,TRUE,FALSE,OneOFF_StarSystem,6,7,9,,,,,
OneOFF_StarSystem_0684,6850,Gliese 529,Star System No. 684 has now been reached by the Wave Front: Gliese 529,FALSE,GY_ONEOFF,,,,51399.7,2040,TRUE,TRUE,FALSE,OneOFF_StarSystem,6,9,20,,,,,
OneOFF_StarSystem_0685,6860,Gliese 282 - A,Star System No. 685 has now been reached by the Wave Front: Gliese 282 - A,FALSE,GY_ONEOFF,,,,51399.72083,2040,TRUE,TRUE,FALSE,OneOFF_StarSystem,6,9,20,,,,,
OneOFF_StarSystem_0686,6870,Gliese 282 - B,Star System No. 686 has now been reached by the Wave Front: Gliese 282 - B,FALSE,GY_ONEOFF,,,,51399.74167,2040,TRUE,TRUE,FALSE,OneOFF_StarSystem,6,9,20,,,,,
OneOFF_StarSystem_0687,6880,Gliese 282 - C,Star System No. 687 has now been reached by the Wave Front: Gliese 282 - C,FALSE,GY_ONEOFF,,,,51399.7625,2040,TRUE,TRUE,FALSE,OneOFF_StarSystem,6,9,20,,,,,
OneOFF_StarSystem_0688,6890,Gliese 2130 - A,Star System No. 688 has now been reached by the Wave Front: Gliese 2130 - A,FALSE,GY_ONEOFF,,,,51403.3525,2040,TRUE,TRUE,FALSE,OneOFF_StarSystem,6,9,24,,,,,
OneOFF_StarSystem_0689,6900,Gliese 2130 - B,Star System No. 689 has now been reached by the Wave Front: Gliese 2130 - B,FALSE,GY_ONEOFF,,,,51403.37333,2040,TRUE,TRUE,FALSE,OneOFF_StarSystem,6,9,24,,,,,
OneOFF_StarSystem_0690,6910,HR 7578,Star System No. 690 has now been reached by the Wave Front: HR 7578,FALSE,GY_ONEOFF,,,,51509.275,2041,TRUE,TRUE,FALSE,OneOFF_StarSystem,6,1,8,,,,,
OneOFF_StarSystem_0691,6920,Pi¹ Ursae Majoris,Star System No. 691 has now been reached by the Wave Front: Pi¹ Ursae Majoris,FALSE,GY_ONEOFF,,,,51509.29583,2041,TRUE,TRUE,FALSE,OneOFF_StarSystem,6,1,8,,,,,
OneOFF_StarSystem_0692,6930,Gliese 481,Star System No. 692 has now been reached by the Wave Front: Gliese 481,FALSE,GY_ONEOFF,,,,51509.31667,2041,TRUE,TRUE,FALSE,OneOFF_StarSystem,6,1,8,,,,,
OneOFF_StarSystem_0693,6940,WISE 0458+6434 - A,Star System No. 693 has now been reached by the Wave Front: WISE 0458+6434 - A,FALSE,GY_ONEOFF,,,,51509.3375,2041,TRUE,TRUE,FALSE,OneOFF_StarSystem,6,1,8,,,,,
OneOFF_StarSystem_0694,6950,WISE 0458+6434 - B,Star System No. 694 has now been reached by the Wave Front: WISE 0458+6434 - B,FALSE,GY_ONEOFF,,,,51509.35833,2041,TRUE,TRUE,FALSE,OneOFF_StarSystem,6,1,8,,,,,
OneOFF_StarSystem_0695,6960,WISE 1828+2650,Star System No. 695 has now been reached by the Wave Front: WISE 1828+2650,FALSE,GY_ONEOFF,,,,51509.37917,2041,TRUE,TRUE,FALSE,OneOFF_StarSystem,6,1,8,,,,,
OneOFF_StarSystem_0696,6970,Alpha Ophiuchi (Rasalhague) - A,Star System No. 696 has now been reached by the Wave Front: Alpha Ophiuchi (Rasalhague) - A,FALSE,GY_ONEOFF,,,,51545.8,2041,TRUE,TRUE,FALSE,OneOFF_StarSystem,6,2,13,,,,,
OneOFF_StarSystem_0697,6980,Alpha Ophiuchi (Rasalhague) - B,Star System No. 697 has now been reached by the Wave Front: Alpha Ophiuchi (Rasalhague) - B,FALSE,GY_ONEOFF,,,,51545.82083,2041,TRUE,TRUE,FALSE,OneOFF_StarSystem,6,2,13,,,,,
OneOFF_StarSystem_0698,6990,Eta Cephei (Al Kidr),Star System No. 698 has now been reached by the Wave Front: Eta Cephei (Al Kidr),FALSE,GY_ONEOFF,,,,51582.325,2041,TRUE,TRUE,FALSE,OneOFF_StarSystem,6,3,22,,,,,
OneOFF_StarSystem_0699,7000,Gliese 613,Star System No. 699 has now been reached by the Wave Front: Gliese 613,FALSE,GY_ONEOFF,,,,51582.34583,2041,TRUE,TRUE,FALSE,OneOFF_StarSystem,6,3,22,,,,,
OneOFF_StarSystem_0700,7010,Gliese 611 - A,Star System No. 700 has now been reached by the Wave Front: Gliese 611 - A,FALSE,GY_ONEOFF,,,,51618.85,2041,TRUE,TRUE,FALSE,OneOFF_StarSystem,6,4,27,,,,,
OneOFF_StarSystem_0701,7020,Gliese 611 - B,Star System No. 701 has now been reached by the Wave Front: Gliese 611 - B,FALSE,GY_ONEOFF,,,,51618.87083,2041,TRUE,TRUE,FALSE,OneOFF_StarSystem,6,4,27,,,,,
OneOFF_StarSystem_0702,7030,72 Herculis,Star System No. 702 has now been reached by the Wave Front: 72 Herculis,FALSE,GY_ONEOFF,,,,51618.89167,2041,TRUE,TRUE,FALSE,OneOFF_StarSystem,6,4,27,,,,,
OneOFF_StarSystem_0703,7040,HD 150689,Star System No. 703 has now been reached by the Wave Front: HD 150689,FALSE,GY_ONEOFF,,,,51618.9125,2041,TRUE,TRUE,FALSE,OneOFF_StarSystem,6,4,27,,,,,
OneOFF_StarSystem_0704,7050,TYC 3135–52–1,Star System No. 704 has now been reached by the Wave Front: TYC 3135–52–1,FALSE,GY_ONEOFF,,,,51637.1125,2041,TRUE,TRUE,FALSE,OneOFF_StarSystem,6,5,16,,,,,
OneOFF_StarSystem_0705,7060,CWISEP J1935−1546 - A,Star System No. 705 has now been reached by the Wave Front: CWISEP J1935−1546 - A,FALSE,GY_ONEOFF,,,,51655.375,2041,TRUE,TRUE,FALSE,OneOFF_StarSystem,6,6,3,,,,,
OneOFF_StarSystem_0706,7070,CWISEP J1935−1546 - B,Star System No. 706 has now been reached by the Wave Front: CWISEP J1935−1546 - B,FALSE,GY_ONEOFF,,,,51655.39583,2041,TRUE,TRUE,FALSE,OneOFF_StarSystem,6,6,3,,,,,
OneOFF_StarSystem_0707,7080,Gliese 546,Star System No. 707 has now been reached by the Wave Front: Gliese 546,FALSE,GY_ONEOFF,,,,51655.41667,2041,TRUE,TRUE,FALSE,OneOFF_StarSystem,6,6,3,,,,,
OneOFF_StarSystem_0708,7090,HIP 79431,Star System No. 708 has now been reached by the Wave Front: HIP 79431,FALSE,GY_ONEOFF,,,,51655.4375,2041,TRUE,TRUE,FALSE,OneOFF_StarSystem,6,6,3,,,,,
OneOFF_StarSystem_0709,7100,WISE 0223-2932,Star System No. 709 has now been reached by the Wave Front: WISE 0223-2932,FALSE,GY_ONEOFF,,,,51655.45833,2041,TRUE,TRUE,FALSE,OneOFF_StarSystem,6,6,3,,,,,
OneOFF_StarSystem_0710,7110,WISE 0500-1223,Star System No. 710 has now been reached by the Wave Front: WISE 0500-1223,FALSE,GY_ONEOFF,,,,51655.47917,2041,TRUE,TRUE,FALSE,OneOFF_StarSystem,6,6,3,,,,,
OneOFF_StarSystem_0711,7120,WISE 1812+2721,Star System No. 711 has now been reached by the Wave Front: WISE 1812+2721,FALSE,GY_ONEOFF,,,,51655.5,2041,TRUE,TRUE,FALSE,OneOFF_StarSystem,6,6,3,,,,,
OneOFF_StarSystem_0712,7130,WISE 0535-7500,Star System No. 712 has now been reached by the Wave Front: WISE 0535-7500,FALSE,GY_ONEOFF,,,,51655.52083,2041,TRUE,TRUE,FALSE,OneOFF_StarSystem,6,6,3,,,,,
OneOFF_StarSystem_0713,7140,CM Draconis,Star System No. 713 has now been reached by the Wave Front: CM Draconis,FALSE,GY_ONEOFF,,,,51691.9,2041,TRUE,TRUE,FALSE,OneOFF_StarSystem,6,7,9,,,,,
OneOFF_StarSystem_0714,7150,VHS J125804.89-441232.4,Star System No. 714 has now been reached by the Wave Front: VHS J125804.89-441232.4,FALSE,GY_ONEOFF,,,,51691.92083,2041,TRUE,TRUE,FALSE,OneOFF_StarSystem,6,7,9,,,,,
OneOFF_StarSystem_0715,7160,WISE 0744+5628,Star System No. 715 has now been reached by the Wave Front: WISE 0744+5628,FALSE,GY_ONEOFF,,,,51764.95,2041,TRUE,TRUE,FALSE,OneOFF_StarSystem,6,9,20,,,,,
OneOFF_StarSystem_0716,7170,WISE 1309-1600,Star System No. 716 has now been reached by the Wave Front: WISE 1309-1600,FALSE,GY_ONEOFF,,,,51764.97083,2041,TRUE,TRUE,FALSE,OneOFF_StarSystem,6,9,20,,,,,
OneOFF_StarSystem_0717,7180,Theta Boötis (Asellus Primus) - A,Star System No. 717 has now been reached by the Wave Front: Theta Boötis (Asellus Primus) - A,FALSE,GY_ONEOFF,,,,51838,2041,TRUE,TRUE,FALSE,OneOFF_StarSystem,6,12,3,,,,,
OneOFF_StarSystem_0718,7190,Theta Boötis (Asellus Primus) - B,Star System No. 718 has now been reached by the Wave Front: Theta Boötis (Asellus Primus) - B,FALSE,GY_ONEOFF,,,,51838.02083,2041,TRUE,TRUE,FALSE,OneOFF_StarSystem,6,12,3,,,,,
OneOFF_StarSystem_0719,7200,Gliese 1214 (Orkaria),Star System No. 719 has now been reached by the Wave Front: Gliese 1214 (Orkaria),FALSE,GY_ONEOFF,,,,51838.04167,2041,TRUE,TRUE,FALSE,OneOFF_StarSystem,6,12,3,,,,,
OneOFF_StarSystem_0720,7210,Nu² Lupi,Star System No. 720 has now been reached by the Wave Front: Nu² Lupi,FALSE,GY_ONEOFF,,,,51838.0625,2041,TRUE,TRUE,FALSE,OneOFF_StarSystem,6,12,3,,,,,
OneOFF_StarSystem_0721,7220,HIP 79431 (Sharjah),Star System No. 721 has now been reached by the Wave Front: HIP 79431 (Sharjah),FALSE,GY_ONEOFF,,,,51852.61,2041,TRUE,TRUE,FALSE,OneOFF_StarSystem,6,12,17,,,,,
OneOFF_StarSystem_0722,7230,WISE 0040+0900,Star System No. 722 has now been reached by the Wave Front: WISE 0040+0900,FALSE,GY_ONEOFF,,,,51874.525,2042,TRUE,TRUE,FALSE,OneOFF_StarSystem,6,1,8,,,,,
OneOFF_StarSystem_0723,7240,WISE 1018-2445,Star System No. 723 has now been reached by the Wave Front: WISE 1018-2445,FALSE,GY_ONEOFF,,,,51874.54583,2042,TRUE,TRUE,FALSE,OneOFF_StarSystem,6,1,8,,,,,
OneOFF_StarSystem_0724,7250,Iota Ursae Majoris (Talitha),Star System No. 724 has now been reached by the Wave Front: Iota Ursae Majoris (Talitha),FALSE,GY_ONEOFF,,,,51911.05,2042,TRUE,TRUE,FALSE,OneOFF_StarSystem,6,2,14,,,,,
OneOFF_StarSystem_0725,7260,Gliese 259,Star System No. 725 has now been reached by the Wave Front: Gliese 259,FALSE,GY_ONEOFF,,,,51911.07083,2042,TRUE,TRUE,FALSE,OneOFF_StarSystem,6,2,14,,,,,
OneOFF_StarSystem_0726,7270,111 Tauri - A,Star System No. 726 has now been reached by the Wave Front: 111 Tauri - A,FALSE,GY_ONEOFF,,,,51947.575,2042,TRUE,TRUE,FALSE,OneOFF_StarSystem,6,3,22,,,,,
OneOFF_StarSystem_0727,7280,111 Tauri - B,Star System No. 727 has now been reached by the Wave Front: 111 Tauri - B,FALSE,GY_ONEOFF,,,,51947.59583,2042,TRUE,TRUE,FALSE,OneOFF_StarSystem,6,3,22,,,,,
OneOFF_StarSystem_0728,7290,HD 196761,Star System No. 728 has now been reached by the Wave Front: HD 196761,FALSE,GY_ONEOFF,,,,51947.61667,2042,TRUE,TRUE,FALSE,OneOFF_StarSystem,6,3,22,,,,,
OneOFF_StarSystem_0729,7300,OU Geminorum,Star System No. 729 has now been reached by the Wave Front: OU Geminorum,FALSE,GY_ONEOFF,,,,51947.6375,2042,TRUE,TRUE,FALSE,OneOFF_StarSystem,6,3,22,,,,,
OneOFF_StarSystem_0730,7310,Gliese 604,Star System No. 730 has now been reached by the Wave Front: Gliese 604,FALSE,GY_ONEOFF,,,,51947.65833,2042,TRUE,TRUE,FALSE,OneOFF_StarSystem,6,3,22,,,,,
OneOFF_StarSystem_0731,7320,Psi Capricorni (Yue),Star System No. 731 has now been reached by the Wave Front: Psi Capricorni (Yue),FALSE,GY_ONEOFF,,,,51984.1,2042,TRUE,TRUE,FALSE,OneOFF_StarSystem,6,4,28,,,,,
OneOFF_StarSystem_0732,7330,Psi Serpentis - A,Star System No. 732 has now been reached by the Wave Front: Psi Serpentis - A,FALSE,GY_ONEOFF,,,,51984.12083,2042,TRUE,TRUE,FALSE,OneOFF_StarSystem,6,4,28,,,,,
OneOFF_StarSystem_0733,7340,Psi Serpentis - B,Star System No. 733 has now been reached by the Wave Front: Psi Serpentis - B,FALSE,GY_ONEOFF,,,,51984.14167,2042,TRUE,TRUE,FALSE,OneOFF_StarSystem,6,4,28,,,,,
OneOFF_StarSystem_0734,7350,Gliese 420,Star System No. 734 has now been reached by the Wave Front: Gliese 420,FALSE,GY_ONEOFF,,,,51984.1625,2042,TRUE,TRUE,FALSE,OneOFF_StarSystem,6,4,28,,,,,
OneOFF_StarSystem_0735,7360,WISE 2018-7423,Star System No. 735 has now been reached by the Wave Front: WISE 2018-7423,FALSE,GY_ONEOFF,,,,51984.18333,2042,TRUE,TRUE,FALSE,OneOFF_StarSystem,6,4,28,,,,,
OneOFF_StarSystem_0736,7370,CWISEP J1047+5457,Star System No. 736 has now been reached by the Wave Front: CWISEP J1047+5457,FALSE,GY_ONEOFF,,,,52020.625,2042,TRUE,TRUE,FALSE,OneOFF_StarSystem,6,6,3,,,,,
OneOFF_StarSystem_0737,7380,Gliese 833,Star System No. 737 has now been reached by the Wave Front: Gliese 833,FALSE,GY_ONEOFF,,,,52057.15,2042,TRUE,TRUE,FALSE,OneOFF_StarSystem,6,7,10,,,,,
OneOFF_StarSystem_0738,7390,Alpha Corvi (Alchiba)$ - A,Star System No. 738 has now been reached by the Wave Front: Alpha Corvi (Alchiba)$ - A,FALSE,GY_ONEOFF,,,,52093.675,2042,TRUE,TRUE,FALSE,OneOFF_StarSystem,6,8,15,,,,,
OneOFF_StarSystem_0739,7400,Alpha Corvi (Alchiba)$ - B,Star System No. 739 has now been reached by the Wave Front: Alpha Corvi (Alchiba)$ - B,FALSE,GY_ONEOFF,,,,52093.69583,2042,TRUE,TRUE,FALSE,OneOFF_StarSystem,6,8,15,,,,,
OneOFF_StarSystem_0740,7410,Gliese 269,Star System No. 740 has now been reached by the Wave Front: Gliese 269,FALSE,GY_ONEOFF,,,,52093.71667,2042,TRUE,TRUE,FALSE,OneOFF_StarSystem,6,8,15,,,,,
OneOFF_StarSystem_0741,7420,BPM 37093 (V886 Centauri),Star System No. 741 has now been reached by the Wave Front: BPM 37093 (V886 Centauri),FALSE,GY_ONEOFF,,,,52163.0725,2042,TRUE,TRUE,FALSE,OneOFF_StarSystem,6,10,24,,,,,
OneOFF_StarSystem_0742,7430,LHS 3844 (Batsũ̀),Star System No. 742 has now been reached by the Wave Front: LHS 3844 (Batsũ̀),FALSE,GY_ONEOFF,,,,52214.2075,2042,TRUE,TRUE,FALSE,OneOFF_StarSystem,6,12,14,,,,,
OneOFF_StarSystem_0743,7440,20 Leonis Minoris (Cor),Star System No. 743 has now been reached by the Wave Front: 20 Leonis Minoris (Cor),FALSE,GY_ONEOFF,,,,52239.775,2043,TRUE,TRUE,FALSE,OneOFF_StarSystem,6,1,8,,,,,
OneOFF_StarSystem_0744,7450,WISE 0015-4615,Star System No. 744 has now been reached by the Wave Front: WISE 0015-4615,FALSE,GY_ONEOFF,,,,52239.79583,2043,TRUE,TRUE,FALSE,OneOFF_StarSystem,6,1,8,,,,,
OneOFF_StarSystem_0745,7460,WISE 2343-7418,Star System No. 745 has now been reached by the Wave Front: WISE 2343-7418,FALSE,GY_ONEOFF,,,,52239.81667,2043,TRUE,TRUE,FALSE,OneOFF_StarSystem,6,1,8,,,,,
OneOFF_StarSystem_0746,7470,HD 4391,Star System No. 746 has now been reached by the Wave Front: HD 4391,FALSE,GY_ONEOFF,,,,52276.3,2043,TRUE,TRUE,FALSE,OneOFF_StarSystem,6,2,14,,,,,
OneOFF_StarSystem_0747,7480,Alpha Cephei (Alderamin),Star System No. 747 has now been reached by the Wave Front: Alpha Cephei (Alderamin),FALSE,GY_ONEOFF,,,,52312.825,2043,TRUE,TRUE,FALSE,OneOFF_StarSystem,6,3,22,,,,,
OneOFF_StarSystem_0748,7490,Gliese 123,Star System No. 748 has now been reached by the Wave Front: Gliese 123,FALSE,GY_ONEOFF,,,,52312.84583,2043,TRUE,TRUE,FALSE,OneOFF_StarSystem,6,3,22,,,,,
OneOFF_StarSystem_0749,7500,LHS 1140,Star System No. 749 has now been reached by the Wave Front: LHS 1140,FALSE,GY_ONEOFF,,,,52312.86667,2043,TRUE,TRUE,FALSE,OneOFF_StarSystem,6,3,22,,,,,
OneOFF_StarSystem_0750,7510,HD 176051 - A,Star System No. 750 has now been reached by the Wave Front: HD 176051 - A,FALSE,GY_ONEOFF,,,,52349.35,2043,TRUE,TRUE,FALSE,OneOFF_StarSystem,6,4,28,,,,,
OneOFF_StarSystem_0751,7520,HD 176051 - B,Star System No. 751 has now been reached by the Wave Front: HD 176051 - B,FALSE,GY_ONEOFF,,,,52349.37083,2043,TRUE,TRUE,FALSE,OneOFF_StarSystem,6,4,28,,,,,
OneOFF_StarSystem_0752,7530,Gliese 14,Star System No. 752 has now been reached by the Wave Front: Gliese 14,FALSE,GY_ONEOFF,,,,52349.39167,2043,TRUE,TRUE,FALSE,OneOFF_StarSystem,6,4,28,,,,,
OneOFF_StarSystem_0753,7540,Gliese 163,Star System No. 753 has now been reached by the Wave Front: Gliese 163,FALSE,GY_ONEOFF,,,,52349.4125,2043,TRUE,TRUE,FALSE,OneOFF_StarSystem,6,4,28,,,,,
OneOFF_StarSystem_0754,7550,WISEP J004701.06+680352.1,Star System No. 754 has now been reached by the Wave Front: WISEP J004701.06+680352.1,FALSE,GY_ONEOFF,,,,52349.43333,2043,TRUE,TRUE,FALSE,OneOFF_StarSystem,6,4,28,,,,,
OneOFF_StarSystem_0755,7560,HD 84117,Star System No. 755 has now been reached by the Wave Front: HD 84117,FALSE,GY_ONEOFF,,,,52385.875,2043,TRUE,TRUE,FALSE,OneOFF_StarSystem,6,6,3,,,,,
OneOFF_StarSystem_0756,7570,HD 200779 (Gliese 818),Star System No. 756 has now been reached by the Wave Front: HD 200779 (Gliese 818),FALSE,GY_ONEOFF,,,,52411.4425,2043,TRUE,TRUE,FALSE,OneOFF_StarSystem,6,6,29,,,,,
OneOFF_StarSystem_0757,7580,Eta Leporis,Star System No. 757 has now been reached by the Wave Front: Eta Leporis,FALSE,GY_ONEOFF,,,,52422.4,2043,TRUE,TRUE,FALSE,OneOFF_StarSystem,6,7,10,,,,,
OneOFF_StarSystem_0758,7590,Nu Phoenicis,Star System No. 758 has now been reached by the Wave Front: Nu Phoenicis,FALSE,GY_ONEOFF,,,,52422.42083,2043,TRUE,TRUE,FALSE,OneOFF_StarSystem,6,7,10,,,,,
OneOFF_StarSystem_0759,7600,Gliese 52,Star System No. 759 has now been reached by the Wave Front: Gliese 52,FALSE,GY_ONEOFF,,,,52422.44167,2043,TRUE,TRUE,FALSE,OneOFF_StarSystem,6,7,10,,,,,
OneOFF_StarSystem_0760,7610,Gliese 483,Star System No. 760 has now been reached by the Wave Front: Gliese 483,FALSE,GY_ONEOFF,,,,52422.4625,2043,TRUE,TRUE,FALSE,OneOFF_StarSystem,6,7,10,,,,,
OneOFF_StarSystem_0761,7620,Castor (Alpha Geminorum) - Aa,Star System No. 761 has now been reached by the Wave Front: Castor (Alpha Geminorum) - Aa,FALSE,GY_ONEOFF,,,,52440.6625,2043,TRUE,TRUE,FALSE,OneOFF_StarSystem,6,7,28,,,,,
OneOFF_StarSystem_0762,7630,Castor (Alpha Geminorum) - Ab,Star System No. 762 has now been reached by the Wave Front: Castor (Alpha Geminorum) - Ab,FALSE,GY_ONEOFF,,,,52440.68333,2043,TRUE,TRUE,FALSE,OneOFF_StarSystem,6,7,28,,,,,
OneOFF_StarSystem_0763,7640,Castor (Alpha Geminorum) - Ba,Star System No. 763 has now been reached by the Wave Front: Castor (Alpha Geminorum) - Ba,FALSE,GY_ONEOFF,,,,52440.70417,2043,TRUE,TRUE,FALSE,OneOFF_StarSystem,6,7,28,,,,,
OneOFF_StarSystem_0764,7650,Castor (Alpha Geminorum) - Bb,Star System No. 764 has now been reached by the Wave Front: Castor (Alpha Geminorum) - Bb,FALSE,GY_ONEOFF,,,,52440.725,2043,TRUE,TRUE,FALSE,OneOFF_StarSystem,6,7,28,,,,,
OneOFF_StarSystem_0765,7660,Castor (Alpha Geminorum) - Ca,Star System No. 765 has now been reached by the Wave Front: Castor (Alpha Geminorum) - Ca,FALSE,GY_ONEOFF,,,,52440.74583,2043,TRUE,TRUE,FALSE,OneOFF_StarSystem,6,7,28,,,,,
OneOFF_StarSystem_0766,7670,Castor (Alpha Geminorum) - Cb,Star System No. 766 has now been reached by the Wave Front: Castor (Alpha Geminorum) - Cb,FALSE,GY_ONEOFF,,,,52440.76667,2043,TRUE,TRUE,FALSE,OneOFF_StarSystem,6,7,28,,,,,
OneOFF_StarSystem_0767,7680,19 Draconis,Star System No. 767 has now been reached by the Wave Front: 19 Draconis,FALSE,GY_ONEOFF,,,,52458.925,2043,TRUE,TRUE,FALSE,OneOFF_StarSystem,6,8,15,,,,,
OneOFF_StarSystem_0768,7690,GJ 1279,Star System No. 768 has now been reached by the Wave Front: GJ 1279,FALSE,GY_ONEOFF,,,,52458.94583,2043,TRUE,TRUE,FALSE,OneOFF_StarSystem,6,8,15,,,,,
OneOFF_StarSystem_0769,7700,Gliese 141,Star System No. 769 has now been reached by the Wave Front: Gliese 141,FALSE,GY_ONEOFF,,,,52495.45,2043,TRUE,TRUE,FALSE,OneOFF_StarSystem,6,9,21,,,,,
OneOFF_StarSystem_0770,7710,31 Aquilae,Star System No. 770 has now been reached by the Wave Front: 31 Aquilae,FALSE,GY_ONEOFF,,,,52531.975,2043,TRUE,TRUE,FALSE,OneOFF_StarSystem,6,10,27,,,,,
OneOFF_StarSystem_0771,7720,AB Doradus - A,Star System No. 771 has now been reached by the Wave Front: AB Doradus - A,FALSE,GY_ONEOFF,,,,52568.5,2043,TRUE,TRUE,FALSE,OneOFF_StarSystem,6,12,3,,,,,
OneOFF_StarSystem_0772,7730,AB Doradus - Ba,Star System No. 772 has now been reached by the Wave Front: AB Doradus - Ba,FALSE,GY_ONEOFF,,,,52568.52083,2043,TRUE,TRUE,FALSE,OneOFF_StarSystem,6,12,3,,,,,
OneOFF_StarSystem_0773,7740,AB Doradus - Bb,Star System No. 773 has now been reached by the Wave Front: AB Doradus - Bb,FALSE,GY_ONEOFF,,,,52568.54167,2043,TRUE,TRUE,FALSE,OneOFF_StarSystem,6,12,3,,,,,
OneOFF_StarSystem_0774,7750,AB Doradus - C,Star System No. 774 has now been reached by the Wave Front: AB Doradus - C,FALSE,GY_ONEOFF,,,,52568.5625,2043,TRUE,TRUE,FALSE,OneOFF_StarSystem,6,12,3,,,,,
OneOFF_StarSystem_0775,7760,L 489-43,Star System No. 775 has now been reached by the Wave Front: L 489-43,FALSE,GY_ONEOFF,,,,52568.58333,2043,TRUE,TRUE,FALSE,OneOFF_StarSystem,6,12,3,,,,,
OneOFF_StarSystem_0776,7770,171 G. Puppis,Star System No. 776 has now been reached by the Wave Front: 171 G. Puppis,FALSE,GY_ONEOFF,,,,52605.025,2044,TRUE,TRUE,FALSE,OneOFF_StarSystem,6,1,9,,,,,
OneOFF_StarSystem_0777,7780,Gliese 40,Star System No. 777 has now been reached by the Wave Front: Gliese 40,FALSE,GY_ONEOFF,,,,52605.04583,2044,TRUE,TRUE,FALSE,OneOFF_StarSystem,6,1,9,,,,,
OneOFF_StarSystem_0778,7790,HR 5864,Star System No. 778 has now been reached by the Wave Front: HR 5864,FALSE,GY_ONEOFF,,,,52641.55,2044,TRUE,TRUE,FALSE,OneOFF_StarSystem,6,2,14,,,,,
OneOFF_StarSystem_0779,7800,Mu Arae,Star System No. 779 has now been reached by the Wave Front: Mu Arae,FALSE,GY_ONEOFF,,,,52678.075,2044,TRUE,TRUE,FALSE,OneOFF_StarSystem,6,3,22,,,,,
OneOFF_StarSystem_0780,7810,Gliese 317,Star System No. 780 has now been reached by the Wave Front: Gliese 317,FALSE,GY_ONEOFF,,,,52714.6,2044,TRUE,TRUE,FALSE,OneOFF_StarSystem,6,4,27,,,,,
OneOFF_StarSystem_0781,7820,SCR J1826-6542,Star System No. 781 has now been reached by the Wave Front: SCR J1826-6542,FALSE,GY_ONEOFF,,,,52429.705,2043,TRUE,TRUE,FALSE,OneOFF_StarSystem,6,7,17,,,,,
OneOFF_StarSystem_0782,7830,Delta Aquilae - A,Star System No. 782 has now been reached by the Wave Front: Delta Aquilae - A,FALSE,GY_ONEOFF,,,,52787.65,2044,TRUE,TRUE,FALSE,OneOFF_StarSystem,6,7,9,,,,,
OneOFF_StarSystem_0783,7840,Delta Aquilae - B,Star System No. 783 has now been reached by the Wave Front: Delta Aquilae - B,FALSE,GY_ONEOFF,,,,52787.67083,2044,TRUE,TRUE,FALSE,OneOFF_StarSystem,6,7,9,,,,,
OneOFF_StarSystem_0784,7850,51 Pegasi (Helvetios),Star System No. 784 has now been reached by the Wave Front: 51 Pegasi (Helvetios),FALSE,GY_ONEOFF,,,,52787.69167,2044,TRUE,TRUE,FALSE,OneOFF_StarSystem,6,7,9,,,,,
OneOFF_StarSystem_0785,7860,HR 159 - A,Star System No. 785 has now been reached by the Wave Front: HR 159 - A,FALSE,GY_ONEOFF,,,,52824.175,2044,TRUE,TRUE,FALSE,OneOFF_StarSystem,6,8,15,,,,,
OneOFF_StarSystem_0786,7870,HR 159 - B,Star System No. 786 has now been reached by the Wave Front: HR 159 - B,FALSE,GY_ONEOFF,,,,52824.19583,2044,TRUE,TRUE,FALSE,OneOFF_StarSystem,6,8,15,,,,,
OneOFF_StarSystem_0787,7880,WISE 0614+3912,Star System No. 787 has now been reached by the Wave Front: WISE 0614+3912,FALSE,GY_ONEOFF,,,,52824.21667,2044,TRUE,TRUE,FALSE,OneOFF_StarSystem,6,8,15,,,,,
OneOFF_StarSystem_0788,7890,WISE 1617+1807,Star System No. 788 has now been reached by the Wave Front: WISE 1617+1807,FALSE,GY_ONEOFF,,,,52824.2375,2044,TRUE,TRUE,FALSE,OneOFF_StarSystem,6,8,15,,,,,
OneOFF_StarSystem_0789,7900,WISE 1627+3255,Star System No. 789 has now been reached by the Wave Front: WISE 1627+3255,FALSE,GY_ONEOFF,,,,52824.25833,2044,TRUE,TRUE,FALSE,OneOFF_StarSystem,6,8,15,,,,,
OneOFF_StarSystem_0790,7910,Gliese 156,Star System No. 790 has now been reached by the Wave Front: Gliese 156,FALSE,GY_ONEOFF,,,,52860.7,2044,TRUE,TRUE,FALSE,OneOFF_StarSystem,6,9,20,,,,,
OneOFF_StarSystem_0791,7920,Phi² Ceti,Star System No. 791 has now been reached by the Wave Front: Phi² Ceti,FALSE,GY_ONEOFF,,,,52897.225,2044,TRUE,TRUE,FALSE,OneOFF_StarSystem,6,10,27,,,,,
OneOFF_StarSystem_0792,7930,Sigma Boötis (Hemelein Secunda),Star System No. 792 has now been reached by the Wave Front: Sigma Boötis (Hemelein Secunda),FALSE,GY_ONEOFF,,,,52897.24583,2044,TRUE,TRUE,FALSE,OneOFF_StarSystem,6,10,27,,,,,
OneOFF_StarSystem_0793,7940,Gliese 862,Star System No. 793 has now been reached by the Wave Front: Gliese 862,FALSE,GY_ONEOFF,,,,52897.26667,2044,TRUE,TRUE,FALSE,OneOFF_StarSystem,6,10,27,,,,,
OneOFF_StarSystem_0794,7950,Gliese 227,Star System No. 794 has now been reached by the Wave Front: Gliese 227,FALSE,GY_ONEOFF,,,,52897.2875,2044,TRUE,TRUE,FALSE,OneOFF_StarSystem,6,10,27,,,,,
OneOFF_StarSystem_0795,7960,99 Herculis - A,Star System No. 795 has now been reached by the Wave Front: 99 Herculis - A,FALSE,GY_ONEOFF,,,,52933.75,2044,TRUE,TRUE,FALSE,OneOFF_StarSystem,6,12,2,,,,,
OneOFF_StarSystem_0796,7970,99 Herculis - B,Star System No. 796 has now been reached by the Wave Front: 99 Herculis - B,FALSE,GY_ONEOFF,,,,52933.77083,2044,TRUE,TRUE,FALSE,OneOFF_StarSystem,6,12,2,,,,,
OneOFF_StarSystem_0797,7980,Gliese 758,Star System No. 797 has now been reached by the Wave Front: Gliese 758,FALSE,GY_ONEOFF,,,,52933.79167,2044,TRUE,TRUE,FALSE,OneOFF_StarSystem,6,12,2,,,,,
OneOFF_StarSystem_0798,7990,WISE 0542-1628,Star System No. 798 has now been reached by the Wave Front: WISE 0542-1628,FALSE,GY_ONEOFF,,,,52970.275,2045,TRUE,TRUE,FALSE,OneOFF_StarSystem,6,1,8,,,,,
OneOFF_StarSystem_0799,8000,WISE 1124-0421,Star System No. 799 has now been reached by the Wave Front: WISE 1124-0421,FALSE,GY_ONEOFF,,,,52970.29583,2045,TRUE,TRUE,FALSE,OneOFF_StarSystem,6,1,8,,,,,
OneOFF_StarSystem_0800,8010,WISE 2015+6646,Star System No. 800 has now been reached by the Wave Front: WISE 2015+6646,FALSE,GY_ONEOFF,,,,52970.31667,2045,TRUE,TRUE,FALSE,OneOFF_StarSystem,6,1,8,,,,,
OneOFF_StarSystem_0801,8020,Gliese 3685/3686,Star System No. 801 has now been reached by the Wave Front: Gliese 3685/3686,FALSE,GY_ONEOFF,,,,53006.8,2045,TRUE,TRUE,FALSE,OneOFF_StarSystem,6,2,13,,,,,
OneOFF_StarSystem_0802,8030,HD 38858,Star System No. 802 has now been reached by the Wave Front: HD 38858,FALSE,GY_ONEOFF,,,,53043.325,2045,TRUE,TRUE,FALSE,OneOFF_StarSystem,6,3,22,,,,,
OneOFF_StarSystem_0803,8040,HD 135599,Star System No. 803 has now been reached by the Wave Front: HD 135599,FALSE,GY_ONEOFF,,,,53043.34583,2045,TRUE,TRUE,FALSE,OneOFF_StarSystem,6,3,22,,,,,
OneOFF_StarSystem_0804,8050,Gliese 778,Star System No. 804 has now been reached by the Wave Front: Gliese 778,FALSE,GY_ONEOFF,,,,53043.36667,2045,TRUE,TRUE,FALSE,OneOFF_StarSystem,6,3,22,,,,,
OneOFF_StarSystem_0805,8060,Mu Arae (Cervantes/HD 160691),Star System No. 805 has now been reached by the Wave Front: Mu Arae (Cervantes/HD 160691),FALSE,GY_ONEOFF,,,,53076.1975,2045,TRUE,TRUE,FALSE,OneOFF_StarSystem,6,4,24,,,,,
OneOFF_StarSystem_0806,8070,Tau Boötis,Star System No. 806 has now been reached by the Wave Front: Tau Boötis,FALSE,GY_ONEOFF,,,,53079.85,2045,TRUE,TRUE,FALSE,OneOFF_StarSystem,6,4,27,,,,,
OneOFF_StarSystem_0807,8080,Gliese 1175,Star System No. 807 has now been reached by the Wave Front: Gliese 1175,FALSE,GY_ONEOFF,,,,53079.87083,2045,TRUE,TRUE,FALSE,OneOFF_StarSystem,6,4,27,,,,,
OneOFF_StarSystem_0808,8090,WISE 1519+7009,Star System No. 808 has now been reached by the Wave Front: WISE 1519+7009,FALSE,GY_ONEOFF,,,,53079.89167,2045,TRUE,TRUE,FALSE,OneOFF_StarSystem,6,4,27,,,,,
OneOFF_StarSystem_0809,8100,HD 207129,Star System No. 809 has now been reached by the Wave Front: HD 207129,FALSE,GY_ONEOFF,,,,53116.375,2045,TRUE,TRUE,FALSE,OneOFF_StarSystem,6,6,3,,,,,
OneOFF_StarSystem_0810,8110,Gliese 782,Star System No. 810 has now been reached by the Wave Front: Gliese 782,FALSE,GY_ONEOFF,,,,53152.9,2045,TRUE,TRUE,FALSE,OneOFF_StarSystem,6,7,9,,,,,
OneOFF_StarSystem_0811,8120,Gliese 397,Star System No. 811 has now been reached by the Wave Front: Gliese 397,FALSE,GY_ONEOFF,,,,53152.92083,2045,TRUE,TRUE,FALSE,OneOFF_StarSystem,6,7,9,,,,,
OneOFF_StarSystem_0812,8130,HD 113538,Star System No. 812 has now been reached by the Wave Front: HD 113538,FALSE,GY_ONEOFF,,,,53189.425,2045,TRUE,TRUE,FALSE,OneOFF_StarSystem,6,8,15,,,,,
OneOFF_StarSystem_0813,8140,WISE 0325-3854,Star System No. 813 has now been reached by the Wave Front: WISE 0325-3854,FALSE,GY_ONEOFF,,,,53189.44583,2045,TRUE,TRUE,FALSE,OneOFF_StarSystem,6,8,15,,,,,
OneOFF_StarSystem_0814,8150,WISE 2342+0856,Star System No. 814 has now been reached by the Wave Front: WISE 2342+0856,FALSE,GY_ONEOFF,,,,53189.46667,2045,TRUE,TRUE,FALSE,OneOFF_StarSystem,6,8,15,,,,,
OneOFF_StarSystem_0815,8160,HD 139763,Star System No. 815 has now been reached by the Wave Front: HD 139763,FALSE,GY_ONEOFF,,,,53225.95,2045,TRUE,TRUE,FALSE,OneOFF_StarSystem,6,9,20,,,,,
OneOFF_StarSystem_0816,8170,Gliese 157,Star System No. 816 has now been reached by the Wave Front: Gliese 157,FALSE,GY_ONEOFF,,,,53262.475,2045,TRUE,TRUE,FALSE,OneOFF_StarSystem,6,10,27,,,,,
OneOFF_StarSystem_0817,8180,WISE 0614+0951,Star System No. 817 has now been reached by the Wave Front: WISE 0614+0951,FALSE,GY_ONEOFF,,,,53299,2045,TRUE,TRUE,FALSE,OneOFF_StarSystem,6,12,3,,,,,
OneOFF_StarSystem_0818,8190,WISE 0750+2725,Star System No. 818 has now been reached by the Wave Front: WISE 0750+2725,FALSE,GY_ONEOFF,,,,53299.02083,2045,TRUE,TRUE,FALSE,OneOFF_StarSystem,6,12,3,,,,,
OneOFF_StarSystem_0819,8200,WISE 0906+4735,Star System No. 819 has now been reached by the Wave Front: WISE 0906+4735,FALSE,GY_ONEOFF,,,,53299.04167,2045,TRUE,TRUE,FALSE,OneOFF_StarSystem,6,12,3,,,,,
OneOFF_StarSystem_0820,8210,WISE 1906+4508,Star System No. 820 has now been reached by the Wave Front: WISE 1906+4508,FALSE,GY_ONEOFF,,,,53299.0625,2045,TRUE,TRUE,FALSE,OneOFF_StarSystem,6,12,3,,,,,
OneOFF_StarSystem_0821,8220,Gliese 3929,Star System No. 821 has now been reached by the Wave Front: Gliese 3929,FALSE,GY_ONEOFF,,,,53313.61,2045,TRUE,TRUE,FALSE,OneOFF_StarSystem,6,12,17,,,,,
OneOFF_StarSystem_0822,8230,Chi Herculis,Star System No. 822 has now been reached by the Wave Front: Chi Herculis,FALSE,GY_ONEOFF,,,,53372.05,2046,TRUE,TRUE,FALSE,OneOFF_StarSystem,6,2,14,,,,,
OneOFF_StarSystem_0823,8240,104 Tauri,Star System No. 823 has now been reached by the Wave Front: 104 Tauri,FALSE,GY_ONEOFF,,,,53408.575,2046,TRUE,TRUE,FALSE,OneOFF_StarSystem,6,3,22,,,,,
OneOFF_StarSystem_0824,8250,Gliese 777 - A,Star System No. 824 has now been reached by the Wave Front: Gliese 777 - A,FALSE,GY_ONEOFF,,,,53408.59583,2046,TRUE,TRUE,FALSE,OneOFF_StarSystem,6,3,22,,,,,
OneOFF_StarSystem_0825,8260,Gliese 777 - B,Star System No. 825 has now been reached by the Wave Front: Gliese 777 - B,FALSE,GY_ONEOFF,,,,53408.61667,2046,TRUE,TRUE,FALSE,OneOFF_StarSystem,6,3,22,,,,,
OneOFF_StarSystem_0826,8270,Ross 640,Star System No. 826 has now been reached by the Wave Front: Ross 640,FALSE,GY_ONEOFF,,,,53423.185,2046,TRUE,TRUE,FALSE,OneOFF_StarSystem,6,4,6,,,,,
OneOFF_StarSystem_0827,8280,Gliese 619,Star System No. 827 has now been reached by the Wave Front: Gliese 619,FALSE,GY_ONEOFF,,,,53445.1,2046,TRUE,TRUE,FALSE,OneOFF_StarSystem,6,4,28,,,,,
OneOFF_StarSystem_0828,8290,Gliese 112.1,Star System No. 828 has now been reached by the Wave Front: Gliese 112.1,FALSE,GY_ONEOFF,,,,53445.12083,2046,TRUE,TRUE,FALSE,OneOFF_StarSystem,6,4,28,,,,,
OneOFF_StarSystem_0829,8300,Gliese 156.2,Star System No. 829 has now been reached by the Wave Front: Gliese 156.2,FALSE,GY_ONEOFF,,,,53518.15,2046,TRUE,TRUE,FALSE,OneOFF_StarSystem,6,7,10,,,,,
OneOFF_StarSystem_0830,8310,Gliese 462,Star System No. 830 has now been reached by the Wave Front: Gliese 462,FALSE,GY_ONEOFF,,,,53554.675,2046,TRUE,TRUE,FALSE,OneOFF_StarSystem,6,8,15,,,,,
OneOFF_StarSystem_0831,8320,Gliese 3,Star System No. 831 has now been reached by the Wave Front: Gliese 3,FALSE,GY_ONEOFF,,,,53554.69583,2046,TRUE,TRUE,FALSE,OneOFF_StarSystem,6,8,15,,,,,
OneOFF_StarSystem_0832,8330,WISE 1457+5815,Star System No. 832 has now been reached by the Wave Front: WISE 1457+5815,FALSE,GY_ONEOFF,,,,53554.71667,2046,TRUE,TRUE,FALSE,OneOFF_StarSystem,6,8,15,,,,,
OneOFF_StarSystem_0833,8340,WISE 2319-1844,Star System No. 833 has now been reached by the Wave Front: WISE 2319-1844,FALSE,GY_ONEOFF,,,,53554.7375,2046,TRUE,TRUE,FALSE,OneOFF_StarSystem,6,8,15,,,,,
OneOFF_StarSystem_0834,8350,WISE 1622-0959,Star System No. 834 has now been reached by the Wave Front: WISE 1622-0959,FALSE,GY_ONEOFF,,,,53554.75833,2046,TRUE,TRUE,FALSE,OneOFF_StarSystem,6,8,15,,,,,
OneOFF_StarSystem_0835,8360,Gliese 3781,Star System No. 835 has now been reached by the Wave Front: Gliese 3781,FALSE,GY_ONEOFF,,,,53591.2,2046,TRUE,TRUE,FALSE,OneOFF_StarSystem,6,9,21,,,,,
OneOFF_StarSystem_0836,8370,Gliese 32,Star System No. 836 has now been reached by the Wave Front: Gliese 32,FALSE,GY_ONEOFF,,,,53591.22083,2046,TRUE,TRUE,FALSE,OneOFF_StarSystem,6,9,21,,,,,
OneOFF_StarSystem_0837,8380,Gliese 1062,Star System No. 837 has now been reached by the Wave Front: Gliese 1062,FALSE,GY_ONEOFF,,,,53591.24167,2046,TRUE,TRUE,FALSE,OneOFF_StarSystem,6,9,21,,,,,
OneOFF_StarSystem_0838,8390,HD 179930,Star System No. 838 has now been reached by the Wave Front: HD 179930,FALSE,GY_ONEOFF,,,,53664.25,2046,TRUE,TRUE,FALSE,OneOFF_StarSystem,6,12,3,,,,,
OneOFF_StarSystem_0839,8400,Gliese 1264,Star System No. 839 has now been reached by the Wave Front: Gliese 1264,FALSE,GY_ONEOFF,,,,53700.775,2047,TRUE,TRUE,FALSE,OneOFF_StarSystem,6,1,8,,,,,
OneOFF_StarSystem_0840,8410,HR 3138,Star System No. 840 has now been reached by the Wave Front: HR 3138,FALSE,GY_ONEOFF,,,,53773.825,2047,TRUE,TRUE,FALSE,OneOFF_StarSystem,6,3,22,,,,,
OneOFF_StarSystem_0841,8420,Gliese 472,Star System No. 841 has now been reached by the Wave Front: Gliese 472,FALSE,GY_ONEOFF,,,,53773.84583,2047,TRUE,TRUE,FALSE,OneOFF_StarSystem,6,3,22,,,,,
OneOFF_StarSystem_0842,8430,Gliese 824,Star System No. 842 has now been reached by the Wave Front: Gliese 824,FALSE,GY_ONEOFF,,,,53773.86667,2047,TRUE,TRUE,FALSE,OneOFF_StarSystem,6,3,22,,,,,
OneOFF_StarSystem_0843,8440,I Carinae,Star System No. 843 has now been reached by the Wave Front: I Carinae,FALSE,GY_ONEOFF,,,,53810.35,2047,TRUE,TRUE,FALSE,OneOFF_StarSystem,6,4,28,,,,,
OneOFF_StarSystem_0844,8450,Gliese 152,Star System No. 844 has now been reached by the Wave Front: Gliese 152,FALSE,GY_ONEOFF,,,,53810.37083,2047,TRUE,TRUE,FALSE,OneOFF_StarSystem,6,4,28,,,,,
OneOFF_StarSystem_0845,8460,Xi Pegasi - A,Star System No. 845 has now been reached by the Wave Front: Xi Pegasi - A,FALSE,GY_ONEOFF,,,,53846.875,2047,TRUE,TRUE,FALSE,OneOFF_StarSystem,6,6,3,,,,,
OneOFF_StarSystem_0846,8470,Xi Pegasi - B,Star System No. 846 has now been reached by the Wave Front: Xi Pegasi - B,FALSE,GY_ONEOFF,,,,53846.89583,2047,TRUE,TRUE,FALSE,OneOFF_StarSystem,6,6,3,,,,,
OneOFF_StarSystem_0847,8480,10 Ursae Majoris,Star System No. 847 has now been reached by the Wave Front: 10 Ursae Majoris,FALSE,GY_ONEOFF,,,,53846.91667,2047,TRUE,TRUE,FALSE,OneOFF_StarSystem,6,6,3,,,,,
OneOFF_StarSystem_0848,8490,WISE 1042-3842,Star System No. 848 has now been reached by the Wave Front: WISE 1042-3842,FALSE,GY_ONEOFF,,,,53919.925,2047,TRUE,TRUE,FALSE,OneOFF_StarSystem,6,8,15,,,,,
OneOFF_StarSystem_0849,8500,HR 6516,Star System No. 849 has now been reached by the Wave Front: HR 6516,FALSE,GY_ONEOFF,,,,53956.45,2047,TRUE,TRUE,FALSE,OneOFF_StarSystem,6,9,21,,,,,
OneOFF_StarSystem_0850,8510,9 Puppis,Star System No. 850 has now been reached by the Wave Front: 9 Puppis,FALSE,GY_ONEOFF,,,,53992.975,2047,TRUE,TRUE,FALSE,OneOFF_StarSystem,6,10,27,,,,,
OneOFF_StarSystem_0851,8520,Gliese 143,Star System No. 851 has now been reached by the Wave Front: Gliese 143,FALSE,GY_ONEOFF,,,,53992.99583,2047,TRUE,TRUE,FALSE,OneOFF_StarSystem,6,10,27,,,,,
OneOFF_StarSystem_0852,8530,Gliese 1177,Star System No. 852 has now been reached by the Wave Front: Gliese 1177,FALSE,GY_ONEOFF,,,,53993.01667,2047,TRUE,TRUE,FALSE,OneOFF_StarSystem,6,10,28,,,,,
OneOFF_StarSystem_0853,8540,Gliese 826.1,Star System No. 853 has now been reached by the Wave Front: Gliese 826.1,FALSE,GY_ONEOFF,,,,53993.0375,2047,TRUE,TRUE,FALSE,OneOFF_StarSystem,6,10,28,,,,,
OneOFF_StarSystem_0854,8550,HD 40887,Star System No. 854 has now been reached by the Wave Front: HD 40887,FALSE,GY_ONEOFF,,,,53993.05833,2047,TRUE,TRUE,FALSE,OneOFF_StarSystem,6,10,28,,,,,
OneOFF_StarSystem_0855,8560,Alpha Circini (Xami),Star System No. 855 has now been reached by the Wave Front: Alpha Circini (Xami),FALSE,GY_ONEOFF,,,,54029.5,2047,TRUE,TRUE,FALSE,OneOFF_StarSystem,6,12,3,,,,,
OneOFF_StarSystem_0856,8570,Gliese 247,Star System No. 856 has now been reached by the Wave Front: Gliese 247,FALSE,GY_ONEOFF,,,,54029.52083,2047,TRUE,TRUE,FALSE,OneOFF_StarSystem,6,12,3,,,,,
OneOFF_StarSystem_0857,8580,BPM 37093,Star System No. 857 has now been reached by the Wave Front: BPM 37093,FALSE,GY_ONEOFF,,,,54029.54167,2047,TRUE,TRUE,FALSE,OneOFF_StarSystem,6,12,3,,,,,
OneOFF_StarSystem_0858,8590,WISE 2237-0614,Star System No. 858 has now been reached by the Wave Front: WISE 2237-0614,FALSE,GY_ONEOFF,,,,54029.5625,2047,TRUE,TRUE,FALSE,OneOFF_StarSystem,6,12,3,,,,,
OneOFF_StarSystem_0859,8600,BY Draconis,Star System No. 859 has now been reached by the Wave Front: BY Draconis,FALSE,GY_ONEOFF,,,,54066.025,2048,TRUE,TRUE,FALSE,OneOFF_StarSystem,6,1,9,,,,,
OneOFF_StarSystem_0860,8610,Gliese 531,Star System No. 860 has now been reached by the Wave Front: Gliese 531,FALSE,GY_ONEOFF,,,,54066.04583,2048,TRUE,TRUE,FALSE,OneOFF_StarSystem,6,1,9,,,,,
OneOFF_StarSystem_0861,8620,Gliese 676 - A,Star System No. 861 has now been reached by the Wave Front: Gliese 676 - A,FALSE,GY_ONEOFF,,,,54102.55,2048,TRUE,TRUE,FALSE,OneOFF_StarSystem,6,2,14,,,,,
OneOFF_StarSystem_0862,8630,Gliese 676 - B,Star System No. 862 has now been reached by the Wave Front: Gliese 676 - B,FALSE,GY_ONEOFF,,,,54102.57083,2048,TRUE,TRUE,FALSE,OneOFF_StarSystem,6,2,14,,,,,
OneOFF_StarSystem_0863,8640,Gliese 322,Star System No. 863 has now been reached by the Wave Front: Gliese 322,FALSE,GY_ONEOFF,,,,54139.075,2048,TRUE,TRUE,FALSE,OneOFF_StarSystem,6,3,22,,,,,
OneOFF_StarSystem_0864,8650,WISE 0241-3653,Star System No. 864 has now been reached by the Wave Front: WISE 0241-3653,FALSE,GY_ONEOFF,,,,54139.09583,2048,TRUE,TRUE,FALSE,OneOFF_StarSystem,6,3,22,,,,,
OneOFF_StarSystem_0865,8660,Psi5 Aurigae,Star System No. 865 has now been reached by the Wave Front: Psi5 Aurigae,FALSE,GY_ONEOFF,,,,54175.6,2048,TRUE,TRUE,FALSE,OneOFF_StarSystem,6,4,27,,,,,
OneOFF_StarSystem_0866,8670,HD 53705/53706/53680,Star System No. 866 has now been reached by the Wave Front: HD 53705/53706/53680,FALSE,GY_ONEOFF,,,,54175.62083,2048,TRUE,TRUE,FALSE,OneOFF_StarSystem,6,4,27,,,,,
OneOFF_StarSystem_0867,8680,Gliese 553,Star System No. 867 has now been reached by the Wave Front: Gliese 553,FALSE,GY_ONEOFF,,,,54175.64167,2048,TRUE,TRUE,FALSE,OneOFF_StarSystem,6,4,27,,,,,
OneOFF_StarSystem_0868,8690,Gliese 1049,Star System No. 868 has now been reached by the Wave Front: Gliese 1049,FALSE,GY_ONEOFF,,,,54175.6625,2048,TRUE,TRUE,FALSE,OneOFF_StarSystem,6,4,27,,,,,
OneOFF_StarSystem_0869,8700,HD 128311,Star System No. 869 has now been reached by the Wave Front: HD 128311,FALSE,GY_ONEOFF,,,,54212.125,2048,TRUE,TRUE,FALSE,OneOFF_StarSystem,6,6,3,,,,,
OneOFF_StarSystem_0870,8710,Wolf 1130 - A,Star System No. 870 has now been reached by the Wave Front: Wolf 1130 - A,FALSE,GY_ONEOFF,,,,54244.9975,2048,TRUE,TRUE,FALSE,OneOFF_StarSystem,6,7,5,,,,,
OneOFF_StarSystem_0871,8720,Wolf 1130 - B,Star System No. 871 has now been reached by the Wave Front: Wolf 1130 - B,FALSE,GY_ONEOFF,,,,54245.01833,2048,TRUE,TRUE,FALSE,OneOFF_StarSystem,6,7,6,,,,,
OneOFF_StarSystem_0872,8730,HR 5273,Star System No. 872 has now been reached by the Wave Front: HR 5273,FALSE,GY_ONEOFF,,,,54248.65,2048,TRUE,TRUE,FALSE,OneOFF_StarSystem,6,7,9,,,,,
OneOFF_StarSystem_0873,8740,WISE 0656+4205,Star System No. 873 has now been reached by the Wave Front: WISE 0656+4205,FALSE,GY_ONEOFF,,,,54248.67083,2048,TRUE,TRUE,FALSE,OneOFF_StarSystem,6,7,9,,,,,
OneOFF_StarSystem_0874,8750,WISE 2348-1028,Star System No. 874 has now been reached by the Wave Front: WISE 2348-1028,FALSE,GY_ONEOFF,,,,54248.69167,2048,TRUE,TRUE,FALSE,OneOFF_StarSystem,6,7,9,,,,,
OneOFF_StarSystem_0875,8760,Gliese 3839,Star System No. 875 has now been reached by the Wave Front: Gliese 3839,FALSE,GY_ONEOFF,,,,54343.615,2048,TRUE,TRUE,FALSE,OneOFF_StarSystem,6,10,12,,,,,
OneOFF_StarSystem_0876,8770,WISE 1804+3117,Star System No. 876 has now been reached by the Wave Front: WISE 1804+3117,FALSE,GY_ONEOFF,,,,54358.225,2048,TRUE,TRUE,FALSE,OneOFF_StarSystem,6,10,27,,,,,
OneOFF_StarSystem_0877,8780,WISE 0148-7202,Star System No. 877 has now been reached by the Wave Front: WISE 0148-7202,FALSE,GY_ONEOFF,,,,54358.24583,2048,TRUE,TRUE,FALSE,OneOFF_StarSystem,6,10,27,,,,,
OneOFF_StarSystem_0878,8790,Gliese 633,Star System No. 878 has now been reached by the Wave Front: Gliese 633,FALSE,GY_ONEOFF,,,,54383.7925,2048,TRUE,TRUE,FALSE,OneOFF_StarSystem,6,11,21,,,,,
OneOFF_StarSystem_0879,8800,Beta Cassiopeiae (Caph),Star System No. 879 has now been reached by the Wave Front: Beta Cassiopeiae (Caph),FALSE,GY_ONEOFF,,,,54394.75,2048,TRUE,TRUE,FALSE,OneOFF_StarSystem,6,12,2,,,,,
OneOFF_StarSystem_0880,8810,HR 2225,Star System No. 880 has now been reached by the Wave Front: HR 2225,FALSE,GY_ONEOFF,,,,54394.77083,2048,TRUE,TRUE,FALSE,OneOFF_StarSystem,6,12,2,,,,,
OneOFF_StarSystem_0881,8820,Gliese 795,Star System No. 881 has now been reached by the Wave Front: Gliese 795,FALSE,GY_ONEOFF,,,,54394.79167,2048,TRUE,TRUE,FALSE,OneOFF_StarSystem,6,12,2,,,,,
OneOFF_StarSystem_0882,8830,39 Tauri,Star System No. 882 has now been reached by the Wave Front: 39 Tauri,FALSE,GY_ONEOFF,,,,54431.275,2049,TRUE,TRUE,FALSE,OneOFF_StarSystem,6,1,8,,,,,
OneOFF_StarSystem_0883,8840,A 2329,Star System No. 883 has now been reached by the Wave Front: A 2329,FALSE,GY_ONEOFF,,,,54431.29583,2049,TRUE,TRUE,FALSE,OneOFF_StarSystem,6,1,8,,,,,
OneOFF_StarSystem_0884,8850,Gliese 295,Star System No. 884 has now been reached by the Wave Front: Gliese 295,FALSE,GY_ONEOFF,,,,54504.325,2049,TRUE,TRUE,FALSE,OneOFF_StarSystem,6,3,22,,,,,
OneOFF_StarSystem_0885,8860,Gliese 1181,Star System No. 885 has now been reached by the Wave Front: Gliese 1181,FALSE,GY_ONEOFF,,,,54504.34583,2049,TRUE,TRUE,FALSE,OneOFF_StarSystem,6,3,22,,,,,
OneOFF_StarSystem_0886,8870,Gliese 786,Star System No. 886 has now been reached by the Wave Front: Gliese 786,FALSE,GY_ONEOFF,,,,54504.36667,2049,TRUE,TRUE,FALSE,OneOFF_StarSystem,6,3,22,,,,,
OneOFF_StarSystem_0887,8880,WISE 0333-5856,Star System No. 887 has now been reached by the Wave Front: WISE 0333-5856,FALSE,GY_ONEOFF,,,,54504.3875,2049,TRUE,TRUE,FALSE,OneOFF_StarSystem,6,3,22,,,,,
OneOFF_StarSystem_0888,8890,WISE 2357+1227,Star System No. 888 has now been reached by the Wave Front: WISE 2357+1227,FALSE,GY_ONEOFF,,,,54504.40833,2049,TRUE,TRUE,FALSE,OneOFF_StarSystem,6,3,22,,,,,
OneOFF_StarSystem_0889,8900,HD 7924,Star System No. 889 has now been reached by the Wave Front: HD 7924,FALSE,GY_ONEOFF,,,,54540.85,2049,TRUE,TRUE,FALSE,OneOFF_StarSystem,6,4,27,,,,,
OneOFF_StarSystem_0890,8910,HR 2721,Star System No. 890 has now been reached by the Wave Front: HR 2721,FALSE,GY_ONEOFF,,,,54577.375,2049,TRUE,TRUE,FALSE,OneOFF_StarSystem,6,6,3,,,,,
OneOFF_StarSystem_0891,8920,Gliese 895.4,Star System No. 891 has now been reached by the Wave Front: Gliese 895.4,FALSE,GY_ONEOFF,,,,54577.39583,2049,TRUE,TRUE,FALSE,OneOFF_StarSystem,6,6,3,,,,,
OneOFF_StarSystem_0892,8930,Gliese 200,Star System No. 892 has now been reached by the Wave Front: Gliese 200,FALSE,GY_ONEOFF,,,,54577.41667,2049,TRUE,TRUE,FALSE,OneOFF_StarSystem,6,6,3,,,,,
OneOFF_StarSystem_0893,8940,HD 152391,Star System No. 893 has now been reached by the Wave Front: HD 152391,FALSE,GY_ONEOFF,,,,54650.425,2049,TRUE,TRUE,FALSE,OneOFF_StarSystem,6,8,15,,,,,
OneOFF_StarSystem_0894,8950,Gliese 886,Star System No. 894 has now been reached by the Wave Front: Gliese 886,FALSE,GY_ONEOFF,,,,54650.44583,2049,TRUE,TRUE,FALSE,OneOFF_StarSystem,6,8,15,,,,,
OneOFF_StarSystem_0895,8960,Gliese 565,Star System No. 895 has now been reached by the Wave Front: Gliese 565,FALSE,GY_ONEOFF,,,,54686.95,2049,TRUE,TRUE,FALSE,OneOFF_StarSystem,6,9,20,,,,,
OneOFF_StarSystem_0896,8970,WISE 0366-0143,Star System No. 896 has now been reached by the Wave Front: WISE 0366-0143,FALSE,GY_ONEOFF,,,,54723.475,2049,TRUE,TRUE,FALSE,OneOFF_StarSystem,6,10,27,,,,,
OneOFF_StarSystem_0897,8980,WISE 1225-1013,Star System No. 897 has now been reached by the Wave Front: WISE 1225-1013,FALSE,GY_ONEOFF,,,,54723.49583,2049,TRUE,TRUE,FALSE,OneOFF_StarSystem,6,10,27,,,,,
OneOFF_StarSystem_0898,8990,WISE 1612-3420,Star System No. 898 has now been reached by the Wave Front: WISE 1612-3420,FALSE,GY_ONEOFF,,,,54723.51667,2049,TRUE,TRUE,FALSE,OneOFF_StarSystem,6,10,27,,,,,
OneOFF_StarSystem_0899,9000,WISE 1852+3537,Star System No. 899 has now been reached by the Wave Front: WISE 1852+3537,FALSE,GY_ONEOFF,,,,54723.5375,2049,TRUE,TRUE,FALSE,OneOFF_StarSystem,6,10,27,,,,,
OneOFF_StarSystem_0900,9010,HD 7924,Star System No. 900 has now been reached by the Wave Front: HD 7924,FALSE,GY_ONEOFF,,,,54741.7375,2049,TRUE,TRUE,FALSE,OneOFF_StarSystem,6,11,14,,,,,
OneOFF_StarSystem_0901,9020,HR 2997,Star System No. 901 has now been reached by the Wave Front: HR 2997,FALSE,GY_ONEOFF,,,,54796.525,2050,TRUE,TRUE,FALSE,OneOFF_StarSystem,6,1,8,,,,,
OneOFF_StarSystem_0902,9030,Gliese 728,Star System No. 902 has now been reached by the Wave Front: Gliese 728,FALSE,GY_ONEOFF,,,,54833.05,2050,TRUE,TRUE,FALSE,OneOFF_StarSystem,6,2,14,,,,,
OneOFF_StarSystem_0903,9040,HD 76151,Star System No. 903 has now been reached by the Wave Front: HD 76151,FALSE,GY_ONEOFF,,,,54869.575,2050,TRUE,TRUE,FALSE,OneOFF_StarSystem,6,3,22,,,,,
OneOFF_StarSystem_0904,9050,HR 7232,Star System No. 904 has now been reached by the Wave Front: HR 7232,FALSE,GY_ONEOFF,,,,54942.625,2050,TRUE,TRUE,FALSE,OneOFF_StarSystem,6,6,3,,,,,
OneOFF_StarSystem_0905,9060,HR 4864,Star System No. 905 has now been reached by the Wave Front: HR 4864,FALSE,GY_ONEOFF,,,,54942.64583,2050,TRUE,TRUE,FALSE,OneOFF_StarSystem,6,6,3,,,,,
OneOFF_StarSystem_0906,9070,WISE 0245-3450,Star System No. 906 has now been reached by the Wave Front: WISE 0245-3450,FALSE,GY_ONEOFF,,,,54979.15,2050,TRUE,TRUE,FALSE,OneOFF_StarSystem,6,7,10,,,,,
OneOFF_StarSystem_0907,9080,WISE 1320+6034,Star System No. 907 has now been reached by the Wave Front: WISE 1320+6034,FALSE,GY_ONEOFF,,,,54979.17083,2050,TRUE,TRUE,FALSE,OneOFF_StarSystem,6,7,10,,,,,
OneOFF_StarSystem_0908,9090,Iota Horologii,Star System No. 908 has now been reached by the Wave Front: Iota Horologii,FALSE,GY_ONEOFF,,,,55015.675,2050,TRUE,TRUE,FALSE,OneOFF_StarSystem,6,8,15,,,,,
OneOFF_StarSystem_0909,9100,Gliese 3076,Star System No. 909 has now been reached by the Wave Front: Gliese 3076,FALSE,GY_ONEOFF,,,,55026.6325,2050,TRUE,TRUE,FALSE,OneOFF_StarSystem,6,8,26,,,,,
OneOFF_StarSystem_0910,9110,37 Geminorum,Star System No. 910 has now been reached by the Wave Front: 37 Geminorum,FALSE,GY_ONEOFF,,,,55052.2,2050,TRUE,TRUE,FALSE,OneOFF_StarSystem,6,9,21,,,,,
OneOFF_StarSystem_0911,9120,HD 3765,Star System No. 911 has now been reached by the Wave Front: HD 3765,FALSE,GY_ONEOFF,,,,55052.22083,2050,TRUE,TRUE,FALSE,OneOFF_StarSystem,6,9,21,,,,,
OneOFF_StarSystem_0912,9130,Gliese 3476,Star System No. 912 has now been reached by the Wave Front: Gliese 3476,FALSE,GY_ONEOFF,,,,55088.725,2050,TRUE,TRUE,FALSE,OneOFF_StarSystem,6,10,27,,,,,
OneOFF_StarSystem_0913,9140,HIP 92444,Star System No. 913 has now been reached by the Wave Front: HIP 92444,FALSE,GY_ONEOFF,,,,55088.74583,2050,TRUE,TRUE,FALSE,OneOFF_StarSystem,6,10,27,,,,,
OneOFF_StarSystem_0914,9150,Gliese 3222,Star System No. 914 has now been reached by the Wave Front: Gliese 3222,FALSE,GY_ONEOFF,,,,55088.76667,2050,TRUE,TRUE,FALSE,OneOFF_StarSystem,6,10,27,,,,,
OneOFF_StarSystem_0915,9160,ADS 9544,Star System No. 915 has now been reached by the Wave Front: ADS 9544,FALSE,GY_ONEOFF,,,,55088.7875,2050,TRUE,TRUE,FALSE,OneOFF_StarSystem,6,10,27,,,,,
OneOFF_StarSystem_0916,9170,Gliese 727,Star System No. 916 has now been reached by the Wave Front: Gliese 727,FALSE,GY_ONEOFF,,,,55088.80833,2050,TRUE,TRUE,FALSE,OneOFF_StarSystem,6,10,27,,,,,
OneOFF_StarSystem_0917,9180,Tau¹ Hydrae,Star System No. 917 has now been reached by the Wave Front: Tau¹ Hydrae,FALSE,GY_ONEOFF,,,,55125.25,2050,TRUE,TRUE,FALSE,OneOFF_StarSystem,6,12,3,,,,,
OneOFF_StarSystem_0918,9190,Gliese 3833,Star System No. 918 has now been reached by the Wave Front: Gliese 3833,FALSE,GY_ONEOFF,,,,55125.27083,2050,TRUE,TRUE,FALSE,OneOFF_StarSystem,6,12,3,,,,,
OneOFF_StarSystem_0919,9200,DENIS-P J1058.7-1548,Star System No. 919 has now been reached by the Wave Front: DENIS-P J1058.7-1548,FALSE,GY_ONEOFF,,,,55125.29167,2050,TRUE,TRUE,FALSE,OneOFF_StarSystem,6,12,3,,,,,
OneOFF_StarSystem_0920,9210,q¹ Eridani,Star System No. 920 has now been reached by the Wave Front: q¹ Eridani,FALSE,GY_ONEOFF,,,,55161.775,2051,TRUE,TRUE,FALSE,OneOFF_StarSystem,6,1,8,,,,,
OneOFF_StarSystem_0921,9220,HR 6748,Star System No. 921 has now been reached by the Wave Front: HR 6748,FALSE,GY_ONEOFF,,,,55161.79583,2051,TRUE,TRUE,FALSE,OneOFF_StarSystem,6,1,8,,,,,
OneOFF_StarSystem_0922,9230,HD 184467,Star System No. 922 has now been reached by the Wave Front: HD 184467,FALSE,GY_ONEOFF,,,,55161.81667,2051,TRUE,TRUE,FALSE,OneOFF_StarSystem,6,1,8,,,,,
OneOFF_StarSystem_0923,9240,Gliese 913,Star System No. 923 has now been reached by the Wave Front: Gliese 913,FALSE,GY_ONEOFF,,,,55161.8375,2051,TRUE,TRUE,FALSE,OneOFF_StarSystem,6,1,8,,,,,
OneOFF_StarSystem_0924,9250,Xi Ophiuchi,Star System No. 924 has now been reached by the Wave Front: Xi Ophiuchi,FALSE,GY_ONEOFF,,,,55198.3,2051,TRUE,TRUE,FALSE,OneOFF_StarSystem,6,2,14,,,,,
OneOFF_StarSystem_0925,9260,10 Canum Venaticorum,Star System No. 925 has now been reached by the Wave Front: 10 Canum Venaticorum,FALSE,GY_ONEOFF,,,,55198.32083,2051,TRUE,TRUE,FALSE,OneOFF_StarSystem,6,2,14,,,,,
OneOFF_StarSystem_0926,9270,BD +68 278,Star System No. 926 has now been reached by the Wave Front: BD +68 278,FALSE,GY_ONEOFF,,,,55198.34167,2051,TRUE,TRUE,FALSE,OneOFF_StarSystem,6,2,14,,,,,
OneOFF_StarSystem_0927,9280,Rho Coronae Borealis,Star System No. 927 has now been reached by the Wave Front: Rho Coronae Borealis,FALSE,GY_ONEOFF,,,,55234.825,2051,TRUE,TRUE,FALSE,OneOFF_StarSystem,6,3,22,,,,,
OneOFF_StarSystem_0928,9290,Chi Eridani,Star System No. 928 has now been reached by the Wave Front: Chi Eridani,FALSE,GY_ONEOFF,,,,55307.875,2051,TRUE,TRUE,FALSE,OneOFF_StarSystem,6,6,3,,,,,
OneOFF_StarSystem_0929,9300,39 Serpentis,Star System No. 929 has now been reached by the Wave Front: 39 Serpentis,FALSE,GY_ONEOFF,,,,55307.89583,2051,TRUE,TRUE,FALSE,OneOFF_StarSystem,6,6,3,,,,,
OneOFF_StarSystem_0930,9310,Gliese 293.1,Star System No. 930 has now been reached by the Wave Front: Gliese 293.1,FALSE,GY_ONEOFF,,,,55307.91667,2051,TRUE,TRUE,FALSE,OneOFF_StarSystem,6,6,3,,,,,
OneOFF_StarSystem_0931,9320,Gliese 397.1,Star System No. 931 has now been reached by the Wave Front: Gliese 397.1,FALSE,GY_ONEOFF,,,,55307.9375,2051,TRUE,TRUE,FALSE,OneOFF_StarSystem,6,6,3,,,,,
OneOFF_StarSystem_0932,9330,g Lupi,Star System No. 932 has now been reached by the Wave Front: g Lupi,FALSE,GY_ONEOFF,,,,55344.4,2051,TRUE,TRUE,FALSE,OneOFF_StarSystem,6,7,10,,,,,
OneOFF_StarSystem_0933,9340,Gliese 649.1,Star System No. 933 has now been reached by the Wave Front: Gliese 649.1,FALSE,GY_ONEOFF,,,,55344.42083,2051,TRUE,TRUE,FALSE,OneOFF_StarSystem,6,7,10,,,,,
OneOFF_StarSystem_0934,9350,WISE 0247+3725,Star System No. 934 has now been reached by the Wave Front: WISE 0247+3725,FALSE,GY_ONEOFF,,,,55344.44167,2051,TRUE,TRUE,FALSE,OneOFF_StarSystem,6,7,10,,,,,
OneOFF_StarSystem_0935,9360,G 29-38 (ZZ Piscium),Star System No. 935 has now been reached by the Wave Front: G 29-38 (ZZ Piscium),FALSE,GY_ONEOFF,,,,55366.315,2051,TRUE,TRUE,FALSE,OneOFF_StarSystem,6,8,1,,,,,
OneOFF_StarSystem_0936,9370,Xi Geminorum (Alzirr),Star System No. 936 has now been reached by the Wave Front: Xi Geminorum (Alzirr),FALSE,GY_ONEOFF,,,,55380.925,2051,TRUE,TRUE,FALSE,OneOFF_StarSystem,6,8,15,,,,,
OneOFF_StarSystem_0937,9380,58 Ophiuchi,Star System No. 937 has now been reached by the Wave Front: 58 Ophiuchi,FALSE,GY_ONEOFF,,,,55380.94583,2051,TRUE,TRUE,FALSE,OneOFF_StarSystem,6,8,15,,,,,
OneOFF_StarSystem_0938,9390,Gliese 241,Star System No. 938 has now been reached by the Wave Front: Gliese 241,FALSE,GY_ONEOFF,,,,55380.96667,2051,TRUE,TRUE,FALSE,OneOFF_StarSystem,6,8,15,,,,,
OneOFF_StarSystem_0939,9400,Gliese 3633,Star System No. 939 has now been reached by the Wave Front: Gliese 3633,FALSE,GY_ONEOFF,,,,55380.9875,2051,TRUE,TRUE,FALSE,OneOFF_StarSystem,6,8,15,,,,,
OneOFF_StarSystem_0940,9410,VVV BD001,Star System No. 940 has now been reached by the Wave Front: VVV BD001,FALSE,GY_ONEOFF,,,,55381.00833,2051,TRUE,TRUE,FALSE,OneOFF_StarSystem,6,8,16,,,,,
OneOFF_StarSystem_0941,9420,59 Virginis,Star System No. 941 has now been reached by the Wave Front: 59 Virginis,FALSE,GY_ONEOFF,,,,55417.45,2051,TRUE,TRUE,FALSE,OneOFF_StarSystem,6,9,21,,,,,
OneOFF_StarSystem_0942,9430,HR 7783,Star System No. 942 has now been reached by the Wave Front: HR 7783,FALSE,GY_ONEOFF,,,,55417.47083,2051,TRUE,TRUE,FALSE,OneOFF_StarSystem,6,9,21,,,,,
OneOFF_StarSystem_0943,9440,HR 5384,Star System No. 943 has now been reached by the Wave Front: HR 5384,FALSE,GY_ONEOFF,,,,55453.975,2051,TRUE,TRUE,FALSE,OneOFF_StarSystem,6,10,27,,,,,
OneOFF_StarSystem_0944,9450,HD 113194,Star System No. 944 has now been reached by the Wave Front: HD 113194,FALSE,GY_ONEOFF,,,,55453.99583,2051,TRUE,TRUE,FALSE,OneOFF_StarSystem,6,10,27,,,,,
OneOFF_StarSystem_0945,9460,Gliese 562,Star System No. 945 has now been reached by the Wave Front: Gliese 562,FALSE,GY_ONEOFF,,,,55454.01667,2051,TRUE,TRUE,FALSE,OneOFF_StarSystem,6,10,28,,,,,
OneOFF_StarSystem_0946,9470,WISE 0528-3308,Star System No. 946 has now been reached by the Wave Front: WISE 0528-3308,FALSE,GY_ONEOFF,,,,55454.0375,2051,TRUE,TRUE,FALSE,OneOFF_StarSystem,6,10,28,,,,,
OneOFF_StarSystem_0947,9480,HD 1237,Star System No. 947 has now been reached by the Wave Front: HD 1237,FALSE,GY_ONEOFF,,,,55490.5,2051,TRUE,TRUE,FALSE,OneOFF_StarSystem,6,12,3,,,,,
OneOFF_StarSystem_0948,9490,Gliese 1066,Star System No. 948 has now been reached by the Wave Front: Gliese 1066,FALSE,GY_ONEOFF,,,,55490.52083,2051,TRUE,TRUE,FALSE,OneOFF_StarSystem,6,12,3,,,,,
OneOFF_StarSystem_0949,9500,15 Sagittae - A,Star System No. 949 has now been reached by the Wave Front: 15 Sagittae - A,FALSE,GY_ONEOFF,,,,55527.025,2052,TRUE,TRUE,FALSE,OneOFF_StarSystem,6,1,9,,,,,
OneOFF_StarSystem_0950,9510,15 Sagittae - B,Star System No. 950 has now been reached by the Wave Front: 15 Sagittae - B,FALSE,GY_ONEOFF,,,,55527.04583,2052,TRUE,TRUE,FALSE,OneOFF_StarSystem,6,1,9,,,,,
OneOFF_StarSystem_0951,9520,83 Leonis - A,Star System No. 951 has now been reached by the Wave Front: 83 Leonis - A,FALSE,GY_ONEOFF,,,,55527.06667,2052,TRUE,TRUE,FALSE,OneOFF_StarSystem,6,1,9,,,,,
OneOFF_StarSystem_0952,9530,83 Leonis - B,Star System No. 952 has now been reached by the Wave Front: 83 Leonis - B,FALSE,GY_ONEOFF,,,,55527.0875,2052,TRUE,TRUE,FALSE,OneOFF_StarSystem,6,1,9,,,,,
OneOFF_StarSystem_0953,9540,Gliese 819,Star System No. 953 has now been reached by the Wave Front: Gliese 819,FALSE,GY_ONEOFF,,,,55527.10833,2052,TRUE,TRUE,FALSE,OneOFF_StarSystem,6,1,9,,,,,
OneOFF_StarSystem_0954,9550,Delta Leonis (Zosma),Star System No. 954 has now been reached by the Wave Front: Delta Leonis (Zosma),FALSE,GY_ONEOFF,,,,55563.55,2052,TRUE,TRUE,FALSE,OneOFF_StarSystem,6,2,14,,,,,
OneOFF_StarSystem_0955,9560,Gliese 340,Star System No. 955 has now been reached by the Wave Front: Gliese 340,FALSE,GY_ONEOFF,,,,55563.57083,2052,TRUE,TRUE,FALSE,OneOFF_StarSystem,6,2,14,,,,,
OneOFF_StarSystem_0956,9570,WISE 0138-0322,Star System No. 956 has now been reached by the Wave Front: WISE 0138-0322,FALSE,GY_ONEOFF,,,,55563.59167,2052,TRUE,TRUE,FALSE,OneOFF_StarSystem,6,2,14,,,,,
OneOFF_StarSystem_0957,9580,WISE 0611-0410,Star System No. 957 has now been reached by the Wave Front: WISE 0611-0410,FALSE,GY_ONEOFF,,,,55563.6125,2052,TRUE,TRUE,FALSE,OneOFF_StarSystem,6,2,14,,,,,
OneOFF_StarSystem_0958,9590,WISE 1122+2550,Star System No. 958 has now been reached by the Wave Front: WISE 1122+2550,FALSE,GY_ONEOFF,,,,55563.63333,2052,TRUE,TRUE,FALSE,OneOFF_StarSystem,6,2,14,,,,,
OneOFF_StarSystem_0959,9600,HR 7644,Star System No. 959 has now been reached by the Wave Front: HR 7644,FALSE,GY_ONEOFF,,,,55600.075,2052,TRUE,TRUE,FALSE,OneOFF_StarSystem,6,3,22,,,,,
OneOFF_StarSystem_0960,9610,Gliese 626,Star System No. 960 has now been reached by the Wave Front: Gliese 626,FALSE,GY_ONEOFF,,,,55600.09583,2052,TRUE,TRUE,FALSE,OneOFF_StarSystem,6,3,22,,,,,
OneOFF_StarSystem_0961,9620,Iota Pavonis,Star System No. 961 has now been reached by the Wave Front: Iota Pavonis,FALSE,GY_ONEOFF,,,,55636.6,2052,TRUE,TRUE,FALSE,OneOFF_StarSystem,6,4,27,,,,,
OneOFF_StarSystem_0962,9630,HD 35650,Star System No. 962 has now been reached by the Wave Front: HD 35650,FALSE,GY_ONEOFF,,,,55636.62083,2052,TRUE,TRUE,FALSE,OneOFF_StarSystem,6,4,27,,,,,
OneOFF_StarSystem_0963,9640,HD 82443,Star System No. 963 has now been reached by the Wave Front: HD 82443,FALSE,GY_ONEOFF,,,,55636.64167,2052,TRUE,TRUE,FALSE,OneOFF_StarSystem,6,4,27,,,,,
OneOFF_StarSystem_0964,9650,HR 5356,Star System No. 964 has now been reached by the Wave Front: HR 5356,FALSE,GY_ONEOFF,,,,55673.125,2052,TRUE,TRUE,FALSE,OneOFF_StarSystem,6,6,3,,,,,
OneOFF_StarSystem_0965,9660,HR 4525,Star System No. 965 has now been reached by the Wave Front: HR 4525,FALSE,GY_ONEOFF,,,,55673.14583,2052,TRUE,TRUE,FALSE,OneOFF_StarSystem,6,6,3,,,,,
OneOFF_StarSystem_0966,9670,Gliese 365,Star System No. 966 has now been reached by the Wave Front: Gliese 365,FALSE,GY_ONEOFF,,,,55673.16667,2052,TRUE,TRUE,FALSE,OneOFF_StarSystem,6,6,3,,,,,
OneOFF_StarSystem_0967,9680,HR 2401,Star System No. 967 has now been reached by the Wave Front: HR 2401,FALSE,GY_ONEOFF,,,,55746.175,2052,TRUE,TRUE,FALSE,OneOFF_StarSystem,6,8,15,,,,,
OneOFF_StarSystem_0968,9690,V833 Tauri,Star System No. 968 has now been reached by the Wave Front: V833 Tauri,FALSE,GY_ONEOFF,,,,55746.19583,2052,TRUE,TRUE,FALSE,OneOFF_StarSystem,6,8,15,,,,,
OneOFF_StarSystem_0969,9700,Alpha Comae Berenices (Diadem) - A,Star System No. 969 has now been reached by the Wave Front: Alpha Comae Berenices (Diadem) - A,FALSE,GY_ONEOFF,,,,55782.7,2052,TRUE,TRUE,FALSE,OneOFF_StarSystem,6,9,20,,,,,
OneOFF_StarSystem_0970,9710,Alpha Comae Berenices (Diadem) - B,Star System No. 970 has now been reached by the Wave Front: Alpha Comae Berenices (Diadem) - B,FALSE,GY_ONEOFF,,,,55782.72083,2052,TRUE,TRUE,FALSE,OneOFF_StarSystem,6,9,20,,,,,
OneOFF_StarSystem_0971,9720,Eta Coronae Borealis - A,Star System No. 971 has now been reached by the Wave Front: Eta Coronae Borealis - A,FALSE,GY_ONEOFF,,,,55782.74167,2052,TRUE,TRUE,FALSE,OneOFF_StarSystem,6,9,20,,,,,
OneOFF_StarSystem_0972,9730,Eta Coronae Borealis - B,Star System No. 972 has now been reached by the Wave Front: Eta Coronae Borealis - B,FALSE,GY_ONEOFF,,,,55782.7625,2052,TRUE,TRUE,FALSE,OneOFF_StarSystem,6,9,20,,,,,
OneOFF_StarSystem_0973,9740,Eta Coronae Borealis - C,Star System No. 973 has now been reached by the Wave Front: Eta Coronae Borealis - C,FALSE,GY_ONEOFF,,,,55782.78333,2052,TRUE,TRUE,FALSE,OneOFF_StarSystem,6,9,20,,,,,
OneOFF_StarSystem_0974,9750,Gamma Coronae Australis - A,Star System No. 974 has now been reached by the Wave Front: Gamma Coronae Australis - A,FALSE,GY_ONEOFF,,,,55819.225,2052,TRUE,TRUE,FALSE,OneOFF_StarSystem,6,10,27,,,,,
OneOFF_StarSystem_0975,9760,Gamma Coronae Australis - B,Star System No. 975 has now been reached by the Wave Front: Gamma Coronae Australis - B,FALSE,GY_ONEOFF,,,,55819.24583,2052,TRUE,TRUE,FALSE,OneOFF_StarSystem,6,10,27,,,,,
OneOFF_StarSystem_0976,9770,WISE 0206+2640,Star System No. 976 has now been reached by the Wave Front: WISE 0206+2640,FALSE,GY_ONEOFF,,,,55819.26667,2052,TRUE,TRUE,FALSE,OneOFF_StarSystem,6,10,27,,,,,
OneOFF_StarSystem_0977,9780,Tau6 Eridani,Star System No. 977 has now been reached by the Wave Front: Tau6 Eridani,FALSE,GY_ONEOFF,,,,55855.75,2052,TRUE,TRUE,FALSE,OneOFF_StarSystem,6,12,2,,,,,
OneOFF_StarSystem_0978,9790,HD 130948,Star System No. 978 has now been reached by the Wave Front: HD 130948,FALSE,GY_ONEOFF,,,,55855.77083,2052,TRUE,TRUE,FALSE,OneOFF_StarSystem,6,12,2,,,,,
OneOFF_StarSystem_0979,9800,Gliese 1079,Star System No. 979 has now been reached by the Wave Front: Gliese 1079,FALSE,GY_ONEOFF,,,,55855.79167,2052,TRUE,TRUE,FALSE,OneOFF_StarSystem,6,12,2,,,,,
OneOFF_StarSystem_0980,9810,Gliese 787,Star System No. 980 has now been reached by the Wave Front: Gliese 787,FALSE,GY_ONEOFF,,,,55855.8125,2052,TRUE,TRUE,FALSE,OneOFF_StarSystem,6,12,2,,,,,
OneOFF_StarSystem_0981,9820,Gliese 418,Star System No. 981 has now been reached by the Wave Front: Gliese 418,FALSE,GY_ONEOFF,,,,55855.83333,2052,TRUE,TRUE,FALSE,OneOFF_StarSystem,6,12,2,,,,,
OneOFF_StarSystem_0982,9830,Iota Centauri (Alhakim/Kulou),Star System No. 982 has now been reached by the Wave Front: Iota Centauri (Alhakim/Kulou),FALSE,GY_ONEOFF,,,,55892.275,2053,TRUE,TRUE,FALSE,OneOFF_StarSystem,6,1,8,,,,,
OneOFF_StarSystem_0983,9840,Gliese 2037,Star System No. 983 has now been reached by the Wave Front: Gliese 2037,FALSE,GY_ONEOFF,,,,55892.29583,2053,TRUE,TRUE,FALSE,OneOFF_StarSystem,6,1,8,,,,,
OneOFF_StarSystem_0984,9850,Gliese 3317,Star System No. 984 has now been reached by the Wave Front: Gliese 3317,FALSE,GY_ONEOFF,,,,55928.8,2053,TRUE,TRUE,FALSE,OneOFF_StarSystem,6,2,13,,,,,
OneOFF_StarSystem_0985,9860,Gliese 18,Star System No. 985 has now been reached by the Wave Front: Gliese 18,FALSE,GY_ONEOFF,,,,55928.82083,2053,TRUE,TRUE,FALSE,OneOFF_StarSystem,6,2,13,,,,,
OneOFF_StarSystem_0986,9870,WISE 2213+0911,Star System No. 986 has now been reached by the Wave Front: WISE 2213+0911,FALSE,GY_ONEOFF,,,,55928.84167,2053,TRUE,TRUE,FALSE,OneOFF_StarSystem,6,2,13,,,,,
OneOFF_StarSystem_0987,9880,DG Canum Venaticorum,Star System No. 987 has now been reached by the Wave Front: DG Canum Venaticorum,FALSE,GY_ONEOFF,,,,55950.715,2053,TRUE,TRUE,FALSE,OneOFF_StarSystem,6,3,7,,,,,
OneOFF_StarSystem_0988,9890,HR 4989,Star System No. 988 has now been reached by the Wave Front: HR 4989,FALSE,GY_ONEOFF,,,,55965.325,2053,TRUE,TRUE,FALSE,OneOFF_StarSystem,6,3,22,,,,,
OneOFF_StarSystem_0989,9900,212 Puppis - A,Star System No. 989 has now been reached by the Wave Front: 212 Puppis - A,FALSE,GY_ONEOFF,,,,55965.34583,2053,TRUE,TRUE,FALSE,OneOFF_StarSystem,6,3,22,,,,,
OneOFF_StarSystem_0990,9910,212 Puppis - B,Star System No. 990 has now been reached by the Wave Front: 212 Puppis - B,FALSE,GY_ONEOFF,,,,55965.36667,2053,TRUE,TRUE,FALSE,OneOFF_StarSystem,6,3,22,,,,,
OneOFF_StarSystem_0991,9920,Delta Geminorum (Wasat),Star System No. 991 has now been reached by the Wave Front: Delta Geminorum (Wasat),FALSE,GY_ONEOFF,,,,55965.3875,2053,TRUE,TRUE,FALSE,OneOFF_StarSystem,6,3,22,,,,,
OneOFF_StarSystem_0992,9930,Gliese 1240,Star System No. 992 has now been reached by the Wave Front: Gliese 1240,FALSE,GY_ONEOFF,,,,55965.40833,2053,TRUE,TRUE,FALSE,OneOFF_StarSystem,6,3,22,,,,,
OneOFF_StarSystem_0993,9940,Rho Geminorum - A,Star System No. 993 has now been reached by the Wave Front: Rho Geminorum - A,FALSE,GY_ONEOFF,,,,56001.85,2053,TRUE,TRUE,FALSE,OneOFF_StarSystem,6,4,27,,,,,
OneOFF_StarSystem_0994,9950,Rho Geminorum - B,Star System No. 994 has now been reached by the Wave Front: Rho Geminorum - B,FALSE,GY_ONEOFF,,,,56001.87083,2053,TRUE,TRUE,FALSE,OneOFF_StarSystem,6,4,27,,,,,
OneOFF_StarSystem_0995,9960,Rho Geminorum - C,Star System No. 995 has now been reached by the Wave Front: Rho Geminorum - C,FALSE,GY_ONEOFF,,,,56001.89167,2053,TRUE,TRUE,FALSE,OneOFF_StarSystem,6,4,27,,,,,
OneOFF_StarSystem_0996,9970,HD 154345,Star System No. 996 has now been reached by the Wave Front: HD 154345,FALSE,GY_ONEOFF,,,,56001.9125,2053,TRUE,TRUE,FALSE,OneOFF_StarSystem,6,4,27,,,,,
OneOFF_StarSystem_0997,9980,HR 3220 (B Carinae) - A,Star System No. 997 has now been reached by the Wave Front: HR 3220 (B Carinae) - A,FALSE,GY_ONEOFF,,,,56001.93333,2053,TRUE,TRUE,FALSE,OneOFF_StarSystem,6,4,27,,,,,
OneOFF_StarSystem_0998,9990,HR 3220 (B Carinae) - B,Star System No. 998 has now been reached by the Wave Front: HR 3220 (B Carinae) - B,FALSE,GY_ONEOFF,,,,56001.95417,2053,TRUE,TRUE,FALSE,OneOFF_StarSystem,6,4,27,,,,,
OneOFF_StarSystem_0999,10000,Gliese 830,Star System No. 999 has now been reached by the Wave Front: Gliese 830,FALSE,GY_ONEOFF,,,,56001.975,2053,TRUE,TRUE,FALSE,OneOFF_StarSystem,6,4,27,,,,,
OneOFF_StarSystem_1000,10010,HD 87883,"Star System No. 1,000 has now been reached by the Wave Front: HD 87883",FALSE,GY_ONEOFF,,,,56001.99583,2053,TRUE,TRUE,FALSE,OneOFF_StarSystem,6,4,27,,,,,
OneOFF_StarSystem_1001,10020,Gliese 3293,"Star System No. 1,001 has now been reached by the Wave Front: Gliese 3293",FALSE,GY_ONEOFF,,,,56038.375,2053,TRUE,TRUE,FALSE,OneOFF_StarSystem,6,6,3,,,,,
OneOFF_StarSystem_1002,10030,HD 154088,"Star System No. 1,002 has now been reached by the Wave Front: HD 154088",FALSE,GY_ONEOFF,,,,56038.39583,2053,TRUE,TRUE,FALSE,OneOFF_StarSystem,6,6,3,,,,,
OneOFF_StarSystem_1003,10040,70 Virginis,"Star System No. 1,003 has now been reached by the Wave Front: 70 Virginis",FALSE,GY_ONEOFF,,,,56074.9,2053,TRUE,TRUE,FALSE,OneOFF_StarSystem,6,7,9,,,,,
OneOFF_StarSystem_1004,10050,HR 2208,"Star System No. 1,004 has now been reached by the Wave Front: HR 2208",FALSE,GY_ONEOFF,,,,56074.92083,2053,TRUE,TRUE,FALSE,OneOFF_StarSystem,6,7,9,,,,,
OneOFF_StarSystem_1005,10060,Chi Cancri,"Star System No. 1,005 has now been reached by the Wave Front: Chi Cancri",FALSE,GY_ONEOFF,,,,56111.425,2053,TRUE,TRUE,FALSE,OneOFF_StarSystem,6,8,15,,,,,
OneOFF_StarSystem_1006,10070,14 Herculis,"Star System No. 1,006 has now been reached by the Wave Front: 14 Herculis",FALSE,GY_ONEOFF,,,,56111.44583,2053,TRUE,TRUE,FALSE,OneOFF_StarSystem,6,8,15,,,,,
OneOFF_StarSystem_1007,10080,Gliese 4008,"Star System No. 1,007 has now been reached by the Wave Front: Gliese 4008",FALSE,GY_ONEOFF,,,,56147.95,2053,TRUE,TRUE,FALSE,OneOFF_StarSystem,6,9,20,,,,,
OneOFF_StarSystem_1008,10090,Eta Corvi,"Star System No. 1,008 has now been reached by the Wave Front: Eta Corvi",FALSE,GY_ONEOFF,,,,56184.475,2053,TRUE,TRUE,FALSE,OneOFF_StarSystem,6,10,27,,,,,
OneOFF_StarSystem_1009,10100,Pi Mensae,"Star System No. 1,009 has now been reached by the Wave Front: Pi Mensae",FALSE,GY_ONEOFF,,,,56184.49583,2053,TRUE,TRUE,FALSE,OneOFF_StarSystem,6,10,27,,,,,
OneOFF_StarSystem_1010,10110,HIP 38939,"Star System No. 1,010 has now been reached by the Wave Front: HIP 38939",FALSE,GY_ONEOFF,,,,56184.51667,2053,TRUE,TRUE,FALSE,OneOFF_StarSystem,6,10,27,,,,,
OneOFF_StarSystem_1011,10120,Epsilon Reticuli - A,"Star System No. 1,011 has now been reached by the Wave Front: Epsilon Reticuli - A",FALSE,GY_ONEOFF,,,,56221,2053,TRUE,TRUE,FALSE,OneOFF_StarSystem,6,12,3,,,,,
OneOFF_StarSystem_1012,10130,Epsilon Reticuli - B,"Star System No. 1,012 has now been reached by the Wave Front: Epsilon Reticuli - B",FALSE,GY_ONEOFF,,,,56221.02083,2053,TRUE,TRUE,FALSE,OneOFF_StarSystem,6,12,3,,,,,
OneOFF_StarSystem_1013,10140,Beta Arietis (Sheratan),"Star System No. 1,013 has now been reached by the Wave Front: Beta Arietis (Sheratan)",FALSE,GY_ONEOFF,,,,56257.525,2054,TRUE,TRUE,FALSE,OneOFF_StarSystem,6,1,8,,,,,
OneOFF_StarSystem_1014,10150,Psi Velorum - A,"Star System No. 1,014 has now been reached by the Wave Front: Psi Velorum - A",FALSE,GY_ONEOFF,,,,56294.05,2054,TRUE,TRUE,FALSE,OneOFF_StarSystem,6,2,14,,,,,
OneOFF_StarSystem_1015,10160,Psi Velorum - B,"Star System No. 1,015 has now been reached by the Wave Front: Psi Velorum - B",FALSE,GY_ONEOFF,,,,56294.07083,2054,TRUE,TRUE,FALSE,OneOFF_StarSystem,6,2,14,,,,,
OneOFF_StarSystem_1016,10170,Gliese 1106,"Star System No. 1,016 has now been reached by the Wave Front: Gliese 1106",FALSE,GY_ONEOFF,,,,56294.09167,2054,TRUE,TRUE,FALSE,OneOFF_StarSystem,6,2,14,,,,,
OneOFF_StarSystem_1017,10180,WISE 2239+1617,"Star System No. 1,017 has now been reached by the Wave Front: WISE 2239+1617",FALSE,GY_ONEOFF,,,,56294.1125,2054,TRUE,TRUE,FALSE,OneOFF_StarSystem,6,2,14,,,,,
OneOFF_StarSystem_1018,10190,Gliese 1120,"Star System No. 1,018 has now been reached by the Wave Front: Gliese 1120",FALSE,GY_ONEOFF,,,,56330.575,2054,TRUE,TRUE,FALSE,OneOFF_StarSystem,6,3,22,,,,,
OneOFF_StarSystem_1019,10200,Gliese 3488,"Star System No. 1,019 has now been reached by the Wave Front: Gliese 3488",FALSE,GY_ONEOFF,,,,56330.59583,2054,TRUE,TRUE,FALSE,OneOFF_StarSystem,6,3,22,,,,,
OneOFF_StarSystem_1020,10210,LQ Hydrae,"Star System No. 1,020 has now been reached by the Wave Front: LQ Hydrae",FALSE,GY_ONEOFF,,,,56330.61667,2054,TRUE,TRUE,FALSE,OneOFF_StarSystem,6,3,22,,,,,
OneOFF_StarSystem_1021,10220,Gliese 131,"Star System No. 1,021 has now been reached by the Wave Front: Gliese 131",FALSE,GY_ONEOFF,,,,56367.1,2054,TRUE,TRUE,FALSE,OneOFF_StarSystem,6,4,28,,,,,
OneOFF_StarSystem_1022,10230,HR 8314,"Star System No. 1,022 has now been reached by the Wave Front: HR 8314",FALSE,GY_ONEOFF,,,,56403.625,2054,TRUE,TRUE,FALSE,OneOFF_StarSystem,6,6,3,,,,,
OneOFF_StarSystem_1023,10240,WISE 1436-1814,"Star System No. 1,023 has now been reached by the Wave Front: WISE 1436-1814",FALSE,GY_ONEOFF,,,,56403.64583,2054,TRUE,TRUE,FALSE,OneOFF_StarSystem,6,6,3,,,,,
OneOFF_StarSystem_1024,10250,Delta Equulei - A,"Star System No. 1,024 has now been reached by the Wave Front: Delta Equulei - A",FALSE,GY_ONEOFF,,,,56403.66667,2054,TRUE,TRUE,FALSE,OneOFF_StarSystem,6,6,3,,,,,
OneOFF_StarSystem_1025,10260,Delta Equulei - B,"Star System No. 1,025 has now been reached by the Wave Front: Delta Equulei - B",FALSE,GY_ONEOFF,,,,56403.6875,2054,TRUE,TRUE,FALSE,OneOFF_StarSystem,6,6,3,,,,,
OneOFF_StarSystem_1026,10270,HD 53143,"Star System No. 1,026 has now been reached by the Wave Front: HD 53143",FALSE,GY_ONEOFF,,,,56403.70833,2054,TRUE,TRUE,FALSE,OneOFF_StarSystem,6,6,3,,,,,
OneOFF_StarSystem_1027,10280,15 Leonis Minoris,"Star System No. 1,027 has now been reached by the Wave Front: 15 Leonis Minoris",FALSE,GY_ONEOFF,,,,56440.15,2054,TRUE,TRUE,FALSE,OneOFF_StarSystem,6,7,10,,,,,
OneOFF_StarSystem_1028,10290,Gliese 339,"Star System No. 1,028 has now been reached by the Wave Front: Gliese 339",FALSE,GY_ONEOFF,,,,56440.17083,2054,TRUE,TRUE,FALSE,OneOFF_StarSystem,6,7,10,,,,,
OneOFF_StarSystem_1029,10300,Gliese 161,"Star System No. 1,029 has now been reached by the Wave Front: Gliese 161",FALSE,GY_ONEOFF,,,,56476.675,2054,TRUE,TRUE,FALSE,OneOFF_StarSystem,6,8,15,,,,,
OneOFF_StarSystem_1030,10310,Gliese 2102,"Star System No. 1,030 has now been reached by the Wave Front: Gliese 2102",FALSE,GY_ONEOFF,,,,56476.69583,2054,TRUE,TRUE,FALSE,OneOFF_StarSystem,6,8,15,,,,,
OneOFF_StarSystem_1031,10320,Gliese 4134,"Star System No. 1,031 has now been reached by the Wave Front: Gliese 4134",FALSE,GY_ONEOFF,,,,56549.725,2054,TRUE,TRUE,FALSE,OneOFF_StarSystem,6,10,27,,,,,
OneOFF_StarSystem_1032,10330,Gliese 315,"Star System No. 1,032 has now been reached by the Wave Front: Gliese 315",FALSE,GY_ONEOFF,,,,56549.74583,2054,TRUE,TRUE,FALSE,OneOFF_StarSystem,6,10,27,,,,,
OneOFF_StarSystem_1033,10340,Gliese 509,"Star System No. 1,033 has now been reached by the Wave Front: Gliese 509",FALSE,GY_ONEOFF,,,,56549.76667,2054,TRUE,TRUE,FALSE,OneOFF_StarSystem,6,10,27,,,,,
OneOFF_StarSystem_1034,10350,HD 156985,"Star System No. 1,034 has now been reached by the Wave Front: HD 156985",FALSE,GY_ONEOFF,,,,56549.7875,2054,TRUE,TRUE,FALSE,OneOFF_StarSystem,6,10,27,,,,,
OneOFF_StarSystem_1035,10360,G 185-32,"Star System No. 1,035 has now been reached by the Wave Front: G 185-32",FALSE,GY_ONEOFF,,,,56549.80833,2054,TRUE,TRUE,FALSE,OneOFF_StarSystem,6,10,27,,,,,
OneOFF_StarSystem_1036,10370,Gliese 610,"Star System No. 1,036 has now been reached by the Wave Front: Gliese 610",FALSE,GY_ONEOFF,,,,56586.25,2054,TRUE,TRUE,FALSE,OneOFF_StarSystem,6,12,3,,,,,
OneOFF_StarSystem_1037,10380,Gliese 106,"Star System No. 1,037 has now been reached by the Wave Front: Gliese 106",FALSE,GY_ONEOFF,,,,56586.27083,2054,TRUE,TRUE,FALSE,OneOFF_StarSystem,6,12,3,,,,,
OneOFF_StarSystem_1038,10390,HR 244,"Star System No. 1,038 has now been reached by the Wave Front: HR 244",FALSE,GY_ONEOFF,,,,56622.775,2055,TRUE,TRUE,FALSE,OneOFF_StarSystem,6,1,8,,,,,
OneOFF_StarSystem_1039,10400,Theta Cygni - A,"Star System No. 1,039 has now been reached by the Wave Front: Theta Cygni - A",FALSE,GY_ONEOFF,,,,56659.3,2055,TRUE,TRUE,FALSE,OneOFF_StarSystem,6,2,14,,,,,
OneOFF_StarSystem_1040,10410,Theta Cygni - B,"Star System No. 1,040 has now been reached by the Wave Front: Theta Cygni - B",FALSE,GY_ONEOFF,,,,56659.32083,2055,TRUE,TRUE,FALSE,OneOFF_StarSystem,6,2,14,,,,,
OneOFF_StarSystem_1041,10420,Gliese 499,"Star System No. 1,041 has now been reached by the Wave Front: Gliese 499",FALSE,GY_ONEOFF,,,,56659.34167,2055,TRUE,TRUE,FALSE,OneOFF_StarSystem,6,2,14,,,,,
OneOFF_StarSystem_1042,10430,WISE 2301+0216,"Star System No. 1,042 has now been reached by the Wave Front: WISE 2301+0216",FALSE,GY_ONEOFF,,,,56659.3625,2055,TRUE,TRUE,FALSE,OneOFF_StarSystem,6,2,14,,,,,
OneOFF_StarSystem_1043,10440,Gliese 254,"Star System No. 1,043 has now been reached by the Wave Front: Gliese 254",FALSE,GY_ONEOFF,,,,56695.825,2055,TRUE,TRUE,FALSE,OneOFF_StarSystem,6,3,22,,,,,
OneOFF_StarSystem_1044,10450,Theta Centauri (Menkent),"Star System No. 1,044 has now been reached by the Wave Front: Theta Centauri (Menkent)",FALSE,GY_ONEOFF,,,,56732.35,2055,TRUE,TRUE,FALSE,OneOFF_StarSystem,6,4,28,,,,,
OneOFF_StarSystem_1045,10460,Mu Virginis,"Star System No. 1,045 has now been reached by the Wave Front: Mu Virginis",FALSE,GY_ONEOFF,,,,56732.37083,2055,TRUE,TRUE,FALSE,OneOFF_StarSystem,6,4,28,,,,,
OneOFF_StarSystem_1046,10470,HD 152606,"Star System No. 1,046 has now been reached by the Wave Front: HD 152606",FALSE,GY_ONEOFF,,,,56732.39167,2055,TRUE,TRUE,FALSE,OneOFF_StarSystem,6,4,28,,,,,
OneOFF_StarSystem_1047,10480,Gliese 902.1,"Star System No. 1,047 has now been reached by the Wave Front: Gliese 902.1",FALSE,GY_ONEOFF,,,,56732.4125,2055,TRUE,TRUE,FALSE,OneOFF_StarSystem,6,4,28,,,,,
OneOFF_StarSystem_1048,10490,Kelu-1 - A,"Star System No. 1,048 has now been reached by the Wave Front: Kelu-1 - A",FALSE,GY_ONEOFF,,,,56732.43333,2055,TRUE,TRUE,FALSE,OneOFF_StarSystem,6,4,28,,,,,
OneOFF_StarSystem_1049,10500,Kelu-1 - B,"Star System No. 1,049 has now been reached by the Wave Front: Kelu-1 - B",FALSE,GY_ONEOFF,,,,56732.45417,2055,TRUE,TRUE,FALSE,OneOFF_StarSystem,6,4,28,,,,,
OneOFF_StarSystem_1050,10510,Gliese 1094,"Star System No. 1,050 has now been reached by the Wave Front: Gliese 1094",FALSE,GY_ONEOFF,,,,56768.875,2055,TRUE,TRUE,FALSE,OneOFF_StarSystem,6,6,3,,,,,
OneOFF_StarSystem_1051,10520,HR 8061,"Star System No. 1,051 has now been reached by the Wave Front: HR 8061",FALSE,GY_ONEOFF,,,,56805.4,2055,TRUE,TRUE,FALSE,OneOFF_StarSystem,6,7,10,,,,,
OneOFF_StarSystem_1052,10530,Tau Piscis Austrini,"Star System No. 1,052 has now been reached by the Wave Front: Tau Piscis Austrini",FALSE,GY_ONEOFF,,,,56805.42083,2055,TRUE,TRUE,FALSE,OneOFF_StarSystem,6,7,10,,,,,
OneOFF_StarSystem_1053,10540,HR 8148,"Star System No. 1,053 has now been reached by the Wave Front: HR 8148",FALSE,GY_ONEOFF,,,,56805.44167,2055,TRUE,TRUE,FALSE,OneOFF_StarSystem,6,7,10,,,,,
OneOFF_StarSystem_1054,10550,HD 206804,"Star System No. 1,054 has now been reached by the Wave Front: HD 206804",FALSE,GY_ONEOFF,,,,56805.4625,2055,TRUE,TRUE,FALSE,OneOFF_StarSystem,6,7,10,,,,,
OneOFF_StarSystem_1055,10560,Gliese 715,"Star System No. 1,055 has now been reached by the Wave Front: Gliese 715",FALSE,GY_ONEOFF,,,,56841.925,2055,TRUE,TRUE,FALSE,OneOFF_StarSystem,6,8,15,,,,,
OneOFF_StarSystem_1056,10570,WISE 0150+3827,"Star System No. 1,056 has now been reached by the Wave Front: WISE 0150+3827",FALSE,GY_ONEOFF,,,,56878.45,2055,TRUE,TRUE,FALSE,OneOFF_StarSystem,6,9,21,,,,,
OneOFF_StarSystem_1057,10580,HD 4747,"Star System No. 1,057 has now been reached by the Wave Front: HD 4747",FALSE,GY_ONEOFF,,,,56914.975,2055,TRUE,TRUE,FALSE,OneOFF_StarSystem,6,10,27,,,,,
OneOFF_StarSystem_1058,10590,Gliese 249,"Star System No. 1,058 has now been reached by the Wave Front: Gliese 249",FALSE,GY_ONEOFF,,,,56914.99583,2055,TRUE,TRUE,FALSE,OneOFF_StarSystem,6,10,27,,,,,
OneOFF_StarSystem_1059,10600,Gliese 296,"Star System No. 1,059 has now been reached by the Wave Front: Gliese 296",FALSE,GY_ONEOFF,,,,56951.5,2055,TRUE,TRUE,FALSE,OneOFF_StarSystem,6,12,3,,,,,
OneOFF_StarSystem_1060,10610,HD 170573,"Star System No. 1,060 has now been reached by the Wave Front: HD 170573",FALSE,GY_ONEOFF,,,,56951.52083,2055,TRUE,TRUE,FALSE,OneOFF_StarSystem,6,12,3,,,,,
OneOFF_StarSystem_1061,10620,Gliese 1054,"Star System No. 1,061 has now been reached by the Wave Front: Gliese 1054",FALSE,GY_ONEOFF,,,,56969.7625,2055,TRUE,TRUE,FALSE,OneOFF_StarSystem,6,12,21,,,,,
OneOFF_StarSystem_1062,10630,6 Ceti,"Star System No. 1,062 has now been reached by the Wave Front: 6 Ceti",FALSE,GY_ONEOFF,,,,56988.025,2056,TRUE,TRUE,FALSE,OneOFF_StarSystem,6,1,9,,,,,
OneOFF_StarSystem_1063,10640,HR 7683,"Star System No. 1,063 has now been reached by the Wave Front: HR 7683",FALSE,GY_ONEOFF,,,,56988.04583,2056,TRUE,TRUE,FALSE,OneOFF_StarSystem,6,1,9,,,,,
OneOFF_StarSystem_1064,10650,Gliese 583,"Star System No. 1,064 has now been reached by the Wave Front: Gliese 583",FALSE,GY_ONEOFF,,,,56988.06667,2056,TRUE,TRUE,FALSE,OneOFF_StarSystem,6,1,9,,,,,
OneOFF_StarSystem_1065,10660,Gliese 4287,"Star System No. 1,065 has now been reached by the Wave Front: Gliese 4287",FALSE,GY_ONEOFF,,,,56988.0875,2056,TRUE,TRUE,FALSE,OneOFF_StarSystem,6,1,9,,,,,
OneOFF_StarSystem_1066,10670,Gliese 773,"Star System No. 1,066 has now been reached by the Wave Front: Gliese 773",FALSE,GY_ONEOFF,,,,56988.10833,2056,TRUE,TRUE,FALSE,OneOFF_StarSystem,6,1,9,,,,,
OneOFF_StarSystem_1067,10680,WISE 2157+2659,"Star System No. 1,067 has now been reached by the Wave Front: WISE 2157+2659",FALSE,GY_ONEOFF,,,,56988.12917,2056,TRUE,TRUE,FALSE,OneOFF_StarSystem,6,1,9,,,,,
OneOFF_StarSystem_1068,10690,Gliese 100,"Star System No. 1,068 has now been reached by the Wave Front: Gliese 100",FALSE,GY_ONEOFF,,,,57024.55,2056,TRUE,TRUE,FALSE,OneOFF_StarSystem,6,2,14,,,,,
OneOFF_StarSystem_1069,10700,Eta Serpentis (Tang),"Star System No. 1,069 has now been reached by the Wave Front: Eta Serpentis (Tang)",FALSE,GY_ONEOFF,,,,57061.075,2056,TRUE,TRUE,FALSE,OneOFF_StarSystem,6,3,22,,,,,
OneOFF_StarSystem_1070,10710,Gliese 689,"Star System No. 1,070 has now been reached by the Wave Front: Gliese 689",FALSE,GY_ONEOFF,,,,57134.125,2056,TRUE,TRUE,FALSE,OneOFF_StarSystem,6,6,3,,,,,
OneOFF_StarSystem_1071,10720,WISE 1711+3500,"Star System No. 1,071 has now been reached by the Wave Front: WISE 1711+3500",FALSE,GY_ONEOFF,,,,57134.14583,2056,TRUE,TRUE,FALSE,OneOFF_StarSystem,6,6,3,,,,,
OneOFF_StarSystem_1072,10730,HD 139477,"Star System No. 1,072 has now been reached by the Wave Front: HD 139477",FALSE,GY_ONEOFF,,,,57207.175,2056,TRUE,TRUE,FALSE,OneOFF_StarSystem,6,8,15,,,,,
OneOFF_StarSystem_1073,10740,110 Herculis,"Star System No. 1,073 has now been reached by the Wave Front: 110 Herculis",FALSE,GY_ONEOFF,,,,57243.7,2056,TRUE,TRUE,FALSE,OneOFF_StarSystem,6,9,20,,,,,
OneOFF_StarSystem_1074,10750,HR 2643,"Star System No. 1,074 has now been reached by the Wave Front: HR 2643",FALSE,GY_ONEOFF,,,,57243.72083,2056,TRUE,TRUE,FALSE,OneOFF_StarSystem,6,9,20,,,,,
OneOFF_StarSystem_1075,10760,WISE 1721+1117,"Star System No. 1,075 has now been reached by the Wave Front: WISE 1721+1117",FALSE,GY_ONEOFF,,,,57243.74167,2056,TRUE,TRUE,FALSE,OneOFF_StarSystem,6,9,20,,,,,
OneOFF_StarSystem_1076,10770,HR 3625,"Star System No. 1,076 has now been reached by the Wave Front: HR 3625",FALSE,GY_ONEOFF,,,,57280.225,2056,TRUE,TRUE,FALSE,OneOFF_StarSystem,6,10,27,,,,,
OneOFF_StarSystem_1077,10780,Gliese 646,"Star System No. 1,077 has now been reached by the Wave Front: Gliese 646",FALSE,GY_ONEOFF,,,,57280.24583,2056,TRUE,TRUE,FALSE,OneOFF_StarSystem,6,10,27,,,,,
OneOFF_StarSystem_1078,10790,Gliese 576,"Star System No. 1,078 has now been reached by the Wave Front: Gliese 576",FALSE,GY_ONEOFF,,,,57353.275,2057,TRUE,TRUE,FALSE,OneOFF_StarSystem,6,1,8,,,,,
OneOFF_StarSystem_1079,10800,Gliese 1246,"Star System No. 1,079 has now been reached by the Wave Front: Gliese 1246",FALSE,GY_ONEOFF,,,,57353.29583,2057,TRUE,TRUE,FALSE,OneOFF_StarSystem,6,1,8,,,,,
OneOFF_StarSystem_1080,10810,ADS 10075,"Star System No. 1,080 has now been reached by the Wave Front: ADS 10075",FALSE,GY_ONEOFF,,,,57353.31667,2057,TRUE,TRUE,FALSE,OneOFF_StarSystem,6,1,8,,,,,
OneOFF_StarSystem_1081,10820,WISE 0049+0441,"Star System No. 1,081 has now been reached by the Wave Front: WISE 0049+0441",FALSE,GY_ONEOFF,,,,57353.3375,2057,TRUE,TRUE,FALSE,OneOFF_StarSystem,6,1,8,,,,,
OneOFF_StarSystem_1082,10830,Rho Puppis (Tureis),"Star System No. 1,082 has now been reached by the Wave Front: Rho Puppis (Tureis)",FALSE,GY_ONEOFF,,,,57389.8,2057,TRUE,TRUE,FALSE,OneOFF_StarSystem,6,2,13,,,,,
OneOFF_StarSystem_1083,10840,HD 25457,"Star System No. 1,083 has now been reached by the Wave Front: HD 25457",FALSE,GY_ONEOFF,,,,57389.82083,2057,TRUE,TRUE,FALSE,OneOFF_StarSystem,6,2,13,,,,,
OneOFF_StarSystem_1084,10850,Gliese 292.2,"Star System No. 1,084 has now been reached by the Wave Front: Gliese 292.2",FALSE,GY_ONEOFF,,,,57389.84167,2057,TRUE,TRUE,FALSE,OneOFF_StarSystem,6,2,13,,,,,
OneOFF_StarSystem_1085,10860,Gliese 825.3,"Star System No. 1,085 has now been reached by the Wave Front: Gliese 825.3",FALSE,GY_ONEOFF,,,,57389.8625,2057,TRUE,TRUE,FALSE,OneOFF_StarSystem,6,2,13,,,,,
OneOFF_StarSystem_1086,10870,Gliese 3546,"Star System No. 1,086 has now been reached by the Wave Front: Gliese 3546",FALSE,GY_ONEOFF,,,,57389.88333,2057,TRUE,TRUE,FALSE,OneOFF_StarSystem,6,2,13,,,,,
OneOFF_StarSystem_1087,10880,WD 0806−661 (Maru) - A,"Star System No. 1,087 has now been reached by the Wave Front: WD 0806−661 (Maru) - A",FALSE,GY_ONEOFF,,,,57400.7575,2057,TRUE,TRUE,FALSE,OneOFF_StarSystem,6,2,24,,,,,
OneOFF_StarSystem_1088,10890,WD 0806−661 (Maru) - B,"Star System No. 1,088 has now been reached by the Wave Front: WD 0806−661 (Maru) - B",FALSE,GY_ONEOFF,,,,57400.77833,2057,TRUE,TRUE,FALSE,OneOFF_StarSystem,6,2,24,,,,,
OneOFF_StarSystem_1089,10900,1 Centauri,"Star System No. 1,089 has now been reached by the Wave Front: 1 Centauri",FALSE,GY_ONEOFF,,,,57426.325,2057,TRUE,TRUE,FALSE,OneOFF_StarSystem,6,3,22,,,,,
OneOFF_StarSystem_1090,10910,Gliese 1283,"Star System No. 1,090 has now been reached by the Wave Front: Gliese 1283",FALSE,GY_ONEOFF,,,,57426.34583,2057,TRUE,TRUE,FALSE,OneOFF_StarSystem,6,3,22,,,,,
OneOFF_StarSystem_1091,10920,HD 189733 - A,"Star System No. 1,091 has now been reached by the Wave Front: HD 189733 - A",FALSE,GY_ONEOFF,,,,57426.36667,2057,TRUE,TRUE,FALSE,OneOFF_StarSystem,6,3,22,,,,,
OneOFF_StarSystem_1092,10930,HD 189733 - B,"Star System No. 1,092 has now been reached by the Wave Front: HD 189733 - B",FALSE,GY_ONEOFF,,,,57426.3875,2057,TRUE,TRUE,FALSE,OneOFF_StarSystem,6,3,22,,,,,
OneOFF_StarSystem_1093,10940,Beta Pictoris,"Star System No. 1,093 has now been reached by the Wave Front: Beta Pictoris",FALSE,GY_ONEOFF,,,,57462.85,2057,TRUE,TRUE,FALSE,OneOFF_StarSystem,6,4,27,,,,,
OneOFF_StarSystem_1094,10950,WISE 0032-4946,"Star System No. 1,094 has now been reached by the Wave Front: WISE 0032-4946",FALSE,GY_ONEOFF,,,,57462.87083,2057,TRUE,TRUE,FALSE,OneOFF_StarSystem,6,4,27,,,,,
OneOFF_StarSystem_1095,10960,HD 43587 - A,"Star System No. 1,095 has now been reached by the Wave Front: HD 43587 - A",FALSE,GY_ONEOFF,,,,57499.375,2057,TRUE,TRUE,FALSE,OneOFF_StarSystem,6,6,3,,,,,
OneOFF_StarSystem_1096,10970,HD 43587 - B,"Star System No. 1,096 has now been reached by the Wave Front: HD 43587 - B",FALSE,GY_ONEOFF,,,,57499.39583,2057,TRUE,TRUE,FALSE,OneOFF_StarSystem,6,6,3,,,,,
OneOFF_StarSystem_1097,10980,HD 43587 - C,"Star System No. 1,097 has now been reached by the Wave Front: HD 43587 - C",FALSE,GY_ONEOFF,,,,57499.41667,2057,TRUE,TRUE,FALSE,OneOFF_StarSystem,6,6,3,,,,,
OneOFF_StarSystem_1098,10990,HD 43587 - D,"Star System No. 1,098 has now been reached by the Wave Front: HD 43587 - D",FALSE,GY_ONEOFF,,,,57499.4375,2057,TRUE,TRUE,FALSE,OneOFF_StarSystem,6,6,3,,,,,
OneOFF_StarSystem_1099,11000,Gliese 710,"Star System No. 1,099 has now been reached by the Wave Front: Gliese 710",FALSE,GY_ONEOFF,,,,57499.45833,2057,TRUE,TRUE,FALSE,OneOFF_StarSystem,6,6,3,,,,,
OneOFF_StarSystem_1100,11010,WD 0806-661 - A,"Star System No. 1,100 has now been reached by the Wave Front: WD 0806-661 - A",FALSE,GY_ONEOFF,,,,57499.47917,2057,TRUE,TRUE,FALSE,OneOFF_StarSystem,6,6,3,,,,,
OneOFF_StarSystem_1101,11020,WD 0806-661 - B,"Star System No. 1,101 has now been reached by the Wave Front: WD 0806-661 - B",FALSE,GY_ONEOFF,,,,57499.5,2057,TRUE,TRUE,FALSE,OneOFF_StarSystem,6,6,3,,,,,
OneOFF_StarSystem_1102,11030,Gliese 775.1,"Star System No. 1,102 has now been reached by the Wave Front: Gliese 775.1",FALSE,GY_ONEOFF,,,,57535.9,2057,TRUE,TRUE,FALSE,OneOFF_StarSystem,6,7,9,,,,,
OneOFF_StarSystem_1103,11040,Gliese 1126,"Star System No. 1,103 has now been reached by the Wave Front: Gliese 1126",FALSE,GY_ONEOFF,,,,57535.92083,2057,TRUE,TRUE,FALSE,OneOFF_StarSystem,6,7,9,,,,,
OneOFF_StarSystem_1104,11050,Gliese 45,"Star System No. 1,104 has now been reached by the Wave Front: Gliese 45",FALSE,GY_ONEOFF,,,,57535.94167,2057,TRUE,TRUE,FALSE,OneOFF_StarSystem,6,7,9,,,,,
OneOFF_StarSystem_1105,11060,Gliese 816.1,"Star System No. 1,105 has now been reached by the Wave Front: Gliese 816.1",FALSE,GY_ONEOFF,,,,57572.425,2057,TRUE,TRUE,FALSE,OneOFF_StarSystem,6,8,15,,,,,
OneOFF_StarSystem_1106,11070,Omicron Aquilae - A,"Star System No. 1,106 has now been reached by the Wave Front: Omicron Aquilae - A",FALSE,GY_ONEOFF,,,,57608.95,2057,TRUE,TRUE,FALSE,OneOFF_StarSystem,6,9,20,,,,,
OneOFF_StarSystem_1107,11080,Omicron Aquilae - B,"Star System No. 1,107 has now been reached by the Wave Front: Omicron Aquilae - B",FALSE,GY_ONEOFF,,,,57608.97083,2057,TRUE,TRUE,FALSE,OneOFF_StarSystem,6,9,20,,,,,
OneOFF_StarSystem_1108,11090,Gliese 790,"Star System No. 1,108 has now been reached by the Wave Front: Gliese 790",FALSE,GY_ONEOFF,,,,57608.99167,2057,TRUE,TRUE,FALSE,OneOFF_StarSystem,6,9,20,,,,,
OneOFF_StarSystem_1109,11100,Gliese 9126,"Star System No. 1,109 has now been reached by the Wave Front: Gliese 9126",FALSE,GY_ONEOFF,,,,57609.0125,2057,TRUE,TRUE,FALSE,OneOFF_StarSystem,6,9,21,,,,,
OneOFF_StarSystem_1110,11110,HD 274255,"Star System No. 1,110 has now been reached by the Wave Front: HD 274255",FALSE,GY_ONEOFF,,,,57609.03333,2057,TRUE,TRUE,FALSE,OneOFF_StarSystem,6,9,21,,,,,
OneOFF_StarSystem_1111,11120,Alpha Chamaeleontis,"Star System No. 1,111 has now been reached by the Wave Front: Alpha Chamaeleontis",FALSE,GY_ONEOFF,,,,57682,2057,TRUE,TRUE,FALSE,OneOFF_StarSystem,6,12,3,,,,,
OneOFF_StarSystem_1112,11130,HR 6465,"Star System No. 1,112 has now been reached by the Wave Front: HR 6465",FALSE,GY_ONEOFF,,,,57682.02083,2057,TRUE,TRUE,FALSE,OneOFF_StarSystem,6,12,3,,,,,
OneOFF_StarSystem_1113,11140,Gliese 894.5,"Star System No. 1,113 has now been reached by the Wave Front: Gliese 894.5",FALSE,GY_ONEOFF,,,,57682.04167,2057,TRUE,TRUE,FALSE,OneOFF_StarSystem,6,12,3,,,,,
OneOFF_StarSystem_1114,11150,Gliese 59,"Star System No. 1,114 has now been reached by the Wave Front: Gliese 59",FALSE,GY_ONEOFF,,,,57718.525,2058,TRUE,TRUE,FALSE,OneOFF_StarSystem,6,1,8,,,,,
OneOFF_StarSystem_1115,11160,Gliese 571.1,"Star System No. 1,115 has now been reached by the Wave Front: Gliese 571.1",FALSE,GY_ONEOFF,,,,57718.54583,2058,TRUE,TRUE,FALSE,OneOFF_StarSystem,6,1,8,,,,,
OneOFF_StarSystem_1116,11170,WISE 0812+4021,"Star System No. 1,116 has now been reached by the Wave Front: WISE 0812+4021",FALSE,GY_ONEOFF,,,,57718.56667,2058,TRUE,TRUE,FALSE,OneOFF_StarSystem,6,1,8,,,,,
OneOFF_StarSystem_1117,11180,HD 130004,"Star System No. 1,117 has now been reached by the Wave Front: HD 130004",FALSE,GY_ONEOFF,,,,57755.05,2058,TRUE,TRUE,FALSE,OneOFF_StarSystem,6,2,14,,,,,
OneOFF_StarSystem_1118,11190,c Ursae Majoris,"Star System No. 1,118 has now been reached by the Wave Front: c Ursae Majoris",FALSE,GY_ONEOFF,,,,57791.575,2058,TRUE,TRUE,FALSE,OneOFF_StarSystem,6,3,22,,,,,
OneOFF_StarSystem_1119,11200,Gliese 204.1,"Star System No. 1,119 has now been reached by the Wave Front: Gliese 204.1",FALSE,GY_ONEOFF,,,,57791.59583,2058,TRUE,TRUE,FALSE,OneOFF_StarSystem,6,3,22,,,,,
OneOFF_StarSystem_1120,11210,HIP 38594,"Star System No. 1,120 has now been reached by the Wave Front: HIP 38594",FALSE,GY_ONEOFF,,,,57791.61667,2058,TRUE,TRUE,FALSE,OneOFF_StarSystem,6,3,22,,,,,
OneOFF_StarSystem_1121,11220,Gliese 3859,"Star System No. 1,121 has now been reached by the Wave Front: Gliese 3859",FALSE,GY_ONEOFF,,,,57828.1,2058,TRUE,TRUE,FALSE,OneOFF_StarSystem,6,4,28,,,,,
OneOFF_StarSystem_1122,11230,74 Orionis,"Star System No. 1,122 has now been reached by the Wave Front: 74 Orionis",FALSE,GY_ONEOFF,,,,57864.625,2058,TRUE,TRUE,FALSE,OneOFF_StarSystem,6,6,3,,,,,
OneOFF_StarSystem_1123,11240,Gliese 3383,"Star System No. 1,123 has now been reached by the Wave Front: Gliese 3383",FALSE,GY_ONEOFF,,,,57864.64583,2058,TRUE,TRUE,FALSE,OneOFF_StarSystem,6,6,3,,,,,
OneOFF_StarSystem_1124,11250,Alpha Trianguli (Mothallah) - A,"Star System No. 1,124 has now been reached by the Wave Front: Alpha Trianguli (Mothallah) - A",FALSE,GY_ONEOFF,,,,57901.15,2058,TRUE,TRUE,FALSE,OneOFF_StarSystem,6,7,10,,,,,
OneOFF_StarSystem_1125,11260,Alpha Trianguli (Mothallah) - B,"Star System No. 1,125 has now been reached by the Wave Front: Alpha Trianguli (Mothallah) - B",FALSE,GY_ONEOFF,,,,57901.17083,2058,TRUE,TRUE,FALSE,OneOFF_StarSystem,6,7,10,,,,,
OneOFF_StarSystem_1126,11270,Eta Crucis,"Star System No. 1,126 has now been reached by the Wave Front: Eta Crucis",FALSE,GY_ONEOFF,,,,57937.675,2058,TRUE,TRUE,FALSE,OneOFF_StarSystem,6,8,15,,,,,
OneOFF_StarSystem_1127,11280,Gliese 3867,"Star System No. 1,127 has now been reached by the Wave Front: Gliese 3867",FALSE,GY_ONEOFF,,,,57937.69583,2058,TRUE,TRUE,FALSE,OneOFF_StarSystem,6,8,15,,,,,
OneOFF_StarSystem_1128,11290,HD 59747,"Star System No. 1,128 has now been reached by the Wave Front: HD 59747",FALSE,GY_ONEOFF,,,,57937.71667,2058,TRUE,TRUE,FALSE,OneOFF_StarSystem,6,8,15,,,,,
OneOFF_StarSystem_1129,11300,Gliese 906,"Star System No. 1,129 has now been reached by the Wave Front: Gliese 906",FALSE,GY_ONEOFF,,,,57937.7375,2058,TRUE,TRUE,FALSE,OneOFF_StarSystem,6,8,15,,,,,
OneOFF_StarSystem_1130,11310,45 Boötis,"Star System No. 1,130 has now been reached by the Wave Front: 45 Boötis",FALSE,GY_ONEOFF,,,,57974.2,2058,TRUE,TRUE,FALSE,OneOFF_StarSystem,6,9,21,,,,,
OneOFF_StarSystem_1131,11320,HD 217107,"Star System No. 1,131 has now been reached by the Wave Front: HD 217107",FALSE,GY_ONEOFF,,,,57974.22083,2058,TRUE,TRUE,FALSE,OneOFF_StarSystem,6,9,21,,,,,
OneOFF_StarSystem_1132,11330,Gliese 81.2,"Star System No. 1,132 has now been reached by the Wave Front: Gliese 81.2",FALSE,GY_ONEOFF,,,,57974.24167,2058,TRUE,TRUE,FALSE,OneOFF_StarSystem,6,9,21,,,,,
OneOFF_StarSystem_1133,11340,HD 189733 (V452 Vulpeculae) - B,"Star System No. 1,133 has now been reached by the Wave Front: HD 189733 (V452 Vulpeculae) - B",FALSE,GY_ONEOFF,,,,58047.25,2058,TRUE,TRUE,FALSE,OneOFF_StarSystem,6,12,3,,,,,
OneOFF_StarSystem_1134,11350,HD 189733 (V452 Vulpeculae) - A,"Star System No. 1,134 has now been reached by the Wave Front: HD 189733 (V452 Vulpeculae) - A",FALSE,GY_ONEOFF,,,,58018.03,2058,TRUE,TRUE,FALSE,OneOFF_StarSystem,6,11,4,,,,,
OneOFF_StarSystem_1135,11360,HD 220140,"Star System No. 1,135 has now been reached by the Wave Front: HD 220140",FALSE,GY_ONEOFF,,,,58010.725,2058,TRUE,TRUE,FALSE,OneOFF_StarSystem,6,10,27,,,,,
OneOFF_StarSystem_1136,11370,Gliese 140.1,"Star System No. 1,136 has now been reached by the Wave Front: Gliese 140.1",FALSE,GY_ONEOFF,,,,58010.74583,2058,TRUE,TRUE,FALSE,OneOFF_StarSystem,6,10,27,,,,,
OneOFF_StarSystem_1137,11380,Gliese 3678,"Star System No. 1,137 has now been reached by the Wave Front: Gliese 3678",FALSE,GY_ONEOFF,,,,58010.76667,2058,TRUE,TRUE,FALSE,OneOFF_StarSystem,6,10,27,,,,,
OneOFF_StarSystem_1138,11390,EQ Virginis,"Star System No. 1,138 has now been reached by the Wave Front: EQ Virginis",FALSE,GY_ONEOFF,,,,58047.27083,2058,TRUE,TRUE,FALSE,OneOFF_StarSystem,6,12,3,,,,,
OneOFF_StarSystem_1139,11400,Gliese 3634,"Star System No. 1,139 has now been reached by the Wave Front: Gliese 3634",FALSE,GY_ONEOFF,,,,58047.29167,2058,TRUE,TRUE,FALSE,OneOFF_StarSystem,6,12,3,,,,,
OneOFF_StarSystem_1140,11410,DENIS-P J020529.0-115925,"Star System No. 1,140 has now been reached by the Wave Front: DENIS-P J020529.0-115925",FALSE,GY_ONEOFF,,,,58047.3125,2058,TRUE,TRUE,FALSE,OneOFF_StarSystem,6,12,3,,,,,
OneOFF_StarSystem_1141,11420,Nu² Canis Majoris,"Star System No. 1,141 has now been reached by the Wave Front: Nu² Canis Majoris",FALSE,GY_ONEOFF,,,,58120.3,2059,TRUE,TRUE,FALSE,OneOFF_StarSystem,6,2,14,,,,,
OneOFF_StarSystem_1142,11430,Gliese 586,"Star System No. 1,142 has now been reached by the Wave Front: Gliese 586",FALSE,GY_ONEOFF,,,,58156.825,2059,TRUE,TRUE,FALSE,OneOFF_StarSystem,6,3,22,,,,,
OneOFF_StarSystem_1143,11440,Gliese 1164,"Star System No. 1,143 has now been reached by the Wave Front: Gliese 1164",FALSE,GY_ONEOFF,,,,58156.84583,2059,TRUE,TRUE,FALSE,OneOFF_StarSystem,6,3,22,,,,,
OneOFF_StarSystem_1144,11450,LHS 1678 (TOI-696),"Star System No. 1,144 has now been reached by the Wave Front: LHS 1678 (TOI-696)",FALSE,GY_ONEOFF,,,,58153.1725,2059,TRUE,TRUE,FALSE,OneOFF_StarSystem,6,3,19,,,,,
OneOFF_StarSystem_1145,11460,22 Lyncis,"Star System No. 1,145 has now been reached by the Wave Front: 22 Lyncis",FALSE,GY_ONEOFF,,,,58193.35,2059,TRUE,TRUE,FALSE,OneOFF_StarSystem,6,4,28,,,,,
OneOFF_StarSystem_1146,11470,HD 192263 (Phoenicia),"Star System No. 1,146 has now been reached by the Wave Front: HD 192263 (Phoenicia)",FALSE,GY_ONEOFF,,,,58193.37083,2059,TRUE,TRUE,FALSE,OneOFF_StarSystem,6,4,28,,,,,
OneOFF_StarSystem_1147,11480,HD 35112,"Star System No. 1,147 has now been reached by the Wave Front: HD 35112",FALSE,GY_ONEOFF,,,,58193.39167,2059,TRUE,TRUE,FALSE,OneOFF_StarSystem,6,4,28,,,,,
OneOFF_StarSystem_1148,11490,WISE 0612-3036,"Star System No. 1,148 has now been reached by the Wave Front: WISE 0612-3036",FALSE,GY_ONEOFF,,,,58193.4125,2059,TRUE,TRUE,FALSE,OneOFF_StarSystem,6,4,28,,,,,
OneOFF_StarSystem_1149,11500,WISE 0929+0409,"Star System No. 1,149 has now been reached by the Wave Front: WISE 0929+0409",FALSE,GY_ONEOFF,,,,58193.43333,2059,TRUE,TRUE,FALSE,OneOFF_StarSystem,6,4,28,,,,,
OneOFF_StarSystem_1150,11510,HD_73752,"Star System No. 1,150 has now been reached by the Wave Front: HD_73752",FALSE,GY_ONEOFF,,,,58229.875,2059,TRUE,TRUE,FALSE,OneOFF_StarSystem,6,6,3,,,,,
OneOFF_StarSystem_1151,11520,Gliese 530,"Star System No. 1,151 has now been reached by the Wave Front: Gliese 530",FALSE,GY_ONEOFF,,,,58229.89583,2059,TRUE,TRUE,FALSE,OneOFF_StarSystem,6,6,3,,,,,
OneOFF_StarSystem_1152,11530,HD 216520,"Star System No. 1,152 has now been reached by the Wave Front: HD 216520",FALSE,GY_ONEOFF,,,,58229.91667,2059,TRUE,TRUE,FALSE,OneOFF_StarSystem,6,6,3,,,,,
OneOFF_StarSystem_1153,11540,GD 356,"Star System No. 1,153 has now been reached by the Wave Front: GD 356",FALSE,GY_ONEOFF,,,,58229.9375,2059,TRUE,TRUE,FALSE,OneOFF_StarSystem,6,6,3,,,,,
OneOFF_StarSystem_1154,11550,Aldebaran (Alpha Tauri),"Star System No. 1,154 has now been reached by the Wave Front: Aldebaran (Alpha Tauri)",FALSE,GY_ONEOFF,,,,58266.4,2059,TRUE,TRUE,FALSE,OneOFF_StarSystem,6,7,10,,,,,
OneOFF_StarSystem_1155,11560,Gliese 1233,"Star System No. 1,155 has now been reached by the Wave Front: Gliese 1233",FALSE,GY_ONEOFF,,,,58302.925,2059,TRUE,TRUE,FALSE,OneOFF_StarSystem,6,8,15,,,,,
OneOFF_StarSystem_1156,11570,Gliese 292.1,"Star System No. 1,156 has now been reached by the Wave Front: Gliese 292.1",FALSE,GY_ONEOFF,,,,58302.94583,2059,TRUE,TRUE,FALSE,OneOFF_StarSystem,6,8,15,,,,,
OneOFF_StarSystem_1157,11580,Gliese 268.2,"Star System No. 1,157 has now been reached by the Wave Front: Gliese 268.2",FALSE,GY_ONEOFF,,,,58302.96667,2059,TRUE,TRUE,FALSE,OneOFF_StarSystem,6,8,15,,,,,
OneOFF_StarSystem_1158,11590,GJ 1278,"Star System No. 1,158 has now been reached by the Wave Front: GJ 1278",FALSE,GY_ONEOFF,,,,58339.45,2059,TRUE,TRUE,FALSE,OneOFF_StarSystem,6,9,21,,,,,
OneOFF_StarSystem_1159,11600,Gliese 328,"Star System No. 1,159 has now been reached by the Wave Front: Gliese 328",FALSE,GY_ONEOFF,,,,58339.47083,2059,TRUE,TRUE,FALSE,OneOFF_StarSystem,6,9,21,,,,,
OneOFF_StarSystem_1160,11610,Epsilon Scorpii (Larawag),"Star System No. 1,160 has now been reached by the Wave Front: Epsilon Scorpii (Larawag)",FALSE,GY_ONEOFF,,,,58375.975,2059,TRUE,TRUE,FALSE,OneOFF_StarSystem,6,10,27,,,,,
OneOFF_StarSystem_1161,11620,Gliese 342,"Star System No. 1,161 has now been reached by the Wave Front: Gliese 342",FALSE,GY_ONEOFF,,,,58375.99583,2059,TRUE,TRUE,FALSE,OneOFF_StarSystem,6,10,27,,,,,
OneOFF_StarSystem_1162,11630,Gliese 747.3,"Star System No. 1,162 has now been reached by the Wave Front: Gliese 747.3",FALSE,GY_ONEOFF,,,,58376.01667,2059,TRUE,TRUE,FALSE,OneOFF_StarSystem,6,10,28,,,,,
OneOFF_StarSystem_1163,11640,53 Aquarii - A,"Star System No. 1,163 has now been reached by the Wave Front: 53 Aquarii - A",FALSE,GY_ONEOFF,,,,58412.5,2059,TRUE,TRUE,FALSE,OneOFF_StarSystem,6,12,3,,,,,
OneOFF_StarSystem_1164,11650,53 Aquarii - B,"Star System No. 1,164 has now been reached by the Wave Front: 53 Aquarii - B",FALSE,GY_ONEOFF,,,,58412.52083,2059,TRUE,TRUE,FALSE,OneOFF_StarSystem,6,12,3,,,,,
OneOFF_StarSystem_1165,11660,Gliese 456.1,"Star System No. 1,165 has now been reached by the Wave Front: Gliese 456.1",FALSE,GY_ONEOFF,,,,58449.025,2060,TRUE,TRUE,FALSE,OneOFF_StarSystem,6,1,9,,,,,
OneOFF_StarSystem_1166,11670,HD 110810,"Star System No. 1,166 has now been reached by the Wave Front: HD 110810",FALSE,GY_ONEOFF,,,,58449.04583,2060,TRUE,TRUE,FALSE,OneOFF_StarSystem,6,1,9,,,,,
OneOFF_StarSystem_1167,11680,RR Caeli - A,"Star System No. 1,167 has now been reached by the Wave Front: RR Caeli - A",FALSE,GY_ONEOFF,,,,58467.2875,2060,TRUE,TRUE,FALSE,OneOFF_StarSystem,6,1,27,,,,,
OneOFF_StarSystem_1168,11690,RR Caeli - B,"Star System No. 1,168 has now been reached by the Wave Front: RR Caeli - B",FALSE,GY_ONEOFF,,,,58467.30833,2060,TRUE,TRUE,FALSE,OneOFF_StarSystem,6,1,27,,,,,
OneOFF_StarSystem_1169,11700,Alpha Caeli - A,"Star System No. 1,169 has now been reached by the Wave Front: Alpha Caeli - A",FALSE,GY_ONEOFF,,,,58485.55,2060,TRUE,TRUE,FALSE,OneOFF_StarSystem,6,2,14,,,,,
OneOFF_StarSystem_1170,11710,Alpha Caeli - B,"Star System No. 1,170 has now been reached by the Wave Front: Alpha Caeli - B",FALSE,GY_ONEOFF,,,,58485.57083,2060,TRUE,TRUE,FALSE,OneOFF_StarSystem,6,2,14,,,,,
OneOFF_StarSystem_1171,11720,81 Cancri - A,"Star System No. 1,171 has now been reached by the Wave Front: 81 Cancri - A",FALSE,GY_ONEOFF,,,,58485.59167,2060,TRUE,TRUE,FALSE,OneOFF_StarSystem,6,2,14,,,,,
OneOFF_StarSystem_1172,11730,81 Cancri - B,"Star System No. 1,172 has now been reached by the Wave Front: 81 Cancri - B",FALSE,GY_ONEOFF,,,,58485.6125,2060,TRUE,TRUE,FALSE,OneOFF_StarSystem,6,2,14,,,,,
OneOFF_StarSystem_1173,11740,81 Cancri - C,"Star System No. 1,173 has now been reached by the Wave Front: 81 Cancri - C",FALSE,GY_ONEOFF,,,,58485.63333,2060,TRUE,TRUE,FALSE,OneOFF_StarSystem,6,2,14,,,,,
OneOFF_StarSystem_1174,11750,81 Cancri - D,"Star System No. 1,174 has now been reached by the Wave Front: 81 Cancri - D",FALSE,GY_ONEOFF,,,,58485.65417,2060,TRUE,TRUE,FALSE,OneOFF_StarSystem,6,2,14,,,,,
OneOFF_StarSystem_1175,11760,Gliese 762.2,"Star System No. 1,175 has now been reached by the Wave Front: Gliese 762.2",FALSE,GY_ONEOFF,,,,58485.675,2060,TRUE,TRUE,FALSE,OneOFF_StarSystem,6,2,14,,,,,
OneOFF_StarSystem_1176,11770,HD 136923,"Star System No. 1,176 has now been reached by the Wave Front: HD 136923",FALSE,GY_ONEOFF,,,,58485.69583,2060,TRUE,TRUE,FALSE,OneOFF_StarSystem,6,2,14,,,,,
OneOFF_StarSystem_1177,11780,HD 149806,"Star System No. 1,177 has now been reached by the Wave Front: HD 149806",FALSE,GY_ONEOFF,,,,58485.71667,2060,TRUE,TRUE,FALSE,OneOFF_StarSystem,6,2,14,,,,,
OneOFF_StarSystem_1178,11790,Hamal (Alpha Arietis),"Star System No. 1,178 has now been reached by the Wave Front: Hamal (Alpha Arietis)",FALSE,GY_ONEOFF,,,,58558.6,2060,TRUE,TRUE,FALSE,OneOFF_StarSystem,6,4,27,,,,,
OneOFF_StarSystem_1179,11800,GJ 3620,"Star System No. 1,179 has now been reached by the Wave Front: GJ 3620",FALSE,GY_ONEOFF,,,,58558.62083,2060,TRUE,TRUE,FALSE,OneOFF_StarSystem,6,4,27,,,,,
OneOFF_StarSystem_1180,11810,Gliese 765.4,"Star System No. 1,180 has now been reached by the Wave Front: Gliese 765.4",FALSE,GY_ONEOFF,,,,58558.64167,2060,TRUE,TRUE,FALSE,OneOFF_StarSystem,6,4,27,,,,,
OneOFF_StarSystem_1181,11820,GJ 3293,"Star System No. 1,181 has now been reached by the Wave Front: GJ 3293",FALSE,GY_ONEOFF,,,,58562.2525,2060,TRUE,TRUE,FALSE,OneOFF_StarSystem,6,5,1,,,,,
OneOFF_StarSystem_1182,11830,DENIS-P J1228.2-1547,"Star System No. 1,182 has now been reached by the Wave Front: DENIS-P J1228.2-1547",FALSE,GY_ONEOFF,,,,58595.125,2060,TRUE,TRUE,FALSE,OneOFF_StarSystem,6,6,3,,,,,
OneOFF_StarSystem_1183,11840,Kappa Tucanae,"Star System No. 1,183 has now been reached by the Wave Front: Kappa Tucanae",FALSE,GY_ONEOFF,,,,58609.735,2060,TRUE,TRUE,FALSE,OneOFF_StarSystem,6,6,17,,,,,
OneOFF_StarSystem_1184,11850,HR 8853,"Star System No. 1,184 has now been reached by the Wave Front: HR 8853",FALSE,GY_ONEOFF,,,,58631.65,2060,TRUE,TRUE,FALSE,OneOFF_StarSystem,6,7,9,,,,,
OneOFF_StarSystem_1185,11860,Gliese 199,"Star System No. 1,185 has now been reached by the Wave Front: Gliese 199",FALSE,GY_ONEOFF,,,,58631.67083,2060,TRUE,TRUE,FALSE,OneOFF_StarSystem,6,7,9,,,,,
OneOFF_StarSystem_1186,11870,Gamma Doradus,"Star System No. 1,186 has now been reached by the Wave Front: Gamma Doradus",FALSE,GY_ONEOFF,,,,58668.175,2060,TRUE,TRUE,FALSE,OneOFF_StarSystem,6,8,15,,,,,
OneOFF_StarSystem_1187,11880,Gliese 836.8,"Star System No. 1,187 has now been reached by the Wave Front: Gliese 836.8",FALSE,GY_ONEOFF,,,,58668.19583,2060,TRUE,TRUE,FALSE,OneOFF_StarSystem,6,8,15,,,,,
OneOFF_StarSystem_1188,11890,WISE 0413-4750,"Star System No. 1,188 has now been reached by the Wave Front: WISE 0413-4750",FALSE,GY_ONEOFF,,,,58668.21667,2060,TRUE,TRUE,FALSE,OneOFF_StarSystem,6,8,15,,,,,
OneOFF_StarSystem_1189,11900,Gliese 221 - A,"Star System No. 1,189 has now been reached by the Wave Front: Gliese 221 - A",FALSE,GY_ONEOFF,,,,58704.7,2060,TRUE,TRUE,FALSE,OneOFF_StarSystem,6,9,20,,,,,
OneOFF_StarSystem_1190,11910,Gliese 221 - B,"Star System No. 1,190 has now been reached by the Wave Front: Gliese 221 - B",FALSE,GY_ONEOFF,,,,58704.72083,2060,TRUE,TRUE,FALSE,OneOFF_StarSystem,6,9,20,,,,,
OneOFF_StarSystem_1191,11920,Gliese 840,"Star System No. 1,191 has now been reached by the Wave Front: Gliese 840",FALSE,GY_ONEOFF,,,,58704.74167,2060,TRUE,TRUE,FALSE,OneOFF_StarSystem,6,9,20,,,,,
OneOFF_StarSystem_1192,11930,GJ 2001,"Star System No. 1,192 has now been reached by the Wave Front: GJ 2001",FALSE,GY_ONEOFF,,,,58704.7625,2060,TRUE,TRUE,FALSE,OneOFF_StarSystem,6,9,20,,,,,
OneOFF_StarSystem_1193,11940,Tau Cygni - A,"Star System No. 1,193 has now been reached by the Wave Front: Tau Cygni - A",FALSE,GY_ONEOFF,,,,58741.225,2060,TRUE,TRUE,FALSE,OneOFF_StarSystem,6,10,27,,,,,
OneOFF_StarSystem_1194,11950,Tau Cygni - B,"Star System No. 1,194 has now been reached by the Wave Front: Tau Cygni - B",FALSE,GY_ONEOFF,,,,58741.24583,2060,TRUE,TRUE,FALSE,OneOFF_StarSystem,6,10,27,,,,,
OneOFF_StarSystem_1195,11960,GJ 3863,"Star System No. 1,195 has now been reached by the Wave Front: GJ 3863",FALSE,GY_ONEOFF,,,,58741.26667,2060,TRUE,TRUE,FALSE,OneOFF_StarSystem,6,10,27,,,,,
OneOFF_StarSystem_1196,11970,Gliese 558,"Star System No. 1,196 has now been reached by the Wave Front: Gliese 558",FALSE,GY_ONEOFF,,,,58741.2875,2060,TRUE,TRUE,FALSE,OneOFF_StarSystem,6,10,27,,,,,
OneOFF_StarSystem_1197,11980,HR 6349,"Star System No. 1,197 has now been reached by the Wave Front: HR 6349",FALSE,GY_ONEOFF,,,,58777.75,2060,TRUE,TRUE,FALSE,OneOFF_StarSystem,6,12,2,,,,,
OneOFF_StarSystem_1198,11990,9 Ceti,"Star System No. 1,198 has now been reached by the Wave Front: 9 Ceti",FALSE,GY_ONEOFF,,,,58777.77083,2060,TRUE,TRUE,FALSE,OneOFF_StarSystem,6,12,2,,,,,
OneOFF_StarSystem_1199,12000,Gliese 257.1,"Star System No. 1,199 has now been reached by the Wave Front: Gliese 257.1",FALSE,GY_ONEOFF,,,,58814.275,2061,TRUE,TRUE,FALSE,OneOFF_StarSystem,6,1,8,,,,,
OneOFF_StarSystem_1200,12010,GJ 1069,"Star System No. 1,200 has now been reached by the Wave Front: GJ 1069",FALSE,GY_ONEOFF,,,,58814.29583,2061,TRUE,TRUE,FALSE,OneOFF_StarSystem,6,1,8,,,,,
OneOFF_StarSystem_1201,12020,HD 114783,"Star System No. 1,201 has now been reached by the Wave Front: HD 114783",FALSE,GY_ONEOFF,,,,58814.31667,2061,TRUE,TRUE,FALSE,OneOFF_StarSystem,6,1,8,,,,,
OneOFF_StarSystem_1202,12030,DK Leonis,"Star System No. 1,202 has now been reached by the Wave Front: DK Leonis",FALSE,GY_ONEOFF,,,,58814.3375,2061,TRUE,TRUE,FALSE,OneOFF_StarSystem,6,1,8,,,,,
OneOFF_StarSystem_1203,12040,Sigma² Ursae Majoris - A,"Star System No. 1,203 has now been reached by the Wave Front: Sigma² Ursae Majoris - A",FALSE,GY_ONEOFF,,,,58850.8,2061,TRUE,TRUE,FALSE,OneOFF_StarSystem,6,2,13,,,,,
OneOFF_StarSystem_1204,12050,Sigma² Ursae Majoris - B,"Star System No. 1,204 has now been reached by the Wave Front: Sigma² Ursae Majoris - B",FALSE,GY_ONEOFF,,,,58850.82083,2061,TRUE,TRUE,FALSE,OneOFF_StarSystem,6,2,13,,,,,
OneOFF_StarSystem_1205,12060,HD 30501,"Star System No. 1,205 has now been reached by the Wave Front: HD 30501",FALSE,GY_ONEOFF,,,,58850.84167,2061,TRUE,TRUE,FALSE,OneOFF_StarSystem,6,2,13,,,,,
OneOFF_StarSystem_1206,12070,GJ 9714,"Star System No. 1,206 has now been reached by the Wave Front: GJ 9714",FALSE,GY_ONEOFF,,,,58850.8625,2061,TRUE,TRUE,FALSE,OneOFF_StarSystem,6,2,13,,,,,
OneOFF_StarSystem_1207,12080,HR 8531,"Star System No. 1,207 has now been reached by the Wave Front: HR 8531",FALSE,GY_ONEOFF,,,,58887.325,2061,TRUE,TRUE,FALSE,OneOFF_StarSystem,6,3,22,,,,,
OneOFF_StarSystem_1208,12090,HD 114613,"Star System No. 1,208 has now been reached by the Wave Front: HD 114613",FALSE,GY_ONEOFF,,,,58887.34583,2061,TRUE,TRUE,FALSE,OneOFF_StarSystem,6,3,22,,,,,
OneOFF_StarSystem_1209,12100,GJ 1262,"Star System No. 1,209 has now been reached by the Wave Front: GJ 1262",FALSE,GY_ONEOFF,,,,58887.36667,2061,TRUE,TRUE,FALSE,OneOFF_StarSystem,6,3,22,,,,,
OneOFF_StarSystem_1210,12110,Gliese 783.2,"Star System No. 1,210 has now been reached by the Wave Front: Gliese 783.2",FALSE,GY_ONEOFF,,,,58887.3875,2061,TRUE,TRUE,FALSE,OneOFF_StarSystem,6,3,22,,,,,
OneOFF_StarSystem_1211,12120,GJ 1172,"Star System No. 1,211 has now been reached by the Wave Front: GJ 1172",FALSE,GY_ONEOFF,,,,58923.85,2061,TRUE,TRUE,FALSE,OneOFF_StarSystem,6,4,27,,,,,
OneOFF_StarSystem_1212,12130,GJ 3358,"Star System No. 1,212 has now been reached by the Wave Front: GJ 3358",FALSE,GY_ONEOFF,,,,58923.87083,2061,TRUE,TRUE,FALSE,OneOFF_StarSystem,6,4,27,,,,,
OneOFF_StarSystem_1213,12140,HD 155712,"Star System No. 1,213 has now been reached by the Wave Front: HD 155712",FALSE,GY_ONEOFF,,,,58960.375,2061,TRUE,TRUE,FALSE,OneOFF_StarSystem,6,6,3,,,,,
OneOFF_StarSystem_1214,12150,HR 8843,"Star System No. 1,214 has now been reached by the Wave Front: HR 8843",FALSE,GY_ONEOFF,,,,58996.9,2061,TRUE,TRUE,FALSE,OneOFF_StarSystem,6,7,9,,,,,
OneOFF_StarSystem_1215,12160,Gliese 217,"Star System No. 1,215 has now been reached by the Wave Front: Gliese 217",FALSE,GY_ONEOFF,,,,58996.92083,2061,TRUE,TRUE,FALSE,OneOFF_StarSystem,6,7,9,,,,,
OneOFF_StarSystem_1216,12170,Gliese 330.1,"Star System No. 1,216 has now been reached by the Wave Front: Gliese 330.1",FALSE,GY_ONEOFF,,,,59033.425,2061,TRUE,TRUE,FALSE,OneOFF_StarSystem,6,8,15,,,,,
OneOFF_StarSystem_1217,12180,WISE 0123+4142,"Star System No. 1,217 has now been reached by the Wave Front: WISE 0123+4142",FALSE,GY_ONEOFF,,,,59033.44583,2061,TRUE,TRUE,FALSE,OneOFF_StarSystem,6,8,15,,,,,
OneOFF_StarSystem_1218,12190,WISE 0625+5646,"Star System No. 1,218 has now been reached by the Wave Front: WISE 0625+5646",FALSE,GY_ONEOFF,,,,59033.46667,2061,TRUE,TRUE,FALSE,OneOFF_StarSystem,6,8,15,,,,,
OneOFF_StarSystem_1219,12200,GJ 3593,"Star System No. 1,219 has now been reached by the Wave Front: GJ 3593",FALSE,GY_ONEOFF,,,,59069.95,2061,TRUE,TRUE,FALSE,OneOFF_StarSystem,6,9,20,,,,,
OneOFF_StarSystem_1220,12210,HD 332518,"Star System No. 1,220 has now been reached by the Wave Front: HD 332518",FALSE,GY_ONEOFF,,,,59069.97083,2061,TRUE,TRUE,FALSE,OneOFF_StarSystem,6,9,20,,,,,
OneOFF_StarSystem_1221,12220,HD 24496,"Star System No. 1,221 has now been reached by the Wave Front: HD 24496",FALSE,GY_ONEOFF,,,,59106.475,2061,TRUE,TRUE,FALSE,OneOFF_StarSystem,6,10,27,,,,,
OneOFF_StarSystem_1222,12230,Gliese 808.2,"Star System No. 1,222 has now been reached by the Wave Front: Gliese 808.2",FALSE,GY_ONEOFF,,,,59106.49583,2061,TRUE,TRUE,FALSE,OneOFF_StarSystem,6,10,27,,,,,
OneOFF_StarSystem_1223,12240,CR Draconis,"Star System No. 1,223 has now been reached by the Wave Front: CR Draconis",FALSE,GY_ONEOFF,,,,59106.51667,2061,TRUE,TRUE,FALSE,OneOFF_StarSystem,6,10,27,,,,,
OneOFF_StarSystem_1224,12250,94 Aquarii - A,"Star System No. 1,224 has now been reached by the Wave Front: 94 Aquarii - A",FALSE,GY_ONEOFF,,,,59179.525,2062,TRUE,TRUE,FALSE,OneOFF_StarSystem,6,1,8,,,,,
OneOFF_StarSystem_1225,12260,94 Aquarii - B,"Star System No. 1,225 has now been reached by the Wave Front: 94 Aquarii - B",FALSE,GY_ONEOFF,,,,59179.54583,2062,TRUE,TRUE,FALSE,OneOFF_StarSystem,6,1,8,,,,,
OneOFF_StarSystem_1226,12270,GJ 1108,"Star System No. 1,226 has now been reached by the Wave Front: GJ 1108",FALSE,GY_ONEOFF,,,,59179.56667,2062,TRUE,TRUE,FALSE,OneOFF_StarSystem,6,1,8,,,,,
OneOFF_StarSystem_1227,12280,HIP 105533,"Star System No. 1,227 has now been reached by the Wave Front: HIP 105533",FALSE,GY_ONEOFF,,,,59179.5875,2062,TRUE,TRUE,FALSE,OneOFF_StarSystem,6,1,8,,,,,
OneOFF_StarSystem_1228,12290,Gliese 53.1,"Star System No. 1,228 has now been reached by the Wave Front: Gliese 53.1",FALSE,GY_ONEOFF,,,,59216.05,2062,TRUE,TRUE,FALSE,OneOFF_StarSystem,6,2,14,,,,,
OneOFF_StarSystem_1229,12300,GJ 1084,"Star System No. 1,229 has now been reached by the Wave Front: GJ 1084",FALSE,GY_ONEOFF,,,,59216.07083,2062,TRUE,TRUE,FALSE,OneOFF_StarSystem,6,2,14,,,,,
OneOFF_StarSystem_1230,12310,GJ 1008,"Star System No. 1,230 has now been reached by the Wave Front: GJ 1008",FALSE,GY_ONEOFF,,,,59216.09167,2062,TRUE,TRUE,FALSE,OneOFF_StarSystem,6,2,14,,,,,
OneOFF_StarSystem_1231,12320,Gliese 30,"Star System No. 1,231 has now been reached by the Wave Front: Gliese 30",FALSE,GY_ONEOFF,,,,59216.1125,2062,TRUE,TRUE,FALSE,OneOFF_StarSystem,6,2,14,,,,,
OneOFF_StarSystem_1232,12330,Gliese 544,"Star System No. 1,232 has now been reached by the Wave Front: Gliese 544",FALSE,GY_ONEOFF,,,,59252.575,2062,TRUE,TRUE,FALSE,OneOFF_StarSystem,6,3,22,,,,,
OneOFF_StarSystem_1233,12340,GJ 1280,"Star System No. 1,233 has now been reached by the Wave Front: GJ 1280",FALSE,GY_ONEOFF,,,,59289.1,2062,TRUE,TRUE,FALSE,OneOFF_StarSystem,6,4,28,,,,,
OneOFF_StarSystem_1234,12350,HD 104067,"Star System No. 1,234 has now been reached by the Wave Front: HD 104067",FALSE,GY_ONEOFF,,,,59289.12083,2062,TRUE,TRUE,FALSE,OneOFF_StarSystem,6,4,28,,,,,
OneOFF_StarSystem_1235,12360,Gliese 900 - A,"Star System No. 1,235 has now been reached by the Wave Front: Gliese 900 - A",FALSE,GY_ONEOFF,,,,59325.625,2062,TRUE,TRUE,FALSE,OneOFF_StarSystem,6,6,3,,,,,
OneOFF_StarSystem_1236,12370,Gliese 900 - B,"Star System No. 1,236 has now been reached by the Wave Front: Gliese 900 - B",FALSE,GY_ONEOFF,,,,59325.64583,2062,TRUE,TRUE,FALSE,OneOFF_StarSystem,6,6,3,,,,,
OneOFF_StarSystem_1237,12380,Gliese 900 - C,"Star System No. 1,237 has now been reached by the Wave Front: Gliese 900 - C",FALSE,GY_ONEOFF,,,,59325.66667,2062,TRUE,TRUE,FALSE,OneOFF_StarSystem,6,6,3,,,,,
OneOFF_StarSystem_1238,12390,17 Cygni - A,"Star System No. 1,238 has now been reached by the Wave Front: 17 Cygni - A",FALSE,GY_ONEOFF,,,,59325.6875,2062,TRUE,TRUE,FALSE,OneOFF_StarSystem,6,6,3,,,,,
OneOFF_StarSystem_1239,12400,17 Cygni - B,"Star System No. 1,239 has now been reached by the Wave Front: 17 Cygni - B",FALSE,GY_ONEOFF,,,,59325.70833,2062,TRUE,TRUE,FALSE,OneOFF_StarSystem,6,6,3,,,,,
OneOFF_StarSystem_1240,12410,HR 7330,"Star System No. 1,240 has now been reached by the Wave Front: HR 7330",FALSE,GY_ONEOFF,,,,59325.72917,2062,TRUE,TRUE,FALSE,OneOFF_StarSystem,6,6,3,,,,,
OneOFF_StarSystem_1241,12420,Gliese 533,"Star System No. 1,241 has now been reached by the Wave Front: Gliese 533",FALSE,GY_ONEOFF,,,,59325.75,2062,TRUE,TRUE,FALSE,OneOFF_StarSystem,6,6,3,,,,,
OneOFF_StarSystem_1242,12430,HR 7631,"Star System No. 1,242 has now been reached by the Wave Front: HR 7631",FALSE,GY_ONEOFF,,,,59362.15,2062,TRUE,TRUE,FALSE,OneOFF_StarSystem,6,7,10,,,,,
OneOFF_StarSystem_1243,12440,HR 5,"Star System No. 1,243 has now been reached by the Wave Front: HR 5",FALSE,GY_ONEOFF,,,,59398.675,2062,TRUE,TRUE,FALSE,OneOFF_StarSystem,6,8,15,,,,,
OneOFF_StarSystem_1244,12450,Gliese 415,"Star System No. 1,244 has now been reached by the Wave Front: Gliese 415",FALSE,GY_ONEOFF,,,,59398.69583,2062,TRUE,TRUE,FALSE,OneOFF_StarSystem,6,8,15,,,,,
OneOFF_StarSystem_1245,12460,WISE 0821+1443,"Star System No. 1,245 has now been reached by the Wave Front: WISE 0821+1443",FALSE,GY_ONEOFF,,,,59398.71667,2062,TRUE,TRUE,FALSE,OneOFF_StarSystem,6,8,15,,,,,
OneOFF_StarSystem_1246,12470,Theta Draconis,"Star System No. 1,246 has now been reached by the Wave Front: Theta Draconis",FALSE,GY_ONEOFF,,,,59435.2,2062,TRUE,TRUE,FALSE,OneOFF_StarSystem,6,9,21,,,,,
OneOFF_StarSystem_1247,12480,13 Ceti,"Star System No. 1,247 has now been reached by the Wave Front: 13 Ceti",FALSE,GY_ONEOFF,,,,59435.22083,2062,TRUE,TRUE,FALSE,OneOFF_StarSystem,6,9,21,,,,,
OneOFF_StarSystem_1248,12490,HR 7260,"Star System No. 1,248 has now been reached by the Wave Front: HR 7260",FALSE,GY_ONEOFF,,,,59435.24167,2062,TRUE,TRUE,FALSE,OneOFF_StarSystem,6,9,21,,,,,
OneOFF_StarSystem_1249,12500,HD 33564,"Star System No. 1,249 has now been reached by the Wave Front: HD 33564",FALSE,GY_ONEOFF,,,,59471.725,2062,TRUE,TRUE,FALSE,OneOFF_StarSystem,6,10,27,,,,,
OneOFF_StarSystem_1250,12510,Gliese 371,"Star System No. 1,250 has now been reached by the Wave Front: Gliese 371",FALSE,GY_ONEOFF,,,,59471.74583,2062,TRUE,TRUE,FALSE,OneOFF_StarSystem,6,10,27,,,,,
OneOFF_StarSystem_1251,12520,HD 220221,"Star System No. 1,251 has now been reached by the Wave Front: HD 220221",FALSE,GY_ONEOFF,,,,59471.76667,2062,TRUE,TRUE,FALSE,OneOFF_StarSystem,6,10,27,,,,,
OneOFF_StarSystem_1252,12530,HR 8013,"Star System No. 1,252 has now been reached by the Wave Front: HR 8013",FALSE,GY_ONEOFF,,,,59508.25,2062,TRUE,TRUE,FALSE,OneOFF_StarSystem,6,12,3,,,,,
OneOFF_StarSystem_1253,12540,Gliese 59.1,"Star System No. 1,253 has now been reached by the Wave Front: Gliese 59.1",FALSE,GY_ONEOFF,,,,59508.27083,2062,TRUE,TRUE,FALSE,OneOFF_StarSystem,6,12,3,,,,,
OneOFF_StarSystem_1254,12550,HR 7914,"Star System No. 1,254 has now been reached by the Wave Front: HR 7914",FALSE,GY_ONEOFF,,,,59508.29167,2062,TRUE,TRUE,FALSE,OneOFF_StarSystem,6,12,3,,,,,
OneOFF_StarSystem_1255,12560,HD 119802,"Star System No. 1,255 has now been reached by the Wave Front: HD 119802",FALSE,GY_ONEOFF,,,,59508.3125,2062,TRUE,TRUE,FALSE,OneOFF_StarSystem,6,12,3,,,,,
OneOFF_StarSystem_1256,12570,Gliese 491,"Star System No. 1,256 has now been reached by the Wave Front: Gliese 491",FALSE,GY_ONEOFF,,,,59508.33333,2062,TRUE,TRUE,FALSE,OneOFF_StarSystem,6,12,3,,,,,
OneOFF_StarSystem_1257,12580,HD 216259,"Star System No. 1,257 has now been reached by the Wave Front: HD 216259",FALSE,GY_ONEOFF,,,,59544.775,2063,TRUE,TRUE,FALSE,OneOFF_StarSystem,6,1,8,,,,,
OneOFF_StarSystem_1258,12590,Gliese 396,"Star System No. 1,258 has now been reached by the Wave Front: Gliese 396",FALSE,GY_ONEOFF,,,,59544.79583,2063,TRUE,TRUE,FALSE,OneOFF_StarSystem,6,1,8,,,,,
OneOFF_StarSystem_1259,12600,HD 124580,"Star System No. 1,259 has now been reached by the Wave Front: HD 124580",FALSE,GY_ONEOFF,,,,59581.3,2063,TRUE,TRUE,FALSE,OneOFF_StarSystem,6,2,14,,,,,
OneOFF_StarSystem_1260,12610,71 Orionis,"Star System No. 1,260 has now been reached by the Wave Front: 71 Orionis",FALSE,GY_ONEOFF,,,,59654.35,2063,TRUE,TRUE,FALSE,OneOFF_StarSystem,6,4,28,,,,,
OneOFF_StarSystem_1261,12620,Gliese 889,"Star System No. 1,261 has now been reached by the Wave Front: Gliese 889",FALSE,GY_ONEOFF,,,,59654.37083,2063,TRUE,TRUE,FALSE,OneOFF_StarSystem,6,4,28,,,,,
OneOFF_StarSystem_1262,12630,VHS J1256−1257 - A,"Star System No. 1,262 has now been reached by the Wave Front: VHS J1256−1257 - A",FALSE,GY_ONEOFF,,,,59690.875,2063,TRUE,TRUE,FALSE,OneOFF_StarSystem,6,6,3,,,,,
OneOFF_StarSystem_1263,12640,VHS J1256−1257 - B,"Star System No. 1,263 has now been reached by the Wave Front: VHS J1256−1257 - B",FALSE,GY_ONEOFF,,,,59690.89583,2063,TRUE,TRUE,FALSE,OneOFF_StarSystem,6,6,3,,,,,
OneOFF_StarSystem_1264,12650,40 Leonis,"Star System No. 1,264 has now been reached by the Wave Front: 40 Leonis",FALSE,GY_ONEOFF,,,,59690.91667,2063,TRUE,TRUE,FALSE,OneOFF_StarSystem,6,6,3,,,,,
OneOFF_StarSystem_1265,12660,51 Arietis,"Star System No. 1,265 has now been reached by the Wave Front: 51 Arietis",FALSE,GY_ONEOFF,,,,59690.9375,2063,TRUE,TRUE,FALSE,OneOFF_StarSystem,6,6,3,,,,,
OneOFF_StarSystem_1266,12670,Gliese 336,"Star System No. 1,266 has now been reached by the Wave Front: Gliese 336",FALSE,GY_ONEOFF,,,,59690.95833,2063,TRUE,TRUE,FALSE,OneOFF_StarSystem,6,6,3,,,,,
OneOFF_StarSystem_1267,12680,I Puppis,"Star System No. 1,267 has now been reached by the Wave Front: I Puppis",FALSE,GY_ONEOFF,,,,59727.4,2063,TRUE,TRUE,FALSE,OneOFF_StarSystem,6,7,10,,,,,
OneOFF_StarSystem_1268,12690,V774 Tauri,"Star System No. 1,268 has now been reached by the Wave Front: V774 Tauri",FALSE,GY_ONEOFF,,,,59727.42083,2063,TRUE,TRUE,FALSE,OneOFF_StarSystem,6,7,10,,,,,
OneOFF_StarSystem_1269,12700,GJ 1165,"Star System No. 1,269 has now been reached by the Wave Front: GJ 1165",FALSE,GY_ONEOFF,,,,59727.44167,2063,TRUE,TRUE,FALSE,OneOFF_StarSystem,6,7,10,,,,,
OneOFF_StarSystem_1270,12710,Gliese 659,"Star System No. 1,270 has now been reached by the Wave Front: Gliese 659",FALSE,GY_ONEOFF,,,,59763.925,2063,TRUE,TRUE,FALSE,OneOFF_StarSystem,6,8,15,,,,,
OneOFF_StarSystem_1271,12720,Gliese 276,"Star System No. 1,271 has now been reached by the Wave Front: Gliese 276",FALSE,GY_ONEOFF,,,,59800.45,2063,TRUE,TRUE,FALSE,OneOFF_StarSystem,6,9,21,,,,,
OneOFF_StarSystem_1272,12730,GJ 1048,"Star System No. 1,272 has now been reached by the Wave Front: GJ 1048",FALSE,GY_ONEOFF,,,,59800.47083,2063,TRUE,TRUE,FALSE,OneOFF_StarSystem,6,9,21,,,,,
OneOFF_StarSystem_1273,12740,HD 210277,"Star System No. 1,273 has now been reached by the Wave Front: HD 210277",FALSE,GY_ONEOFF,,,,59836.975,2063,TRUE,TRUE,FALSE,OneOFF_StarSystem,6,10,27,,,,,
OneOFF_StarSystem_1274,12750,HR 3578,"Star System No. 1,274 has now been reached by the Wave Front: HR 3578",FALSE,GY_ONEOFF,,,,59873.5,2063,TRUE,TRUE,FALSE,OneOFF_StarSystem,6,12,3,,,,,
OneOFF_StarSystem_1275,12760,Gliese 155.2,"Star System No. 1,275 has now been reached by the Wave Front: Gliese 155.2",FALSE,GY_ONEOFF,,,,59873.52083,2063,TRUE,TRUE,FALSE,OneOFF_StarSystem,6,12,3,,,,,
OneOFF_StarSystem_1276,12770,HD 97658,"Star System No. 1,276 has now been reached by the Wave Front: HD 97658",FALSE,GY_ONEOFF,,,,59873.54167,2063,TRUE,TRUE,FALSE,OneOFF_StarSystem,6,12,3,,,,,
OneOFF_StarSystem_1277,12780,Gliese 122,"Star System No. 1,277 has now been reached by the Wave Front: Gliese 122",FALSE,GY_ONEOFF,,,,59873.5625,2063,TRUE,TRUE,FALSE,OneOFF_StarSystem,6,12,3,,,,,
OneOFF_StarSystem_1278,12790,50 Persei,"Star System No. 1,278 has now been reached by the Wave Front: 50 Persei",FALSE,GY_ONEOFF,,,,59910.025,2064,TRUE,TRUE,FALSE,OneOFF_StarSystem,6,1,9,,,,,
OneOFF_StarSystem_1279,12800,HR 5070,"Star System No. 1,279 has now been reached by the Wave Front: HR 5070",FALSE,GY_ONEOFF,,,,59910.04583,2064,TRUE,TRUE,FALSE,OneOFF_StarSystem,6,1,9,,,,,
OneOFF_StarSystem_1280,12810,GJ 3917,"Star System No. 1,280 has now been reached by the Wave Front: GJ 3917",FALSE,GY_ONEOFF,,,,59910.06667,2064,TRUE,TRUE,FALSE,OneOFF_StarSystem,6,1,9,,,,,
OneOFF_StarSystem_1281,12820,Iota Virginis (Syrma),"Star System No. 1,281 has now been reached by the Wave Front: Iota Virginis (Syrma)",FALSE,GY_ONEOFF,,,,59983.075,2064,TRUE,TRUE,FALSE,OneOFF_StarSystem,6,3,22,,,,,
OneOFF_StarSystem_1282,12830,HR 3220 (B Carinae),"Star System No. 1,282 has now been reached by the Wave Front: HR 3220 (B Carinae)",FALSE,GY_ONEOFF,,,,59983.09583,2064,TRUE,TRUE,FALSE,OneOFF_StarSystem,6,3,22,,,,,
OneOFF_StarSystem_1283,12840,HD 10086,"Star System No. 1,283 has now been reached by the Wave Front: HD 10086",FALSE,GY_ONEOFF,,,,59983.11667,2064,TRUE,TRUE,FALSE,OneOFF_StarSystem,6,3,22,,,,,
OneOFF_StarSystem_1284,12850,GJ 3257,"Star System No. 1,284 has now been reached by the Wave Front: GJ 3257",FALSE,GY_ONEOFF,,,,59983.1375,2064,TRUE,TRUE,FALSE,OneOFF_StarSystem,6,3,22,,,,,
OneOFF_StarSystem_1285,12860,16 Cygni - A,"Star System No. 1,285 has now been reached by the Wave Front: 16 Cygni - A",FALSE,GY_ONEOFF,,,,59983.15833,2064,TRUE,TRUE,FALSE,OneOFF_StarSystem,6,3,22,,,,,
OneOFF_StarSystem_1286,12870,16 Cygni - B,"Star System No. 1,286 has now been reached by the Wave Front: 16 Cygni - B",FALSE,GY_ONEOFF,,,,59983.17917,2064,TRUE,TRUE,FALSE,OneOFF_StarSystem,6,3,22,,,,,
OneOFF_StarSystem_1287,12880,16 Cygni - C,"Star System No. 1,287 has now been reached by the Wave Front: 16 Cygni - C",FALSE,GY_ONEOFF,,,,59983.2,2064,TRUE,TRUE,FALSE,OneOFF_StarSystem,6,3,22,,,,,
OneOFF_StarSystem_1288,12890,HD 92945,"Star System No. 1,288 has now been reached by the Wave Front: HD 92945",FALSE,GY_ONEOFF,,,,59983.22083,2064,TRUE,TRUE,FALSE,OneOFF_StarSystem,6,3,22,,,,,
OneOFF_StarSystem_1289,12900,Gliese 857.1,"Star System No. 1,289 has now been reached by the Wave Front: Gliese 857.1",FALSE,GY_ONEOFF,,,,59983.24167,2064,TRUE,TRUE,FALSE,OneOFF_StarSystem,6,3,22,,,,,
OneOFF_StarSystem_1290,12910,GJ 4254,"Star System No. 1,290 has now been reached by the Wave Front: GJ 4254",FALSE,GY_ONEOFF,,,,59983.2625,2064,TRUE,TRUE,FALSE,OneOFF_StarSystem,6,3,22,,,,,
OneOFF_StarSystem_1291,12920,WISE 0448-1935,"Star System No. 1,291 has now been reached by the Wave Front: WISE 0448-1935",FALSE,GY_ONEOFF,,,,59983.28333,2064,TRUE,TRUE,FALSE,OneOFF_StarSystem,6,3,22,,,,,
OneOFF_StarSystem_1292,12930,Kappa Reticuli,"Star System No. 1,292 has now been reached by the Wave Front: Kappa Reticuli",FALSE,GY_ONEOFF,,,,60019.6,2064,TRUE,TRUE,FALSE,OneOFF_StarSystem,6,4,27,,,,,
OneOFF_StarSystem_1293,12940,V775 Herculis,"Star System No. 1,293 has now been reached by the Wave Front: V775 Herculis",FALSE,GY_ONEOFF,,,,60019.62083,2064,TRUE,TRUE,FALSE,OneOFF_StarSystem,6,4,27,,,,,
OneOFF_StarSystem_1294,12950,GJ 4268,"Star System No. 1,294 has now been reached by the Wave Front: GJ 4268",FALSE,GY_ONEOFF,,,,60056.125,2064,TRUE,TRUE,FALSE,OneOFF_StarSystem,6,6,3,,,,,
OneOFF_StarSystem_1295,12960,GJ 3071,"Star System No. 1,295 has now been reached by the Wave Front: GJ 3071",FALSE,GY_ONEOFF,,,,60056.14583,2064,TRUE,TRUE,FALSE,OneOFF_StarSystem,6,6,3,,,,,
OneOFF_StarSystem_1296,12970,HIP 88976,"Star System No. 1,296 has now been reached by the Wave Front: HIP 88976",FALSE,GY_ONEOFF,,,,60056.16667,2064,TRUE,TRUE,FALSE,OneOFF_StarSystem,6,6,3,,,,,
OneOFF_StarSystem_1297,12980,HD 215152,"Star System No. 1,297 has now been reached by the Wave Front: HD 215152",FALSE,GY_ONEOFF,,,,60198.5725,2064,TRUE,TRUE,FALSE,OneOFF_StarSystem,6,10,23,,,,,
OneOFF_StarSystem_1298,12990,HD 90089,"Star System No. 1,298 has now been reached by the Wave Front: HD 90089",FALSE,GY_ONEOFF,,,,60092.65,2064,TRUE,TRUE,FALSE,OneOFF_StarSystem,6,7,9,,,,,
OneOFF_StarSystem_1299,13000,Gliese 694.2,"Star System No. 1,299 has now been reached by the Wave Front: Gliese 694.2",FALSE,GY_ONEOFF,,,,60092.67083,2064,TRUE,TRUE,FALSE,OneOFF_StarSystem,6,7,9,,,,,
OneOFF_StarSystem_1300,13010,Gliese 799.1,"Star System No. 1,300 has now been reached by the Wave Front: Gliese 799.1",FALSE,GY_ONEOFF,,,,60129.175,2064,TRUE,TRUE,FALSE,OneOFF_StarSystem,6,8,15,,,,,
OneOFF_StarSystem_1301,13020,HD 16673,"Star System No. 1,301 has now been reached by the Wave Front: HD 16673",FALSE,GY_ONEOFF,,,,60165.7,2064,TRUE,TRUE,FALSE,OneOFF_StarSystem,6,9,20,,,,,
OneOFF_StarSystem_1302,13030,HIP 65083,"Star System No. 1,302 has now been reached by the Wave Front: HIP 65083",FALSE,GY_ONEOFF,,,,60165.72083,2064,TRUE,TRUE,FALSE,OneOFF_StarSystem,6,9,20,,,,,
OneOFF_StarSystem_1303,13040,HD 329868,"Star System No. 1,303 has now been reached by the Wave Front: HD 329868",FALSE,GY_ONEOFF,,,,60165.74167,2064,TRUE,TRUE,FALSE,OneOFF_StarSystem,6,9,20,,,,,
OneOFF_StarSystem_1304,13050,GJ 1170,"Star System No. 1,304 has now been reached by the Wave Front: GJ 1170",FALSE,GY_ONEOFF,,,,60165.7625,2064,TRUE,TRUE,FALSE,OneOFF_StarSystem,6,9,20,,,,,
OneOFF_StarSystem_1305,13060,Epsilon Serpentis,"Star System No. 1,305 has now been reached by the Wave Front: Epsilon Serpentis",FALSE,GY_ONEOFF,,,,60202.225,2064,TRUE,TRUE,FALSE,OneOFF_StarSystem,6,10,27,,,,,
OneOFF_StarSystem_1306,13070,GJ 3059,"Star System No. 1,306 has now been reached by the Wave Front: GJ 3059",FALSE,GY_ONEOFF,,,,60202.24583,2064,TRUE,TRUE,FALSE,OneOFF_StarSystem,6,10,27,,,,,
OneOFF_StarSystem_1307,13080,Zeta Leporis,"Star System No. 1,307 has now been reached by the Wave Front: Zeta Leporis",FALSE,GY_ONEOFF,,,,60238.75,2064,TRUE,TRUE,FALSE,OneOFF_StarSystem,6,12,2,,,,,
OneOFF_StarSystem_1308,13090,84 Ceti - A,"Star System No. 1,308 has now been reached by the Wave Front: 84 Ceti - A",FALSE,GY_ONEOFF,,,,60238.77083,2064,TRUE,TRUE,FALSE,OneOFF_StarSystem,6,12,2,,,,,
OneOFF_StarSystem_1309,13100,84 Ceti - B,"Star System No. 1,309 has now been reached by the Wave Front: 84 Ceti - B",FALSE,GY_ONEOFF,,,,60238.79167,2064,TRUE,TRUE,FALSE,OneOFF_StarSystem,6,12,2,,,,,
OneOFF_StarSystem_1310,13110,HIP 15332,"Star System No. 1,310 has now been reached by the Wave Front: HIP 15332",FALSE,GY_ONEOFF,,,,60238.8125,2064,TRUE,TRUE,FALSE,OneOFF_StarSystem,6,12,2,,,,,
OneOFF_StarSystem_1311,13120,HD 159062 - A,"Star System No. 1,311 has now been reached by the Wave Front: HD 159062 - A",FALSE,GY_ONEOFF,,,,60282.21475,2065,TRUE,TRUE,FALSE,OneOFF_StarSystem,6,1,15,,,,,
OneOFF_StarSystem_1312,13130,HD 159062 - B,"Star System No. 1,312 has now been reached by the Wave Front: HD 159062 - B",FALSE,GY_ONEOFF,,,,60282.23558,2065,TRUE,TRUE,FALSE,OneOFF_StarSystem,6,1,15,,,,,
OneOFF_StarSystem_1313,13140,Sigma Coronae Borealis - A,"Star System No. 1,313 has now been reached by the Wave Front: Sigma Coronae Borealis - A",FALSE,GY_ONEOFF,,,,60311.8,2065,TRUE,TRUE,FALSE,OneOFF_StarSystem,6,2,13,,,,,
OneOFF_StarSystem_1314,13150,Sigma Coronae Borealis - B,"Star System No. 1,314 has now been reached by the Wave Front: Sigma Coronae Borealis - B",FALSE,GY_ONEOFF,,,,60311.82083,2065,TRUE,TRUE,FALSE,OneOFF_StarSystem,6,2,13,,,,,
OneOFF_StarSystem_1315,13160,WISE 2327-2730,"Star System No. 1,315 has now been reached by the Wave Front: WISE 2327-2730",FALSE,GY_ONEOFF,,,,60348.325,2065,TRUE,TRUE,FALSE,OneOFF_StarSystem,6,3,22,,,,,
OneOFF_StarSystem_1316,13170,Gliese 747.4,"Star System No. 1,316 has now been reached by the Wave Front: Gliese 747.4",FALSE,GY_ONEOFF,,,,60384.85,2065,TRUE,TRUE,FALSE,OneOFF_StarSystem,6,4,27,,,,,
OneOFF_StarSystem_1317,13180,Theta Sculptoris,"Star System No. 1,317 has now been reached by the Wave Front: Theta Sculptoris",FALSE,GY_ONEOFF,,,,60457.9,2065,TRUE,TRUE,FALSE,OneOFF_StarSystem,6,7,9,,,,,
OneOFF_StarSystem_1318,13190,Alpha Hydri,"Star System No. 1,318 has now been reached by the Wave Front: Alpha Hydri",FALSE,GY_ONEOFF,,,,60530.95,2065,TRUE,TRUE,FALSE,OneOFF_StarSystem,6,9,20,,,,,
OneOFF_StarSystem_1319,13200,Lambda Arae,"Star System No. 1,319 has now been reached by the Wave Front: Lambda Arae",FALSE,GY_ONEOFF,,,,60530.97083,2065,TRUE,TRUE,FALSE,OneOFF_StarSystem,6,9,20,,,,,
OneOFF_StarSystem_1320,13210,HD 91324 - A,"Star System No. 1,320 has now been reached by the Wave Front: HD 91324 - A",FALSE,GY_ONEOFF,,,,60530.99167,2065,TRUE,TRUE,FALSE,OneOFF_StarSystem,6,9,20,,,,,
OneOFF_StarSystem_1321,13220,HD 91324 - B,"Star System No. 1,321 has now been reached by the Wave Front: HD 91324 - B",FALSE,GY_ONEOFF,,,,60531.0125,2065,TRUE,TRUE,FALSE,OneOFF_StarSystem,6,9,21,,,,,
OneOFF_StarSystem_1322,13230,Eta Scorpii,"Star System No. 1,322 has now been reached by the Wave Front: Eta Scorpii",FALSE,GY_ONEOFF,,,,60640.525,2066,TRUE,TRUE,FALSE,OneOFF_StarSystem,6,1,8,,,,,
OneOFF_StarSystem_1323,13240,HD 108954,"Star System No. 1,323 has now been reached by the Wave Front: HD 108954",FALSE,GY_ONEOFF,,,,60640.54583,2066,TRUE,TRUE,FALSE,OneOFF_StarSystem,6,1,8,,,,,
OneOFF_StarSystem_1324,13250,HD 164922,"Star System No. 1,324 has now been reached by the Wave Front: HD 164922",FALSE,GY_ONEOFF,,,,60673.3975,2066,TRUE,TRUE,FALSE,OneOFF_StarSystem,6,2,10,,,,,
OneOFF_StarSystem_1325,13260,Gamma Tucanae,"Star System No. 1,325 has now been reached by the Wave Front: Gamma Tucanae",FALSE,GY_ONEOFF,,,,60713.575,2066,TRUE,TRUE,FALSE,OneOFF_StarSystem,6,3,22,,,,,
OneOFF_StarSystem_1326,13270,WISE 0031-3840,"Star System No. 1,326 has now been reached by the Wave Front: WISE 0031-3840",FALSE,GY_ONEOFF,,,,60713.59583,2066,TRUE,TRUE,FALSE,OneOFF_StarSystem,6,3,22,,,,,
OneOFF_StarSystem_1327,13280,Psi1 Draconis (Dziban),"Star System No. 1,327 has now been reached by the Wave Front: Psi1 Draconis (Dziban)",FALSE,GY_ONEOFF,,,,60750.1,2066,TRUE,TRUE,FALSE,OneOFF_StarSystem,6,4,28,,,,,
OneOFF_StarSystem_1328,13290,WISE 0952+1955,"Star System No. 1,328 has now been reached by the Wave Front: WISE 0952+1955",FALSE,GY_ONEOFF,,,,60823.15,2066,TRUE,TRUE,FALSE,OneOFF_StarSystem,6,7,10,,,,,
OneOFF_StarSystem_1329,13300,WISE 1517+0529,"Star System No. 1,329 has now been reached by the Wave Front: WISE 1517+0529",FALSE,GY_ONEOFF,,,,60932.725,2066,TRUE,TRUE,FALSE,OneOFF_StarSystem,6,10,27,,,,,
OneOFF_StarSystem_1330,13310,WISE 0836-1859,"Star System No. 1,330 has now been reached by the Wave Front: WISE 0836-1859",FALSE,GY_ONEOFF,,,,60932.74583,2066,TRUE,TRUE,FALSE,OneOFF_StarSystem,6,10,27,,,,,
OneOFF_StarSystem_1331,13320,VHS J1256-1257 - A,"Star System No. 1,331 has now been reached by the Wave Front: VHS J1256-1257 - A",FALSE,GY_ONEOFF,,,,60932.76667,2066,TRUE,TRUE,FALSE,OneOFF_StarSystem,6,10,27,,,,,
OneOFF_StarSystem_1332,13330,VHS J1256-1257 - B,"Star System No. 1,332 has now been reached by the Wave Front: VHS J1256-1257 - B",FALSE,GY_ONEOFF,,,,60932.7875,2066,TRUE,TRUE,FALSE,OneOFF_StarSystem,6,10,27,,,,,
OneOFF_StarSystem_1333,13340,VHS J1256-1257 - C,"Star System No. 1,333 has now been reached by the Wave Front: VHS J1256-1257 - C",FALSE,GY_ONEOFF,,,,60932.80833,2066,TRUE,TRUE,FALSE,OneOFF_StarSystem,6,10,27,,,,,
OneOFF_StarSystem_1334,13350,WISE 1717+6129,"Star System No. 1,334 has now been reached by the Wave Front: WISE 1717+6129",FALSE,GY_ONEOFF,,,,61042.3,2067,TRUE,TRUE,FALSE,OneOFF_StarSystem,6,2,14,,,,,
OneOFF_StarSystem_1335,13360,Epsilon Cygni (Aljanah),"Star System No. 1,335 has now been reached by the Wave Front: Epsilon Cygni (Aljanah)",FALSE,GY_ONEOFF,,,,61042.32083,2067,TRUE,TRUE,FALSE,OneOFF_StarSystem,6,2,14,,,,,
OneOFF_StarSystem_1336,13370,94 Ceti - A,"Star System No. 1,336 has now been reached by the Wave Front: 94 Ceti - A",FALSE,GY_ONEOFF,,,,61151.875,2067,TRUE,TRUE,FALSE,OneOFF_StarSystem,6,6,3,,,,,
OneOFF_StarSystem_1337,13380,94 Ceti - B,"Star System No. 1,337 has now been reached by the Wave Front: 94 Ceti - B",FALSE,GY_ONEOFF,,,,61151.89583,2067,TRUE,TRUE,FALSE,OneOFF_StarSystem,6,6,3,,,,,
OneOFF_StarSystem_1338,13390,HD 63433,"Star System No. 1,338 has now been reached by the Wave Front: HD 63433",FALSE,GY_ONEOFF,,,,61164.65875,2067,TRUE,TRUE,FALSE,OneOFF_StarSystem,6,6,16,,,,,
OneOFF_StarSystem_1339,13400,Mu Cygni - A,"Star System No. 1,339 has now been reached by the Wave Front: Mu Cygni - A",FALSE,GY_ONEOFF,,,,61188.4,2067,TRUE,TRUE,FALSE,OneOFF_StarSystem,6,7,10,,,,,
OneOFF_StarSystem_1340,13410,Mu Cygni - B,"Star System No. 1,340 has now been reached by the Wave Front: Mu Cygni - B",FALSE,GY_ONEOFF,,,,61188.42083,2067,TRUE,TRUE,FALSE,OneOFF_StarSystem,6,7,10,,,,,
OneOFF_StarSystem_1341,13420,WISE 0221+3842,"Star System No. 1,341 has now been reached by the Wave Front: WISE 0221+3842",FALSE,GY_ONEOFF,,,,61188.44167,2067,TRUE,TRUE,FALSE,OneOFF_StarSystem,6,7,10,,,,,
OneOFF_StarSystem_1342,13430,HD 14214 - A,"Star System No. 1,342 has now been reached by the Wave Front: HD 14214 - A",FALSE,GY_ONEOFF,,,,61188.4625,2067,TRUE,TRUE,FALSE,OneOFF_StarSystem,6,7,10,,,,,
OneOFF_StarSystem_1343,13440,HD 14214 - B,"Star System No. 1,343 has now been reached by the Wave Front: HD 14214 - B",FALSE,GY_ONEOFF,,,,61188.48333,2067,TRUE,TRUE,FALSE,OneOFF_StarSystem,6,7,10,,,,,
OneOFF_StarSystem_1344,13450,Ross 593,"Star System No. 1,344 has now been reached by the Wave Front: Ross 593",FALSE,GY_ONEOFF,,,,61195.705,2067,TRUE,TRUE,FALSE,OneOFF_StarSystem,6,7,17,,,,,
OneOFF_StarSystem_1345,13460,18 Puppis,"Star System No. 1,345 has now been reached by the Wave Front: 18 Puppis",FALSE,GY_ONEOFF,,,,61261.45,2067,TRUE,TRUE,FALSE,OneOFF_StarSystem,6,9,21,,,,,
OneOFF_StarSystem_1346,13470,Nu Octantis - A,"Star System No. 1,346 has now been reached by the Wave Front: Nu Octantis - A",FALSE,GY_ONEOFF,,,,61334.5,2067,TRUE,TRUE,FALSE,OneOFF_StarSystem,6,12,3,,,,,
OneOFF_StarSystem_1347,13480,Nu Octantis - B,"Star System No. 1,347 has now been reached by the Wave Front: Nu Octantis - B",FALSE,GY_ONEOFF,,,,61334.52083,2067,TRUE,TRUE,FALSE,OneOFF_StarSystem,6,12,3,,,,,
OneOFF_StarSystem_1348,13490,HR 4657,"Star System No. 1,348 has now been reached by the Wave Front: HR 4657",FALSE,GY_ONEOFF,,,,61371.025,2068,TRUE,TRUE,FALSE,OneOFF_StarSystem,6,1,9,,,,,
OneOFF_StarSystem_1349,13500,HD 139461/139460,"Star System No. 1,349 has now been reached by the Wave Front: HD 139461/139460",FALSE,GY_ONEOFF,,,,61444.075,2068,TRUE,TRUE,FALSE,OneOFF_StarSystem,6,3,22,,,,,
OneOFF_StarSystem_1350,13510,HD 167425,"Star System No. 1,350 has now been reached by the Wave Front: HD 167425",FALSE,GY_ONEOFF,,,,61444.09583,2068,TRUE,TRUE,FALSE,OneOFF_StarSystem,6,3,22,,,,,
OneOFF_StarSystem_1351,13520,Alpha Serpentis (Unukalhai),"Star System No. 1,351 has now been reached by the Wave Front: Alpha Serpentis (Unukalhai)",FALSE,GY_ONEOFF,,,,61517.125,2068,TRUE,TRUE,FALSE,OneOFF_StarSystem,6,6,3,,,,,
OneOFF_StarSystem_1352,13530,EZ Ceti,"Star System No. 1,352 has now been reached by the Wave Front: EZ Ceti",FALSE,GY_ONEOFF,,,,61517.14583,2068,TRUE,TRUE,FALSE,OneOFF_StarSystem,6,6,3,,,,,
OneOFF_StarSystem_1353,13540,Zeta Virginis - A (Heze),"Star System No. 1,353 has now been reached by the Wave Front: Zeta Virginis - A (Heze)",FALSE,GY_ONEOFF,,,,61553.65,2068,TRUE,TRUE,FALSE,OneOFF_StarSystem,6,7,9,,,,,
OneOFF_StarSystem_1354,13550,Zeta Virginis - B,"Star System No. 1,354 has now been reached by the Wave Front: Zeta Virginis - B",FALSE,GY_ONEOFF,,,,61553.67083,2068,TRUE,TRUE,FALSE,OneOFF_StarSystem,6,7,9,,,,,
OneOFF_StarSystem_1355,13560,39 Leonis - A,"Star System No. 1,355 has now been reached by the Wave Front: 39 Leonis - A",FALSE,GY_ONEOFF,,,,61553.69167,2068,TRUE,TRUE,FALSE,OneOFF_StarSystem,6,7,9,,,,,
OneOFF_StarSystem_1356,13570,39 Leonis - B,"Star System No. 1,356 has now been reached by the Wave Front: 39 Leonis - B",FALSE,GY_ONEOFF,,,,61553.7125,2068,TRUE,TRUE,FALSE,OneOFF_StarSystem,6,7,9,,,,,
OneOFF_StarSystem_1357,13580,Upsilon Aquarii,"Star System No. 1,357 has now been reached by the Wave Front: Upsilon Aquarii",FALSE,GY_ONEOFF,,,,61590.175,2068,TRUE,TRUE,FALSE,OneOFF_StarSystem,6,8,15,,,,,
OneOFF_StarSystem_1358,13590,Alpha¹ Librae,"Star System No. 1,358 has now been reached by the Wave Front: Alpha¹ Librae",FALSE,GY_ONEOFF,,,,61845.85,2069,TRUE,TRUE,FALSE,OneOFF_StarSystem,6,4,27,,,,,
OneOFF_StarSystem_1359,13600,WISE 1809+3838,"Star System No. 1,359 has now been reached by the Wave Front: WISE 1809+3838",FALSE,GY_ONEOFF,,,,61663.225,2068,TRUE,TRUE,FALSE,OneOFF_StarSystem,6,10,27,,,,,
OneOFF_StarSystem_1360,13610,WISE 0305+3954,"Star System No. 1,360 has now been reached by the Wave Front: WISE 0305+3954",FALSE,GY_ONEOFF,,,,61882.375,2069,TRUE,TRUE,FALSE,OneOFF_StarSystem,6,6,3,,,,,
OneOFF_StarSystem_1361,13620,HIP 12961 (Koeia),"Star System No. 1,361 has now been reached by the Wave Front: HIP 12961 (Koeia)",FALSE,GY_ONEOFF,,,,61882.39583,2069,TRUE,TRUE,FALSE,OneOFF_StarSystem,6,6,3,,,,,
OneOFF_StarSystem_1362,13630,Alpha Coronae Borealis (Alphecca) - A,"Star System No. 1,362 has now been reached by the Wave Front: Alpha Coronae Borealis (Alphecca) - A",FALSE,GY_ONEOFF,,,,61882.41667,2069,TRUE,TRUE,FALSE,OneOFF_StarSystem,6,6,3,,,,,
OneOFF_StarSystem_1363,13640,Alpha Coronae Borealis (Alphecca) - B,"Star System No. 1,363 has now been reached by the Wave Front: Alpha Coronae Borealis (Alphecca) - B",FALSE,GY_ONEOFF,,,,61882.4375,2069,TRUE,TRUE,FALSE,OneOFF_StarSystem,6,6,3,,,,,
OneOFF_StarSystem_1364,13650,Delta Herculis (Sarin),"Star System No. 1,364 has now been reached by the Wave Front: Delta Herculis (Sarin)",FALSE,GY_ONEOFF,,,,61918.9,2069,TRUE,TRUE,FALSE,OneOFF_StarSystem,6,7,9,,,,,
OneOFF_StarSystem_1365,13660,HD 212168,"Star System No. 1,365 has now been reached by the Wave Front: HD 212168",FALSE,GY_ONEOFF,,,,61944.4675,2069,TRUE,TRUE,FALSE,OneOFF_StarSystem,6,8,4,,,,,
OneOFF_StarSystem_1366,13670,Chi Ceti,"Star System No. 1,366 has now been reached by the Wave Front: Chi Ceti",FALSE,GY_ONEOFF,,,,62101.525,2070,TRUE,TRUE,FALSE,OneOFF_StarSystem,6,1,8,,,,,
OneOFF_StarSystem_1367,13680,Gamma Tucanae,"Star System No. 1,367 has now been reached by the Wave Front: Gamma Tucanae",FALSE,GY_ONEOFF,,,,61955.425,2069,TRUE,TRUE,FALSE,OneOFF_StarSystem,6,8,15,,,,,
OneOFF_StarSystem_1368,13690,Omega Draconis,"Star System No. 1,368 has now been reached by the Wave Front: Omega Draconis",FALSE,GY_ONEOFF,,,,62101.54583,2070,TRUE,TRUE,FALSE,OneOFF_StarSystem,6,1,8,,,,,
OneOFF_StarSystem_1369,13700,Alpha² Librae (Zubenelgenubi),"Star System No. 1,369 has now been reached by the Wave Front: Alpha² Librae (Zubenelgenubi)",FALSE,GY_ONEOFF,,,,62174.575,2070,TRUE,TRUE,FALSE,OneOFF_StarSystem,6,3,22,,,,,
OneOFF_StarSystem_1370,13710,HD 101177 - A,"Star System No. 1,370 has now been reached by the Wave Front: HD 101177 - A",FALSE,GY_ONEOFF,,,,62185.5325,2070,TRUE,TRUE,FALSE,OneOFF_StarSystem,6,4,2,,,,,
OneOFF_StarSystem_1371,13720,HD 101177 - B,"Star System No. 1,371 has now been reached by the Wave Front: HD 101177 - B",FALSE,GY_ONEOFF,,,,62185.55333,2070,TRUE,TRUE,FALSE,OneOFF_StarSystem,6,4,2,,,,,
OneOFF_StarSystem_1372,13730,Sigma Coronae Borealis - Ca,"Star System No. 1,372 has now been reached by the Wave Front: Sigma Coronae Borealis - Ca",FALSE,GY_ONEOFF,,,,62284.15,2070,TRUE,TRUE,FALSE,OneOFF_StarSystem,6,7,10,,,,,
OneOFF_StarSystem_1373,13740,Sigma Coronae Borealis - Cb,"Star System No. 1,373 has now been reached by the Wave Front: Sigma Coronae Borealis - Cb",FALSE,GY_ONEOFF,,,,62284.17083,2070,TRUE,TRUE,FALSE,OneOFF_StarSystem,6,7,10,,,,,
OneOFF_StarSystem_1374,13750,HD 127334,"Star System No. 1,374 has now been reached by the Wave Front: HD 127334",FALSE,GY_ONEOFF,,,,62353.5475,2070,TRUE,TRUE,FALSE,OneOFF_StarSystem,6,9,17,,,,,
OneOFF_StarSystem_1375,13760,Omega Sagittarii (Terebellum),"Star System No. 1,375 has now been reached by the Wave Front: Omega Sagittarii (Terebellum)",FALSE,GY_ONEOFF,,,,62393.725,2070,TRUE,TRUE,FALSE,OneOFF_StarSystem,6,10,27,,,,,
OneOFF_StarSystem_1376,13770,Gliese 7,"Star System No. 1,376 has now been reached by the Wave Front: Gliese 7",FALSE,GY_ONEOFF,,,,62419.2925,2070,TRUE,TRUE,FALSE,OneOFF_StarSystem,6,11,22,,,,,
OneOFF_StarSystem_1377,13780,HD 1461,"Star System No. 1,377 has now been reached by the Wave Front: HD 1461",FALSE,GY_ONEOFF,,,,62430.25,2070,TRUE,TRUE,FALSE,OneOFF_StarSystem,6,12,3,,,,,
OneOFF_StarSystem_1378,13790,64 Piscium - A,"Star System No. 1,378 has now been reached by the Wave Front: 64 Piscium - A",FALSE,GY_ONEOFF,,,,62430.27083,2070,TRUE,TRUE,FALSE,OneOFF_StarSystem,6,12,3,,,,,
OneOFF_StarSystem_1379,13800,64 Piscium - B,"Star System No. 1,379 has now been reached by the Wave Front: 64 Piscium - B",FALSE,GY_ONEOFF,,,,62430.29167,2070,TRUE,TRUE,FALSE,OneOFF_StarSystem,6,12,3,,,,,
OneOFF_StarSystem_1380,13810,HD 167425,"Star System No. 1,380 has now been reached by the Wave Front: HD 167425",FALSE,GY_ONEOFF,,,,62430.3125,2070,TRUE,TRUE,FALSE,OneOFF_StarSystem,6,12,3,,,,,
OneOFF_StarSystem_1381,13820,HD 42618,"Star System No. 1,381 has now been reached by the Wave Front: HD 42618",FALSE,GY_ONEOFF,,,,62485.0375,2071,TRUE,TRUE,FALSE,OneOFF_StarSystem,6,1,27,,,,,
OneOFF_StarSystem_1382,13830,Zeta Serpentis,"Star System No. 1,382 has now been reached by the Wave Front: Zeta Serpentis",FALSE,GY_ONEOFF,,,,62539.825,2071,TRUE,TRUE,FALSE,OneOFF_StarSystem,6,3,22,,,,,
OneOFF_StarSystem_1383,13840,2MASS J08304878+0128311,"Star System No. 1,383 has now been reached by the Wave Front: 2MASS J08304878+0128311",FALSE,GY_ONEOFF,,,,62612.875,2071,TRUE,TRUE,FALSE,OneOFF_StarSystem,6,6,3,,,,,
OneOFF_StarSystem_1384,13850,EX Ceti or HD 10008 or BD-07 268 Cetus,"Star System No. 1,384 has now been reached by the Wave Front: EX Ceti or HD 10008 or BD-07 268 Cetus",FALSE,GY_ONEOFF,,,,62612.89583,2071,TRUE,TRUE,FALSE,OneOFF_StarSystem,6,6,3,,,,,
OneOFF_StarSystem_1385,13860,HIP 70849,"Star System No. 1,385 has now been reached by the Wave Front: HIP 70849",FALSE,GY_ONEOFF,,,,62612.91667,2071,TRUE,TRUE,FALSE,OneOFF_StarSystem,6,6,3,,,,,
OneOFF_StarSystem_1386,13870,Mu² Cancri,"Star System No. 1,386 has now been reached by the Wave Front: Mu² Cancri",FALSE,GY_ONEOFF,,,,62612.9375,2071,TRUE,TRUE,FALSE,OneOFF_StarSystem,6,6,3,,,,,
OneOFF_StarSystem_1387,13880,HD 214953,"Star System No. 1,387 has now been reached by the Wave Front: HD 214953",FALSE,GY_ONEOFF,,,,62612.95833,2071,TRUE,TRUE,FALSE,OneOFF_StarSystem,6,6,3,,,,,
OneOFF_StarSystem_1388,13890,HD 26491,"Star System No. 1,388 has now been reached by the Wave Front: HD 26491",FALSE,GY_ONEOFF,,,,62638.4425,2071,TRUE,TRUE,FALSE,OneOFF_StarSystem,6,6,29,,,,,
OneOFF_StarSystem_1389,13900,88 Leonis - A,"Star System No. 1,389 has now been reached by the Wave Front: 88 Leonis - A",FALSE,GY_ONEOFF,,,,62685.925,2071,TRUE,TRUE,FALSE,OneOFF_StarSystem,6,8,15,,,,,
OneOFF_StarSystem_1390,13910,88 Leonis - B,"Star System No. 1,390 has now been reached by the Wave Front: 88 Leonis - B",FALSE,GY_ONEOFF,,,,62685.94583,2071,TRUE,TRUE,FALSE,OneOFF_StarSystem,6,8,15,,,,,
OneOFF_StarSystem_1391,13920,KU Librae,"Star System No. 1,391 has now been reached by the Wave Front: KU Librae",FALSE,GY_ONEOFF,,,,62696.8825,2071,TRUE,TRUE,FALSE,OneOFF_StarSystem,6,8,26,,,,,
OneOFF_StarSystem_1392,13930,WISE 0135+1715,"Star System No. 1,392 has now been reached by the Wave Front: WISE 0135+1715",FALSE,GY_ONEOFF,,,,62722.45,2071,TRUE,TRUE,FALSE,OneOFF_StarSystem,6,9,21,,,,,
OneOFF_StarSystem_1393,13940,Kappa Phoenicis,"Star System No. 1,393 has now been reached by the Wave Front: Kappa Phoenicis",FALSE,GY_ONEOFF,,,,62868.55,2072,TRUE,TRUE,FALSE,OneOFF_StarSystem,6,2,14,,,,,
OneOFF_StarSystem_1394,13950,23 Ursae Majoris,"Star System No. 1,394 has now been reached by the Wave Front: 23 Ursae Majoris",FALSE,GY_ONEOFF,,,,62868.57083,2072,TRUE,TRUE,FALSE,OneOFF_StarSystem,6,2,14,,,,,
OneOFF_StarSystem_1395,13960,HD 202628,"Star System No. 1,395 has now been reached by the Wave Front: HD 202628",FALSE,GY_ONEOFF,,,,62879.5075,2072,TRUE,TRUE,FALSE,OneOFF_StarSystem,6,2,25,,,,,
OneOFF_StarSystem_1396,13970,KOBE-1,"Star System No. 1,396 has now been reached by the Wave Front: KOBE-1",FALSE,GY_ONEOFF,,,,62937.9475,2072,TRUE,TRUE,FALSE,OneOFF_StarSystem,6,4,23,,,,,
OneOFF_StarSystem_1397,13980,27 Cygni,"Star System No. 1,397 has now been reached by the Wave Front: 27 Cygni",FALSE,GY_ONEOFF,,,,63014.65,2072,TRUE,TRUE,FALSE,OneOFF_StarSystem,6,7,9,,,,,
OneOFF_StarSystem_1398,13990,Lambda Sagittarii (Kaus Borealis),"Star System No. 1,398 has now been reached by the Wave Front: Lambda Sagittarii (Kaus Borealis)",FALSE,GY_ONEOFF,,,,63051.175,2072,TRUE,TRUE,FALSE,OneOFF_StarSystem,6,8,15,,,,,
OneOFF_StarSystem_1399,14000,WISE 0733+7544,"Star System No. 1,399 has now been reached by the Wave Front: WISE 0733+7544",FALSE,GY_ONEOFF,,,,63087.7,2072,TRUE,TRUE,FALSE,OneOFF_StarSystem,6,9,20,,,,,
OneOFF_StarSystem_1400,14010,HD 134060,"Star System No. 1,400 has now been reached by the Wave Front: HD 134060",FALSE,GY_ONEOFF,,,,63124.225,2072,TRUE,TRUE,FALSE,OneOFF_StarSystem,6,10,27,,,,,
OneOFF_StarSystem_1401,14020,HD 3765,"Star System No. 1,401 has now been reached by the Wave Front: HD 3765",FALSE,GY_ONEOFF,,,,63160.75,2072,TRUE,TRUE,FALSE,OneOFF_StarSystem,6,12,2,,,,,
OneOFF_StarSystem_1402,14030,HD 190422,"Star System No. 1,402 has now been reached by the Wave Front: HD 190422",FALSE,GY_ONEOFF,,,,63197.275,2073,TRUE,TRUE,FALSE,OneOFF_StarSystem,6,1,8,,,,,
OneOFF_StarSystem_1403,14040,Eta Indi,"Star System No. 1,403 has now been reached by the Wave Front: Eta Indi",FALSE,GY_ONEOFF,,,,63270.325,2073,TRUE,TRUE,FALSE,OneOFF_StarSystem,6,3,22,,,,,
OneOFF_StarSystem_1404,14050,Wolf 1106,"Star System No. 1,404 has now been reached by the Wave Front: Wolf 1106",FALSE,GY_ONEOFF,,,,63284.935,2073,TRUE,TRUE,FALSE,OneOFF_StarSystem,6,4,5,,,,,
OneOFF_StarSystem_1405,14060,12 Persei - A,"Star System No. 1,405 has now been reached by the Wave Front: 12 Persei - A",FALSE,GY_ONEOFF,,,,63306.85,2073,TRUE,TRUE,FALSE,OneOFF_StarSystem,6,4,27,,,,,
OneOFF_StarSystem_1406,14070,12 Persei - B,"Star System No. 1,406 has now been reached by the Wave Front: 12 Persei - B",FALSE,GY_ONEOFF,,,,63306.87083,2073,TRUE,TRUE,FALSE,OneOFF_StarSystem,6,4,27,,,,,
OneOFF_StarSystem_1407,14080,2MASSW J1728114+394859 - A,"Star System No. 1,407 has now been reached by the Wave Front: 2MASSW J1728114+394859 - A",FALSE,GY_ONEOFF,,,,63343.375,2073,TRUE,TRUE,FALSE,OneOFF_StarSystem,6,6,3,,,,,
OneOFF_StarSystem_1408,14090,2MASSW J1728114+394859 - B,"Star System No. 1,408 has now been reached by the Wave Front: 2MASSW J1728114+394859 - B",FALSE,GY_ONEOFF,,,,63343.39583,2073,TRUE,TRUE,FALSE,OneOFF_StarSystem,6,6,3,,,,,
OneOFF_StarSystem_1409,14100,HD 62644,"Star System No. 1,409 has now been reached by the Wave Front: HD 62644",FALSE,GY_ONEOFF,,,,63343.41667,2073,TRUE,TRUE,FALSE,OneOFF_StarSystem,6,6,3,,,,,
OneOFF_StarSystem_1410,14110,HD 121560,"Star System No. 1,410 has now been reached by the Wave Front: HD 121560",FALSE,GY_ONEOFF,,,,63343.4375,2073,TRUE,TRUE,FALSE,OneOFF_StarSystem,6,6,3,,,,,
OneOFF_StarSystem_1411,14120,Iota Leonis - A,"Star System No. 1,411 has now been reached by the Wave Front: Iota Leonis - A",FALSE,GY_ONEOFF,,,,63343.45833,2073,TRUE,TRUE,FALSE,OneOFF_StarSystem,6,6,3,,,,,
OneOFF_StarSystem_1412,14130,Iota Leonis - B,"Star System No. 1,412 has now been reached by the Wave Front: Iota Leonis - B",FALSE,GY_ONEOFF,,,,63343.47917,2073,TRUE,TRUE,FALSE,OneOFF_StarSystem,6,6,3,,,,,
OneOFF_StarSystem_1413,14140,WISE 1019+6529 - A,"Star System No. 1,413 has now been reached by the Wave Front: WISE 1019+6529 - A",FALSE,GY_ONEOFF,,,,63343.5,2073,TRUE,TRUE,FALSE,OneOFF_StarSystem,6,6,3,,,,,
OneOFF_StarSystem_1414,14150,WISE 1019+6529 - B,"Star System No. 1,414 has now been reached by the Wave Front: WISE 1019+6529 - B",FALSE,GY_ONEOFF,,,,63343.52083,2073,TRUE,TRUE,FALSE,OneOFF_StarSystem,6,6,3,,,,,
OneOFF_StarSystem_1415,14160,Regulus (Alpha Leonis) - B,"Star System No. 1,415 has now been reached by the Wave Front: Regulus (Alpha Leonis) - B",FALSE,GY_ONEOFF,,,,63350.68,2073,TRUE,TRUE,FALSE,OneOFF_StarSystem,6,6,10,,,,,
OneOFF_StarSystem_1416,14170,Regulus (Alpha Leonis) - C,"Star System No. 1,416 has now been reached by the Wave Front: Regulus (Alpha Leonis) - C",FALSE,GY_ONEOFF,,,,63350.70083,2073,TRUE,TRUE,FALSE,OneOFF_StarSystem,6,6,10,,,,,
OneOFF_StarSystem_1417,14180,HD 76653,"Star System No. 1,417 has now been reached by the Wave Front: HD 76653",FALSE,GY_ONEOFF,,,,63379.9,2073,TRUE,TRUE,FALSE,OneOFF_StarSystem,6,7,9,,,,,
OneOFF_StarSystem_1418,14190,Regulus (Alpha Leonis) - A,"Star System No. 1,418 has now been reached by the Wave Front: Regulus (Alpha Leonis) - A",FALSE,GY_ONEOFF,,,,63452.95,2073,TRUE,TRUE,FALSE,OneOFF_StarSystem,6,9,20,,,,,
OneOFF_StarSystem_1419,14200,Regulus (Alpha Leonis) - Ab,"Star System No. 1,419 has now been reached by the Wave Front: Regulus (Alpha Leonis) - Ab",FALSE,GY_ONEOFF,,,,63452.97083,2073,TRUE,TRUE,FALSE,OneOFF_StarSystem,6,9,20,,,,,
OneOFF_StarSystem_1420,14210,MT Pegasi,"Star System No. 1,420 has now been reached by the Wave Front: MT Pegasi",FALSE,GY_ONEOFF,,,,63456.6025,2073,TRUE,TRUE,FALSE,OneOFF_StarSystem,6,9,24,,,,,
OneOFF_StarSystem_1421,14220,HD 156668,"Star System No. 1,421 has now been reached by the Wave Front: HD 156668",FALSE,GY_ONEOFF,,,,63467.56,2073,TRUE,TRUE,FALSE,OneOFF_StarSystem,6,10,5,,,,,
OneOFF_StarSystem_1422,14230,GJ 2097,"Star System No. 1,422 has now been reached by the Wave Front: GJ 2097",FALSE,GY_ONEOFF,,,,63489.475,2073,TRUE,TRUE,FALSE,OneOFF_StarSystem,6,10,27,,,,,
OneOFF_StarSystem_1423,14240,37 Ceti,"Star System No. 1,423 has now been reached by the Wave Front: 37 Ceti",FALSE,GY_ONEOFF,,,,63522.3475,2073,TRUE,TRUE,FALSE,OneOFF_StarSystem,6,11,29,,,,,
OneOFF_StarSystem_1424,14250,BZ Ceti,"Star System No. 1,424 has now been reached by the Wave Front: BZ Ceti",FALSE,GY_ONEOFF,,,,63544.2625,2073,TRUE,TRUE,FALSE,OneOFF_StarSystem,6,12,21,,,,,
OneOFF_StarSystem_1425,14260,7 Andromedae,"Star System No. 1,425 has now been reached by the Wave Front: 7 Andromedae",FALSE,GY_ONEOFF,,,,63562.525,2074,TRUE,TRUE,FALSE,OneOFF_StarSystem,6,1,8,,,,,
OneOFF_StarSystem_1426,14270,HD 195564,"Star System No. 1,426 has now been reached by the Wave Front: HD 195564",FALSE,GY_ONEOFF,,,,63562.54583,2074,TRUE,TRUE,FALSE,OneOFF_StarSystem,6,1,8,,,,,
OneOFF_StarSystem_1427,14280,Merak (Beta Ursae Majoris),"Star System No. 1,427 has now been reached by the Wave Front: Merak (Beta Ursae Majoris)",FALSE,GY_ONEOFF,,,,63599.05,2074,TRUE,TRUE,FALSE,OneOFF_StarSystem,6,2,14,,,,,
OneOFF_StarSystem_1428,14290,2MASS J03264225-2102057,"Star System No. 1,428 has now been reached by the Wave Front: 2MASS J03264225-2102057",FALSE,GY_ONEOFF,,,,63708.625,2074,TRUE,TRUE,FALSE,OneOFF_StarSystem,6,6,3,,,,,
OneOFF_StarSystem_1429,14300,PSO J318.5-22,"Star System No. 1,429 has now been reached by the Wave Front: PSO J318.5-22",FALSE,GY_ONEOFF,,,,63708.64583,2074,TRUE,TRUE,FALSE,OneOFF_StarSystem,6,6,3,,,,,
OneOFF_StarSystem_1430,14310,Ross 686 - A,"Star System No. 1,430 has now been reached by the Wave Front: Ross 686 - A",FALSE,GY_ONEOFF,,,,63708.66667,2074,TRUE,TRUE,FALSE,OneOFF_StarSystem,6,6,3,,,,,
OneOFF_StarSystem_1431,14320,Ross 686 - B,"Star System No. 1,431 has now been reached by the Wave Front: Ross 686 - B",FALSE,GY_ONEOFF,,,,63708.6875,2074,TRUE,TRUE,FALSE,OneOFF_StarSystem,6,6,3,,,,,
OneOFF_StarSystem_1432,14330,HR 5566,"Star System No. 1,432 has now been reached by the Wave Front: HR 5566",FALSE,GY_ONEOFF,,,,63708.70833,2074,TRUE,TRUE,FALSE,OneOFF_StarSystem,6,6,3,,,,,
OneOFF_StarSystem_1433,14340,Gamma Ceti (Kaffaljidhma) - A,"Star System No. 1,433 has now been reached by the Wave Front: Gamma Ceti (Kaffaljidhma) - A",FALSE,GY_ONEOFF,,,,63708.72917,2074,TRUE,TRUE,FALSE,OneOFF_StarSystem,6,6,3,,,,,
OneOFF_StarSystem_1434,14350,Gamma Ceti (Kaffaljidhma) - B,"Star System No. 1,434 has now been reached by the Wave Front: Gamma Ceti (Kaffaljidhma) - B",FALSE,GY_ONEOFF,,,,63708.75,2074,TRUE,TRUE,FALSE,OneOFF_StarSystem,6,6,3,,,,,
OneOFF_StarSystem_1435,14360,Gamma Ceti (Kaffaljidhma) - C,"Star System No. 1,435 has now been reached by the Wave Front: Gamma Ceti (Kaffaljidhma) - C",FALSE,GY_ONEOFF,,,,63708.77083,2074,TRUE,TRUE,FALSE,OneOFF_StarSystem,6,6,3,,,,,
OneOFF_StarSystem_1436,14370,LHS 1499,"Star System No. 1,436 has now been reached by the Wave Front: LHS 1499",FALSE,GY_ONEOFF,,,,63745.15,2074,TRUE,TRUE,FALSE,OneOFF_StarSystem,6,7,10,,,,,
OneOFF_StarSystem_1437,14380,LHS 231,"Star System No. 1,437 has now been reached by the Wave Front: LHS 231",FALSE,GY_ONEOFF,,,,63745.17083,2074,TRUE,TRUE,FALSE,OneOFF_StarSystem,6,7,10,,,,,
OneOFF_StarSystem_1438,14390,HD 12051,"Star System No. 1,438 has now been reached by the Wave Front: HD 12051",FALSE,GY_ONEOFF,,,,63745.19167,2074,TRUE,TRUE,FALSE,OneOFF_StarSystem,6,7,10,,,,,
OneOFF_StarSystem_1439,14400,HD 19394,"Star System No. 1,439 has now been reached by the Wave Front: HD 19394",FALSE,GY_ONEOFF,,,,63708.79167,2074,TRUE,TRUE,FALSE,OneOFF_StarSystem,6,6,3,,,,,
OneOFF_StarSystem_1440,14410,HR 2290,"Star System No. 1,440 has now been reached by the Wave Front: HR 2290",FALSE,GY_ONEOFF,,,,63708.8125,2074,TRUE,TRUE,FALSE,OneOFF_StarSystem,6,6,3,,,,,
OneOFF_StarSystem_1441,14420,HD 54371,"Star System No. 1,441 has now been reached by the Wave Front: HD 54371",FALSE,GY_ONEOFF,,,,63781.675,2074,TRUE,TRUE,FALSE,OneOFF_StarSystem,6,8,15,,,,,
OneOFF_StarSystem_1442,14430,GJ 1150,"Star System No. 1,442 has now been reached by the Wave Front: GJ 1150",FALSE,GY_ONEOFF,,,,63818.2,2074,TRUE,TRUE,FALSE,OneOFF_StarSystem,6,9,21,,,,,
OneOFF_StarSystem_1443,14440,HD 96064,"Star System No. 1,443 has now been reached by the Wave Front: HD 96064",FALSE,GY_ONEOFF,,,,63854.725,2074,TRUE,TRUE,FALSE,OneOFF_StarSystem,6,10,27,,,,,
OneOFF_StarSystem_1444,14450,HD 20619,"Star System No. 1,444 has now been reached by the Wave Front: HD 20619",FALSE,GY_ONEOFF,,,,63891.25,2074,TRUE,TRUE,FALSE,OneOFF_StarSystem,6,12,3,,,,,
OneOFF_StarSystem_1445,14460,HD 113283,"Star System No. 1,445 has now been reached by the Wave Front: HD 113283",FALSE,GY_ONEOFF,,,,63891.27083,2074,TRUE,TRUE,FALSE,OneOFF_StarSystem,6,12,3,,,,,
OneOFF_StarSystem_1446,14470,Megrez (Delta Ursae Majoris),"Star System No. 1,446 has now been reached by the Wave Front: Megrez (Delta Ursae Majoris)",FALSE,GY_ONEOFF,,,,63891.29167,2074,TRUE,TRUE,FALSE,OneOFF_StarSystem,6,12,3,,,,,
OneOFF_StarSystem_1447,14480,Delta Velorum (Alsephina) - A,"Star System No. 1,447 has now been reached by the Wave Front: Delta Velorum (Alsephina) - A",FALSE,GY_ONEOFF,,,,63927.775,2075,TRUE,TRUE,FALSE,OneOFF_StarSystem,6,1,8,,,,,
OneOFF_StarSystem_1448,14490,Delta Velorum (Alsephina) - B,"Star System No. 1,448 has now been reached by the Wave Front: Delta Velorum (Alsephina) - B",FALSE,GY_ONEOFF,,,,63927.79583,2075,TRUE,TRUE,FALSE,OneOFF_StarSystem,6,1,8,,,,,
OneOFF_StarSystem_1449,14500,WD 1856+534,"Star System No. 1,449 has now been reached by the Wave Front: WD 1856+534",FALSE,GY_ONEOFF,,,,63942.385,2075,TRUE,TRUE,FALSE,OneOFF_StarSystem,6,1,23,,,,,
OneOFF_StarSystem_1450,14510,GJ 4138,"Star System No. 1,450 has now been reached by the Wave Front: GJ 4138",FALSE,GY_ONEOFF,,,,63964.3,2075,TRUE,TRUE,FALSE,OneOFF_StarSystem,6,2,14,,,,,
OneOFF_StarSystem_1451,14520,G 229-20 - A,"Star System No. 1,451 has now been reached by the Wave Front: G 229-20 - A",FALSE,GY_ONEOFF,,,,64000.825,2075,TRUE,TRUE,FALSE,OneOFF_StarSystem,6,3,22,,,,,
OneOFF_StarSystem_1452,14530,G 229-20 - B,"Star System No. 1,452 has now been reached by the Wave Front: G 229-20 - B",FALSE,GY_ONEOFF,,,,64000.84583,2075,TRUE,TRUE,FALSE,OneOFF_StarSystem,6,3,22,,,,,
OneOFF_StarSystem_1453,14540,7 Andromedae (Honores),"Star System No. 1,453 has now been reached by the Wave Front: 7 Andromedae (Honores)",FALSE,GY_ONEOFF,,,,64037.35,2075,TRUE,TRUE,FALSE,OneOFF_StarSystem,6,4,28,,,,,
OneOFF_StarSystem_1454,14550,HD 1562,"Star System No. 1,454 has now been reached by the Wave Front: HD 1562",FALSE,GY_ONEOFF,,,,64073.875,2075,TRUE,TRUE,FALSE,OneOFF_StarSystem,6,6,3,,,,,
OneOFF_StarSystem_1455,14560,Beta Aurigae (Menkalinan) - A,"Star System No. 1,455 has now been reached by the Wave Front: Beta Aurigae (Menkalinan) - A",FALSE,GY_ONEOFF,,,,64110.4,2075,TRUE,TRUE,FALSE,OneOFF_StarSystem,6,7,10,,,,,
OneOFF_StarSystem_1456,14570,Beta Aurigae (Menkalinan) - B,"Star System No. 1,456 has now been reached by the Wave Front: Beta Aurigae (Menkalinan) - B",FALSE,GY_ONEOFF,,,,64110.42083,2075,TRUE,TRUE,FALSE,OneOFF_StarSystem,6,7,10,,,,,
OneOFF_StarSystem_1457,14580,HR 7294,"Star System No. 1,457 has now been reached by the Wave Front: HR 7294",FALSE,GY_ONEOFF,,,,64146.925,2075,TRUE,TRUE,FALSE,OneOFF_StarSystem,6,8,15,,,,,
OneOFF_StarSystem_1458,14590,HR 7293,"Star System No. 1,458 has now been reached by the Wave Front: HR 7293",FALSE,GY_ONEOFF,,,,64146.94583,2075,TRUE,TRUE,FALSE,OneOFF_StarSystem,6,8,15,,,,,
OneOFF_StarSystem_1459,14600,HR 1747,"Star System No. 1,459 has now been reached by the Wave Front: HR 1747",FALSE,GY_ONEOFF,,,,64183.45,2075,TRUE,TRUE,FALSE,OneOFF_StarSystem,6,9,21,,,,,
OneOFF_StarSystem_1460,14610,HR 672,"Star System No. 1,460 has now been reached by the Wave Front: HR 672",FALSE,GY_ONEOFF,,,,64256.5,2075,TRUE,TRUE,FALSE,OneOFF_StarSystem,6,12,3,,,,,
OneOFF_StarSystem_1461,14620,GJ 2057,"Star System No. 1,461 has now been reached by the Wave Front: GJ 2057",FALSE,GY_ONEOFF,,,,64329.55,2076,TRUE,TRUE,FALSE,OneOFF_StarSystem,6,2,14,,,,,
OneOFF_StarSystem_1462,14630,Alcor (80 Ursae Majoris) - A,"Star System No. 1,462 has now been reached by the Wave Front: Alcor (80 Ursae Majoris) - A",FALSE,GY_ONEOFF,,,,64329.57083,2076,TRUE,TRUE,FALSE,OneOFF_StarSystem,6,2,14,,,,,
OneOFF_StarSystem_1463,14640,Alcor (80 Ursae Majoris) - B,"Star System No. 1,463 has now been reached by the Wave Front: Alcor (80 Ursae Majoris) - B",FALSE,GY_ONEOFF,,,,64329.59167,2076,TRUE,TRUE,FALSE,OneOFF_StarSystem,6,2,14,,,,,
OneOFF_StarSystem_1464,14650,Beta Ophiuchi (Cebalrai),"Star System No. 1,464 has now been reached by the Wave Front: Beta Ophiuchi (Cebalrai)",FALSE,GY_ONEOFF,,,,64366.075,2076,TRUE,TRUE,FALSE,OneOFF_StarSystem,6,3,22,,,,,
OneOFF_StarSystem_1465,14660,HD 215500,"Star System No. 1,465 has now been reached by the Wave Front: HD 215500",FALSE,GY_ONEOFF,,,,64402.6,2076,TRUE,TRUE,FALSE,OneOFF_StarSystem,6,4,27,,,,,
OneOFF_StarSystem_1466,14670,Alpha Phoenicis (Ankaa),"Star System No. 1,466 has now been reached by the Wave Front: Alpha Phoenicis (Ankaa)",FALSE,GY_ONEOFF,,,,64439.125,2076,TRUE,TRUE,FALSE,OneOFF_StarSystem,6,6,3,,,,,
OneOFF_StarSystem_1467,14680,Mizar (Zeta Ursae Majoris) - A,"Star System No. 1,467 has now been reached by the Wave Front: Mizar (Zeta Ursae Majoris) - A",FALSE,GY_ONEOFF,,,,64767.85,2077,TRUE,TRUE,FALSE,OneOFF_StarSystem,6,4,27,,,,,
OneOFF_StarSystem_1468,14690,Mizar (Zeta Ursae Majoris) - B,"Star System No. 1,468 has now been reached by the Wave Front: Mizar (Zeta Ursae Majoris) - B",FALSE,GY_ONEOFF,,,,64767.87083,2077,TRUE,TRUE,FALSE,OneOFF_StarSystem,6,4,27,,,,,
OneOFF_StarSystem_1469,14700,GJ 1229,"Star System No. 1,469 has now been reached by the Wave Front: GJ 1229",FALSE,GY_ONEOFF,,,,64475.65,2076,TRUE,TRUE,FALSE,OneOFF_StarSystem,6,7,9,,,,,
OneOFF_StarSystem_1470,14710,L 168-9 (Danfeng),"Star System No. 1,470 has now been reached by the Wave Front: L 168-9 (Danfeng)",FALSE,GY_ONEOFF,,,,64486.6075,2076,TRUE,TRUE,FALSE,OneOFF_StarSystem,6,7,20,,,,,
OneOFF_StarSystem_1471,14720,HR 7345,"Star System No. 1,471 has now been reached by the Wave Front: HR 7345",FALSE,GY_ONEOFF,,,,64548.7,2076,TRUE,TRUE,FALSE,OneOFF_StarSystem,6,9,20,,,,,
OneOFF_StarSystem_1472,14730,HD 166435,"Star System No. 1,472 has now been reached by the Wave Front: HD 166435",FALSE,GY_ONEOFF,,,,64548.72083,2076,TRUE,TRUE,FALSE,OneOFF_StarSystem,6,9,20,,,,,
OneOFF_StarSystem_1473,14740,HD 37706,"Star System No. 1,473 has now been reached by the Wave Front: HD 37706",FALSE,GY_ONEOFF,,,,64585.225,2076,TRUE,TRUE,FALSE,OneOFF_StarSystem,6,10,27,,,,,
OneOFF_StarSystem_1474,14750,HD 92786,"Star System No. 1,474 has now been reached by the Wave Front: HD 92786",FALSE,GY_ONEOFF,,,,64585.24583,2076,TRUE,TRUE,FALSE,OneOFF_StarSystem,6,10,27,,,,,
OneOFF_StarSystem_1475,14760,Alioth (Epsilon Ursae Majoris),"Star System No. 1,475 has now been reached by the Wave Front: Alioth (Epsilon Ursae Majoris)",FALSE,GY_ONEOFF,,,,64658.275,2077,TRUE,TRUE,FALSE,OneOFF_StarSystem,6,1,8,,,,,
OneOFF_StarSystem_1476,14770,HD 96700,"Star System No. 1,476 has now been reached by the Wave Front: HD 96700",FALSE,GY_ONEOFF,,,,64727.6725,2077,TRUE,TRUE,FALSE,OneOFF_StarSystem,6,3,18,,,,,
OneOFF_StarSystem_1477,14780,Lambda² Fornacis,"Star System No. 1,477 has now been reached by the Wave Front: Lambda² Fornacis",FALSE,GY_ONEOFF,,,,64767.89167,2077,TRUE,TRUE,FALSE,OneOFF_StarSystem,6,4,27,,,,,
OneOFF_StarSystem_1478,14790,Zeta Aquilae (Okab),"Star System No. 1,478 has now been reached by the Wave Front: Zeta Aquilae (Okab)",FALSE,GY_ONEOFF,,,,64804.375,2077,TRUE,TRUE,FALSE,OneOFF_StarSystem,6,6,3,,,,,
OneOFF_StarSystem_1479,14800,HR 176,"Star System No. 1,479 has now been reached by the Wave Front: HR 176",FALSE,GY_ONEOFF,,,,64840.9,2077,TRUE,TRUE,FALSE,OneOFF_StarSystem,6,7,9,,,,,
OneOFF_StarSystem_1480,14810,44 Ophiuchi,"Star System No. 1,480 has now been reached by the Wave Front: 44 Ophiuchi",FALSE,GY_ONEOFF,,,,64877.425,2077,TRUE,TRUE,FALSE,OneOFF_StarSystem,6,8,15,,,,,
OneOFF_StarSystem_1481,14820,Phecda (Gamma Ursae Majoris) - A,"Star System No. 1,481 has now been reached by the Wave Front: Phecda (Gamma Ursae Majoris) - A",FALSE,GY_ONEOFF,,,,64877.44583,2077,TRUE,TRUE,FALSE,OneOFF_StarSystem,6,8,15,,,,,
OneOFF_StarSystem_1482,14830,Phecda (Gamma Ursae Majoris) - B,"Star System No. 1,482 has now been reached by the Wave Front: Phecda (Gamma Ursae Majoris) - B",FALSE,GY_ONEOFF,,,,64877.46667,2077,TRUE,TRUE,FALSE,OneOFF_StarSystem,6,8,15,,,,,
OneOFF_StarSystem_1483,14840,HD 205905,"Star System No. 1,483 has now been reached by the Wave Front: HD 205905",FALSE,GY_ONEOFF,,,,64950.475,2077,TRUE,TRUE,FALSE,OneOFF_StarSystem,6,10,27,,,,,
OneOFF_StarSystem_1484,14850,Zeta Cancri (Tegmine) - A,"Star System No. 1,484 has now been reached by the Wave Front: Zeta Cancri (Tegmine) - A",FALSE,GY_ONEOFF,,,,64950.49583,2077,TRUE,TRUE,FALSE,OneOFF_StarSystem,6,10,27,,,,,
OneOFF_StarSystem_1485,14860,Zeta Cancri (Tegmine) - B,"Star System No. 1,485 has now been reached by the Wave Front: Zeta Cancri (Tegmine) - B",FALSE,GY_ONEOFF,,,,64950.51667,2077,TRUE,TRUE,FALSE,OneOFF_StarSystem,6,10,27,,,,,
OneOFF_StarSystem_1486,14870,Zeta Cancri (Tegmine) - C,"Star System No. 1,486 has now been reached by the Wave Front: Zeta Cancri (Tegmine) - C",FALSE,GY_ONEOFF,,,,64950.5375,2077,TRUE,TRUE,FALSE,OneOFF_StarSystem,6,10,27,,,,,
OneOFF_StarSystem_1487,14880,Zeta Cancri (Tegmine) - D,"Star System No. 1,487 has now been reached by the Wave Front: Zeta Cancri (Tegmine) - D",FALSE,GY_ONEOFF,,,,64950.55833,2077,TRUE,TRUE,FALSE,OneOFF_StarSystem,6,10,27,,,,,
OneOFF_StarSystem_1488,14890,HD 13531,"Star System No. 1,488 has now been reached by the Wave Front: HD 13531",FALSE,GY_ONEOFF,,,,64950.57917,2077,TRUE,TRUE,FALSE,OneOFF_StarSystem,6,10,27,,,,,
OneOFF_StarSystem_1489,14900,HD 67458,"Star System No. 1,489 has now been reached by the Wave Front: HD 67458",FALSE,GY_ONEOFF,,,,64987,2077,TRUE,TRUE,FALSE,OneOFF_StarSystem,6,12,3,,,,,
OneOFF_StarSystem_1490,14910,HD 8262,"Star System No. 1,490 has now been reached by the Wave Front: HD 8262",FALSE,GY_ONEOFF,,,,64987.02083,2077,TRUE,TRUE,FALSE,OneOFF_StarSystem,6,12,3,,,,,
OneOFF_StarSystem_1491,14920,HD 225261,"Star System No. 1,491 has now been reached by the Wave Front: HD 225261",FALSE,GY_ONEOFF,,,,64987.04167,2077,TRUE,TRUE,FALSE,OneOFF_StarSystem,6,12,3,,,,,
OneOFF_StarSystem_1492,14930,HD 9986,"Star System No. 1,492 has now been reached by the Wave Front: HD 9986",FALSE,GY_ONEOFF,,,,64822.6375,2077,TRUE,TRUE,FALSE,OneOFF_StarSystem,6,6,21,,,,,
OneOFF_StarSystem_1493,14940,HD 107692,"Star System No. 1,493 has now been reached by the Wave Front: HD 107692",FALSE,GY_ONEOFF,,,,65023.525,2078,TRUE,TRUE,FALSE,OneOFF_StarSystem,6,1,8,,,,,
OneOFF_StarSystem_1494,14950,HD 72946,"Star System No. 1,494 has now been reached by the Wave Front: HD 72946",FALSE,GY_ONEOFF,,,,65049.0925,2078,TRUE,TRUE,FALSE,OneOFF_StarSystem,6,2,3,,,,,
OneOFF_StarSystem_1495,14960,HD 45391,"Star System No. 1,495 has now been reached by the Wave Front: HD 45391",FALSE,GY_ONEOFF,,,,65060.05,2078,TRUE,TRUE,FALSE,OneOFF_StarSystem,6,2,14,,,,,
OneOFF_StarSystem_1496,14970,HD 115043,"Star System No. 1,496 has now been reached by the Wave Front: HD 115043",FALSE,GY_ONEOFF,,,,65096.575,2078,TRUE,TRUE,FALSE,OneOFF_StarSystem,6,3,22,,,,,
OneOFF_StarSystem_1497,14980,HR 2290,"Star System No. 1,497 has now been reached by the Wave Front: HR 2290",FALSE,GY_ONEOFF,,,,65096.59583,2078,TRUE,TRUE,FALSE,OneOFF_StarSystem,6,3,22,,,,,
OneOFF_StarSystem_1498,14990,HD 42250,"Star System No. 1,498 has now been reached by the Wave Front: HD 42250",FALSE,GY_ONEOFF,,,,65133.1,2078,TRUE,TRUE,FALSE,OneOFF_StarSystem,6,4,28,,,,,
OneOFF_StarSystem_1499,15000,HD 25874,"Star System No. 1,499 has now been reached by the Wave Front: HD 25874",FALSE,GY_ONEOFF,,,,65133.12083,2078,TRUE,TRUE,FALSE,OneOFF_StarSystem,6,4,28,,,,,
OneOFF_StarSystem_1500,15010,Mu Ceti,"Star System No. 1,500 has now been reached by the Wave Front: Mu Ceti",FALSE,GY_ONEOFF,,,,65206.15,2078,TRUE,TRUE,FALSE,OneOFF_StarSystem,6,7,10,,,,,
OneOFF_StarSystem_1501,15020,HR 2576,"Star System No. 1,501 has now been reached by the Wave Front: HR 2576",FALSE,GY_ONEOFF,,,,65206.17083,2078,TRUE,TRUE,FALSE,OneOFF_StarSystem,6,7,10,,,,,
OneOFF_StarSystem_1502,15030,HD 224619,"Star System No. 1,502 has now been reached by the Wave Front: HD 224619",FALSE,GY_ONEOFF,,,,65242.675,2078,TRUE,TRUE,FALSE,OneOFF_StarSystem,6,8,15,,,,,
OneOFF_StarSystem_1503,15040,HD 23052,"Star System No. 1,503 has now been reached by the Wave Front: HD 23052",FALSE,GY_ONEOFF,,,,65242.69583,2078,TRUE,TRUE,FALSE,OneOFF_StarSystem,6,8,15,,,,,
OneOFF_StarSystem_1504,15050,HD 5996,"Star System No. 1,504 has now been reached by the Wave Front: HD 5996",FALSE,GY_ONEOFF,,,,65242.71667,2078,TRUE,TRUE,FALSE,OneOFF_StarSystem,6,8,15,,,,,
OneOFF_StarSystem_1505,15060,HD 218687,"Star System No. 1,505 has now been reached by the Wave Front: HD 218687",FALSE,GY_ONEOFF,,,,65279.2,2078,TRUE,TRUE,FALSE,OneOFF_StarSystem,6,9,21,,,,,
OneOFF_StarSystem_1506,15070,HD 223913,"Star System No. 1,506 has now been reached by the Wave Front: HD 223913",FALSE,GY_ONEOFF,,,,65315.725,2078,TRUE,TRUE,FALSE,OneOFF_StarSystem,6,10,27,,,,,
OneOFF_StarSystem_1507,15080,HD 3821,"Star System No. 1,507 has now been reached by the Wave Front: HD 3821",FALSE,GY_ONEOFF,,,,65315.74583,2078,TRUE,TRUE,FALSE,OneOFF_StarSystem,6,10,27,,,,,
OneOFF_StarSystem_1508,15090,HIP 57274,"Star System No. 1,508 has now been reached by the Wave Front: HIP 57274",FALSE,GY_ONEOFF,,,,65315.76667,2078,TRUE,TRUE,FALSE,OneOFF_StarSystem,6,10,27,,,,,
OneOFF_StarSystem_1509,15100,Lambda Andromedae (Udkadua) - A,"Star System No. 1,509 has now been reached by the Wave Front: Lambda Andromedae (Udkadua) - A",FALSE,GY_ONEOFF,,,,65388.775,2079,TRUE,TRUE,FALSE,OneOFF_StarSystem,6,1,8,,,,,
OneOFF_StarSystem_1510,15110,Lambda Andromedae (Udkadua) - B,"Star System No. 1,510 has now been reached by the Wave Front: Lambda Andromedae (Udkadua) - B",FALSE,GY_ONEOFF,,,,65388.79583,2079,TRUE,TRUE,FALSE,OneOFF_StarSystem,6,1,8,,,,,
OneOFF_StarSystem_1511,15120,HD 187237,"Star System No. 1,511 has now been reached by the Wave Front: HD 187237",FALSE,GY_ONEOFF,,,,65461.825,2079,TRUE,TRUE,FALSE,OneOFF_StarSystem,6,3,22,,,,,
OneOFF_StarSystem_1512,15130,HD 103949,"Star System No. 1,512 has now been reached by the Wave Front: HD 103949",FALSE,GY_ONEOFF,,,,65461.84583,2079,TRUE,TRUE,FALSE,OneOFF_StarSystem,6,3,22,,,,,
OneOFF_StarSystem_1513,15140,LHS 480,"Star System No. 1,513 has now been reached by the Wave Front: LHS 480",FALSE,GY_ONEOFF,,,,65498.35,2079,TRUE,TRUE,FALSE,OneOFF_StarSystem,6,4,28,,,,,
OneOFF_StarSystem_1514,15150,HD 72945,"Star System No. 1,514 has now been reached by the Wave Front: HD 72945",FALSE,GY_ONEOFF,,,,65498.37083,2079,TRUE,TRUE,FALSE,OneOFF_StarSystem,6,4,28,,,,,
OneOFF_StarSystem_1515,15160,HD 194012,"Star System No. 1,515 has now been reached by the Wave Front: HD 194012",FALSE,GY_ONEOFF,,,,65509.3075,2079,TRUE,TRUE,FALSE,OneOFF_StarSystem,6,5,9,,,,,
OneOFF_StarSystem_1516,15170,HD 142 B,"Star System No. 1,516 has now been reached by the Wave Front: HD 142 B",FALSE,GY_ONEOFF,,,,65648.1025,2079,TRUE,TRUE,FALSE,OneOFF_StarSystem,6,9,25,,,,,
OneOFF_StarSystem_1517,15180,HD 142 A,"Star System No. 1,517 has now been reached by the Wave Front: HD 142 A",FALSE,GY_ONEOFF,,,,65677.3225,2079,TRUE,TRUE,FALSE,OneOFF_StarSystem,6,10,24,,,,,
OneOFF_StarSystem_1518,15190,23 Librae,"Star System No. 1,518 has now been reached by the Wave Front: 23 Librae",FALSE,GY_ONEOFF,,,,65677.34333,2079,TRUE,TRUE,FALSE,OneOFF_StarSystem,6,10,24,,,,,
OneOFF_StarSystem_1519,15200,HD 60532,"Star System No. 1,519 has now been reached by the Wave Front: HD 60532",FALSE,GY_ONEOFF,,,,65717.5,2079,TRUE,TRUE,FALSE,OneOFF_StarSystem,6,12,3,,,,,
OneOFF_StarSystem_1520,15210,18 Boötis,"Star System No. 1,520 has now been reached by the Wave Front: 18 Boötis",FALSE,GY_ONEOFF,,,,65717.52083,2079,TRUE,TRUE,FALSE,OneOFF_StarSystem,6,12,3,,,,,
OneOFF_StarSystem_1521,15220,DO Canum Venaticorum,"Star System No. 1,521 has now been reached by the Wave Front: DO Canum Venaticorum",FALSE,GY_ONEOFF,,,,65673.67,2079,TRUE,TRUE,FALSE,OneOFF_StarSystem,6,10,20,,,,,
OneOFF_StarSystem_1522,15230,Gamma Crateris - A,"Star System No. 1,522 has now been reached by the Wave Front: Gamma Crateris - A",FALSE,GY_ONEOFF,,,,65754.025,2080,TRUE,TRUE,FALSE,OneOFF_StarSystem,6,1,9,,,,,
OneOFF_StarSystem_1523,15240,Gamma Crateris - B,"Star System No. 1,523 has now been reached by the Wave Front: Gamma Crateris - B",FALSE,GY_ONEOFF,,,,65754.04583,2080,TRUE,TRUE,FALSE,OneOFF_StarSystem,6,1,9,,,,,
OneOFF_StarSystem_1524,15250,FN Ceti,"Star System No. 1,524 has now been reached by the Wave Front: FN Ceti",FALSE,GY_ONEOFF,,,,65900.125,2080,TRUE,TRUE,FALSE,OneOFF_StarSystem,6,6,3,,,,,
OneOFF_StarSystem_1525,15260,Königstuhl 1A (LEHPM 494),"Star System No. 1,525 has now been reached by the Wave Front: Königstuhl 1A (LEHPM 494)",FALSE,GY_ONEOFF,,,,65900.14583,2080,TRUE,TRUE,FALSE,OneOFF_StarSystem,6,6,3,,,,,
OneOFF_StarSystem_1526,15270,V450 Andromedae (HD 13507),"Star System No. 1,526 has now been reached by the Wave Front: V450 Andromedae (HD 13507)",FALSE,GY_ONEOFF,,,,65925.6925,2080,TRUE,TRUE,FALSE,OneOFF_StarSystem,6,6,28,,,,,
OneOFF_StarSystem_1527,15280,HD 39194,"Star System No. 1,527 has now been reached by the Wave Front: HD 39194",FALSE,GY_ONEOFF,,,,65984.1325,2080,TRUE,TRUE,FALSE,OneOFF_StarSystem,6,8,26,,,,,
OneOFF_StarSystem_1528,15290,FN Ceti,"Star System No. 1,528 has now been reached by the Wave Front: FN Ceti",FALSE,GY_ONEOFF,,,,65998.7425,2080,TRUE,TRUE,FALSE,OneOFF_StarSystem,6,9,9,,,,,
OneOFF_StarSystem_1529,15300,HD 117635,"Star System No. 1,529 has now been reached by the Wave Front: HD 117635",FALSE,GY_ONEOFF,,,,66006.0475,2080,TRUE,TRUE,FALSE,OneOFF_StarSystem,6,9,17,,,,,
OneOFF_StarSystem_1530,15310,HD 204521,"Star System No. 1,530 has now been reached by the Wave Front: HD 204521",FALSE,GY_ONEOFF,,,,65889.1675,2080,TRUE,TRUE,FALSE,OneOFF_StarSystem,6,5,23,,,,,
OneOFF_StarSystem_1531,15320,Delta Corvi (Algorab),"Star System No. 1,531 has now been reached by the Wave Front: Delta Corvi (Algorab)",FALSE,GY_ONEOFF,,,,66228.85,2081,TRUE,TRUE,FALSE,OneOFF_StarSystem,6,4,27,,,,,
OneOFF_StarSystem_1532,15330,Gamma Boötis (Seginus) - A,"Star System No. 1,532 has now been reached by the Wave Front: Gamma Boötis (Seginus) - A",FALSE,GY_ONEOFF,,,,66192.325,2081,TRUE,TRUE,FALSE,OneOFF_StarSystem,6,3,22,,,,,
OneOFF_StarSystem_1533,15340,Gamma Boötis (Seginus) - B,"Star System No. 1,533 has now been reached by the Wave Front: Gamma Boötis (Seginus) - B",FALSE,GY_ONEOFF,,,,66192.34583,2081,TRUE,TRUE,FALSE,OneOFF_StarSystem,6,3,22,,,,,
OneOFF_StarSystem_1534,15350,72 Ophiuchi,"Star System No. 1,534 has now been reached by the Wave Front: 72 Ophiuchi",FALSE,GY_ONEOFF,,,,66228.87083,2081,TRUE,TRUE,FALSE,OneOFF_StarSystem,6,4,27,,,,,
OneOFF_StarSystem_1535,15360,LP 791-18 (TOI-736),"Star System No. 1,535 has now been reached by the Wave Front: LP 791-18 (TOI-736)",FALSE,GY_ONEOFF,,,,66236.155,2081,TRUE,TRUE,FALSE,OneOFF_StarSystem,6,5,5,,,,,
OneOFF_StarSystem_1536,15370,Rho Indi,"Star System No. 1,536 has now been reached by the Wave Front: Rho Indi",FALSE,GY_ONEOFF,,,,66287.29,2081,TRUE,TRUE,FALSE,OneOFF_StarSystem,6,6,25,,,,,
OneOFF_StarSystem_1537,15380,Beta Columbae (Wazn),"Star System No. 1,537 has now been reached by the Wave Front: Beta Columbae (Wazn)",FALSE,GY_ONEOFF,,,,66338.425,2081,TRUE,TRUE,FALSE,OneOFF_StarSystem,6,8,15,,,,,
OneOFF_StarSystem_1538,15390,37 Ursae Majoris,"Star System No. 1,538 has now been reached by the Wave Front: 37 Ursae Majoris",FALSE,GY_ONEOFF,,,,66389.56,2081,TRUE,TRUE,FALSE,OneOFF_StarSystem,6,10,5,,,,,
OneOFF_StarSystem_1539,15400,HD 4838,"Star System No. 1,539 has now been reached by the Wave Front: HD 4838",FALSE,GY_ONEOFF,,,,66393.2125,2081,TRUE,TRUE,FALSE,OneOFF_StarSystem,6,10,9,,,,,
OneOFF_StarSystem_1540,15410,Königstuhl 1B (DENIS-P J0021.0-4244),"Star System No. 1,540 has now been reached by the Wave Front: Königstuhl 1B (DENIS-P J0021.0-4244)",FALSE,GY_ONEOFF,,,,66400.5175,2081,TRUE,TRUE,FALSE,OneOFF_StarSystem,6,10,16,,,,,
OneOFF_StarSystem_1541,15420,HD 134606,"Star System No. 1,541 has now been reached by the Wave Front: HD 134606",FALSE,GY_ONEOFF,,,,66426.085,2081,TRUE,TRUE,FALSE,OneOFF_StarSystem,6,11,11,,,,,
OneOFF_StarSystem_1542,15430,Iota Crateris,"Star System No. 1,542 has now been reached by the Wave Front: Iota Crateris",FALSE,GY_ONEOFF,,,,66448,2081,TRUE,TRUE,FALSE,OneOFF_StarSystem,6,12,3,,,,,
OneOFF_StarSystem_1543,15440,p Velorum - A,"Star System No. 1,543 has now been reached by the Wave Front: p Velorum - A",FALSE,GY_ONEOFF,,,,66448.02083,2081,TRUE,TRUE,FALSE,OneOFF_StarSystem,6,12,3,,,,,
OneOFF_StarSystem_1544,15450,p Velorum - B,"Star System No. 1,544 has now been reached by the Wave Front: p Velorum - B",FALSE,GY_ONEOFF,,,,66448.04167,2081,TRUE,TRUE,FALSE,OneOFF_StarSystem,6,12,3,,,,,
OneOFF_StarSystem_1545,15460,p Velorum - C,"Star System No. 1,545 has now been reached by the Wave Front: p Velorum - C",FALSE,GY_ONEOFF,,,,66448.0625,2081,TRUE,TRUE,FALSE,OneOFF_StarSystem,6,12,3,,,,,
OneOFF_StarSystem_1546,15470,AF Leporis,"Star System No. 1,546 has now been reached by the Wave Front: AF Leporis",FALSE,GY_ONEOFF,,,,66466.2625,2081,TRUE,TRUE,FALSE,OneOFF_StarSystem,6,12,21,,,,,
OneOFF_StarSystem_1547,15480,9 Aurigae C (V398 Aurigae),"Star System No. 1,547 has now been reached by the Wave Front: 9 Aurigae C (V398 Aurigae)",FALSE,GY_ONEOFF,,,,66502.7875,2082,TRUE,TRUE,FALSE,OneOFF_StarSystem,6,1,26,,,,,
OneOFF_StarSystem_1548,15490,15 Pegasi,"Star System No. 1,548 has now been reached by the Wave Front: 15 Pegasi",FALSE,GY_ONEOFF,,,,66557.575,2082,TRUE,TRUE,FALSE,OneOFF_StarSystem,6,3,22,,,,,
OneOFF_StarSystem_1549,15500,9 Aurigae (V398 Aurigae) - B,"Star System No. 1,549 has now been reached by the Wave Front: 9 Aurigae (V398 Aurigae) - B",FALSE,GY_ONEOFF,,,,66630.625,2082,TRUE,TRUE,FALSE,OneOFF_StarSystem,6,6,3,,,,,
OneOFF_StarSystem_1550,15510,9 Aurigae (V398 Aurigae) - A,"Star System No. 1,550 has now been reached by the Wave Front: 9 Aurigae (V398 Aurigae) - A",FALSE,GY_ONEOFF,,,,66630.64583,2082,TRUE,TRUE,FALSE,OneOFF_StarSystem,6,6,3,,,,,
OneOFF_StarSystem_1551,15520,Eta Ophiuchi (Sabik) - A,"Star System No. 1,551 has now been reached by the Wave Front: Eta Ophiuchi (Sabik) - A",FALSE,GY_ONEOFF,,,,66630.66667,2082,TRUE,TRUE,FALSE,OneOFF_StarSystem,6,6,3,,,,,
OneOFF_StarSystem_1552,15530,Eta Ophiuchi (Sabik) - B,"Star System No. 1,552 has now been reached by the Wave Front: Eta Ophiuchi (Sabik) - B",FALSE,GY_ONEOFF,,,,66630.6875,2082,TRUE,TRUE,FALSE,OneOFF_StarSystem,6,6,3,,,,,
OneOFF_StarSystem_1553,15540,Zeta Sagittarii (Ascella) - A,"Star System No. 1,553 has now been reached by the Wave Front: Zeta Sagittarii (Ascella) - A",FALSE,GY_ONEOFF,,,,66630.70833,2082,TRUE,TRUE,FALSE,OneOFF_StarSystem,6,6,3,,,,,
OneOFF_StarSystem_1554,15550,Zeta Sagittarii (Ascella) - B,"Star System No. 1,554 has now been reached by the Wave Front: Zeta Sagittarii (Ascella) - B",FALSE,GY_ONEOFF,,,,66630.72917,2082,TRUE,TRUE,FALSE,OneOFF_StarSystem,6,6,3,,,,,
OneOFF_StarSystem_1555,15560,54 Cassiopeiae,"Star System No. 1,555 has now been reached by the Wave Front: 54 Cassiopeiae",FALSE,GY_ONEOFF,,,,66674.455,2082,TRUE,TRUE,FALSE,OneOFF_StarSystem,6,7,17,,,,,
OneOFF_StarSystem_1556,15570,HD 181433,"Star System No. 1,556 has now been reached by the Wave Front: HD 181433",FALSE,GY_ONEOFF,,,,66641.5825,2082,TRUE,TRUE,FALSE,OneOFF_StarSystem,6,6,14,,,,,
OneOFF_StarSystem_1557,15580,1 Hydrae,"Star System No. 1,557 has now been reached by the Wave Front: 1 Hydrae",FALSE,GY_ONEOFF,,,,66714.6325,2082,TRUE,TRUE,FALSE,OneOFF_StarSystem,6,8,26,,,,,
OneOFF_StarSystem_1558,15590,HD 144585,"Star System No. 1,558 has now been reached by the Wave Front: HD 144585",FALSE,GY_ONEOFF,,,,66784.03,2082,TRUE,TRUE,FALSE,OneOFF_StarSystem,6,11,4,,,,,
OneOFF_StarSystem_1559,15600,Tau³ Eridani,"Star System No. 1,559 has now been reached by the Wave Front: Tau³ Eridani",FALSE,GY_ONEOFF,,,,66849.775,2083,TRUE,TRUE,FALSE,OneOFF_StarSystem,6,1,8,,,,,
OneOFF_StarSystem_1560,15610,Gacrux (Gamma Crucis),"Star System No. 1,560 has now been reached by the Wave Front: Gacrux (Gamma Crucis)",FALSE,GY_ONEOFF,,,,66849.79583,2083,TRUE,TRUE,FALSE,OneOFF_StarSystem,6,1,8,,,,,
OneOFF_StarSystem_1561,15620,HD 158259,"Star System No. 1,561 has now been reached by the Wave Front: HD 158259",FALSE,GY_ONEOFF,,,,66670.8025,2082,TRUE,TRUE,FALSE,OneOFF_StarSystem,6,7,13,,,,,
OneOFF_StarSystem_1562,15630,MS Draconis,"Star System No. 1,562 has now been reached by the Wave Front: MS Draconis",FALSE,GY_ONEOFF,,,,66966.655,2083,TRUE,TRUE,FALSE,OneOFF_StarSystem,6,5,5,,,,,
OneOFF_StarSystem_1563,15640,59 Draconis,"Star System No. 1,563 has now been reached by the Wave Front: 59 Draconis",FALSE,GY_ONEOFF,,,,66995.875,2083,TRUE,TRUE,FALSE,OneOFF_StarSystem,6,6,3,,,,,
OneOFF_StarSystem_1564,15650,Mu Draconis (Alrakis),"Star System No. 1,564 has now been reached by the Wave Front: Mu Draconis (Alrakis)",FALSE,GY_ONEOFF,,,,66995.89583,2083,TRUE,TRUE,FALSE,OneOFF_StarSystem,6,6,3,,,,,
OneOFF_StarSystem_1565,15660,36 G. Doradus,"Star System No. 1,565 has now been reached by the Wave Front: 36 G. Doradus",FALSE,GY_ONEOFF,,,,67032.4,2083,TRUE,TRUE,FALSE,OneOFF_StarSystem,6,7,10,,,,,
OneOFF_StarSystem_1566,15670,HR 3499,"Star System No. 1,566 has now been reached by the Wave Front: HR 3499",FALSE,GY_ONEOFF,,,,67090.84,2083,TRUE,TRUE,FALSE,OneOFF_StarSystem,6,9,6,,,,,
OneOFF_StarSystem_1567,15680,HD 77825,"Star System No. 1,567 has now been reached by the Wave Front: HD 77825",FALSE,GY_ONEOFF,,,,67098.145,2083,TRUE,TRUE,FALSE,OneOFF_StarSystem,6,9,14,,,,,
OneOFF_StarSystem_1568,15690,HD 73524,"Star System No. 1,568 has now been reached by the Wave Front: HD 73524",FALSE,GY_ONEOFF,,,,67215.025,2084,TRUE,TRUE,FALSE,OneOFF_StarSystem,6,1,9,,,,,
OneOFF_StarSystem_1569,15700,21 Leonis Minoris,"Star System No. 1,569 has now been reached by the Wave Front: 21 Leonis Minoris",FALSE,GY_ONEOFF,,,,67269.8125,2084,TRUE,TRUE,FALSE,OneOFF_StarSystem,6,3,3,,,,,
OneOFF_StarSystem_1570,15710,HD 179949 (Gumala),"Star System No. 1,570 has now been reached by the Wave Front: HD 179949 (Gumala)",FALSE,GY_ONEOFF,,,,67295.38,2084,TRUE,TRUE,FALSE,OneOFF_StarSystem,6,3,29,,,,,
OneOFF_StarSystem_1571,15720,PM J15545-1310,"Star System No. 1,571 has now been reached by the Wave Front: PM J15545-1310",FALSE,GY_ONEOFF,,,,67324.6,2084,TRUE,TRUE,FALSE,OneOFF_StarSystem,6,4,27,,,,,
OneOFF_StarSystem_1572,15730,LP 644-40,"Star System No. 1,572 has now been reached by the Wave Front: LP 644-40",FALSE,GY_ONEOFF,,,,67346.14975,2084,TRUE,TRUE,FALSE,OneOFF_StarSystem,6,5,19,,,,,
OneOFF_StarSystem_1573,15740,G 203-71,"Star System No. 1,573 has now been reached by the Wave Front: G 203-71",FALSE,GY_ONEOFF,,,,67346.17058,2084,TRUE,TRUE,FALSE,OneOFF_StarSystem,6,5,19,,,,,
OneOFF_StarSystem_1574,15750,2MASS J22273598+1614559,"Star System No. 1,574 has now been reached by the Wave Front: 2MASS J22273598+1614559",FALSE,GY_ONEOFF,,,,67351.6285,2084,TRUE,TRUE,FALSE,OneOFF_StarSystem,6,5,24,,,,,
OneOFF_StarSystem_1575,15760,LP 870-54,"Star System No. 1,575 has now been reached by the Wave Front: LP 870-54",FALSE,GY_ONEOFF,,,,67357.10725,2084,TRUE,TRUE,FALSE,OneOFF_StarSystem,6,5,30,,,,,
OneOFF_StarSystem_1576,15770,2MASS J17503293+1759042,"Star System No. 1,576 has now been reached by the Wave Front: 2MASS J17503293+1759042",FALSE,GY_ONEOFF,,,,67360.75975,2084,TRUE,TRUE,FALSE,OneOFF_StarSystem,6,6,2,,,,,
OneOFF_StarSystem_1577,15780,Beta Eridani (Cursa),"Star System No. 1,577 has now been reached by the Wave Front: Beta Eridani (Cursa)",FALSE,GY_ONEOFF,,,,67361.125,2084,TRUE,TRUE,FALSE,OneOFF_StarSystem,6,6,3,,,,,
OneOFF_StarSystem_1578,15790,HD 40650,"Star System No. 1,578 has now been reached by the Wave Front: HD 40650",FALSE,GY_ONEOFF,,,,67361.14583,2084,TRUE,TRUE,FALSE,OneOFF_StarSystem,6,6,3,,,,,
OneOFF_StarSystem_1579,15800,G 111-52,"Star System No. 1,579 has now been reached by the Wave Front: G 111-52",FALSE,GY_ONEOFF,,,,67361.16667,2084,TRUE,TRUE,FALSE,OneOFF_StarSystem,6,6,3,,,,,
OneOFF_StarSystem_1580,15810,G 264-20 - A,"Star System No. 1,580 has now been reached by the Wave Front: G 264-20 - A",FALSE,GY_ONEOFF,,,,67361.1875,2084,TRUE,TRUE,FALSE,OneOFF_StarSystem,6,6,3,,,,,
OneOFF_StarSystem_1581,15820,G 264-20 - B,"Star System No. 1,581 has now been reached by the Wave Front: G 264-20 - B",FALSE,GY_ONEOFF,,,,67361.20833,2084,TRUE,TRUE,FALSE,OneOFF_StarSystem,6,6,3,,,,,
OneOFF_StarSystem_1582,15830,WT 2473,"Star System No. 1,582 has now been reached by the Wave Front: WT 2473",FALSE,GY_ONEOFF,,,,67361.22917,2084,TRUE,TRUE,FALSE,OneOFF_StarSystem,6,6,3,,,,,
OneOFF_StarSystem_1583,15840,L 96-2,"Star System No. 1,583 has now been reached by the Wave Front: L 96-2",FALSE,GY_ONEOFF,,,,67361.25,2084,TRUE,TRUE,FALSE,OneOFF_StarSystem,6,6,3,,,,,
OneOFF_StarSystem_1584,15850,2MASS J23392527+3507165,"Star System No. 1,584 has now been reached by the Wave Front: 2MASS J23392527+3507165",FALSE,GY_ONEOFF,,,,67361.27083,2084,TRUE,TRUE,FALSE,OneOFF_StarSystem,6,6,3,,,,,
OneOFF_StarSystem_1585,15860,G 240-44,"Star System No. 1,585 has now been reached by the Wave Front: G 240-44",FALSE,GY_ONEOFF,,,,67361.29167,2084,TRUE,TRUE,FALSE,OneOFF_StarSystem,6,6,3,,,,,
OneOFF_StarSystem_1586,15870,EGGR 251,"Star System No. 1,586 has now been reached by the Wave Front: EGGR 251",FALSE,GY_ONEOFF,,,,67361.3125,2084,TRUE,TRUE,FALSE,OneOFF_StarSystem,6,6,3,,,,,
OneOFF_StarSystem_1587,15880,LP 368-73,"Star System No. 1,587 has now been reached by the Wave Front: LP 368-73",FALSE,GY_ONEOFF,,,,67361.33333,2084,TRUE,TRUE,FALSE,OneOFF_StarSystem,6,6,3,,,,,
OneOFF_StarSystem_1588,15890,L 95-2,"Star System No. 1,588 has now been reached by the Wave Front: L 95-2",FALSE,GY_ONEOFF,,,,67361.35417,2084,TRUE,TRUE,FALSE,OneOFF_StarSystem,6,6,3,,,,,
OneOFF_StarSystem_1589,15900,2MASS J13373116+4938367,"Star System No. 1,589 has now been reached by the Wave Front: 2MASS J13373116+4938367",FALSE,GY_ONEOFF,,,,67361.375,2084,TRUE,TRUE,FALSE,OneOFF_StarSystem,6,6,3,,,,,
OneOFF_StarSystem_1590,15910,SCR J1609-3431,"Star System No. 1,590 has now been reached by the Wave Front: SCR J1609-3431",FALSE,GY_ONEOFF,,,,67361.39583,2084,TRUE,TRUE,FALSE,OneOFF_StarSystem,6,6,3,,,,,
OneOFF_StarSystem_1591,15920,2MASS J14450958-4954540,"Star System No. 1,591 has now been reached by the Wave Front: 2MASS J14450958-4954540",FALSE,GY_ONEOFF,,,,67397.65,2084,TRUE,TRUE,FALSE,OneOFF_StarSystem,6,7,9,,,,,
OneOFF_StarSystem_1592,15930,L 149-51 - A,"Star System No. 1,592 has now been reached by the Wave Front: L 149-51 - A",FALSE,GY_ONEOFF,,,,67397.67083,2084,TRUE,TRUE,FALSE,OneOFF_StarSystem,6,7,9,,,,,
OneOFF_StarSystem_1593,15940,L 149-51 - B,"Star System No. 1,593 has now been reached by the Wave Front: L 149-51 - B",FALSE,GY_ONEOFF,,,,67397.69167,2084,TRUE,TRUE,FALSE,OneOFF_StarSystem,6,7,9,,,,,
OneOFF_StarSystem_1594,15950,HD 314741,"Star System No. 1,594 has now been reached by the Wave Front: HD 314741",FALSE,GY_ONEOFF,,,,67397.7125,2084,TRUE,TRUE,FALSE,OneOFF_StarSystem,6,7,9,,,,,
OneOFF_StarSystem_1595,15960,BD+23 3035,"Star System No. 1,595 has now been reached by the Wave Front: BD+23 3035",FALSE,GY_ONEOFF,,,,67397.73333,2084,TRUE,TRUE,FALSE,OneOFF_StarSystem,6,7,9,,,,,
OneOFF_StarSystem_1596,15970,LSPM J0747+1107,"Star System No. 1,596 has now been reached by the Wave Front: LSPM J0747+1107",FALSE,GY_ONEOFF,,,,67397.75417,2084,TRUE,TRUE,FALSE,OneOFF_StarSystem,6,7,9,,,,,
OneOFF_StarSystem_1597,15980,HD 55720,"Star System No. 1,597 has now been reached by the Wave Front: HD 55720",FALSE,GY_ONEOFF,,,,67397.775,2084,TRUE,TRUE,FALSE,OneOFF_StarSystem,6,7,9,,,,,
OneOFF_StarSystem_1598,15990,PM J19117+0500,"Star System No. 1,598 has now been reached by the Wave Front: PM J19117+0500",FALSE,GY_ONEOFF,,,,67397.79583,2084,TRUE,TRUE,FALSE,OneOFF_StarSystem,6,7,9,,,,,
OneOFF_StarSystem_1599,16000,SCR J0907-3533,"Star System No. 1,599 has now been reached by the Wave Front: SCR J0907-3533",FALSE,GY_ONEOFF,,,,67397.81667,2084,TRUE,TRUE,FALSE,OneOFF_StarSystem,6,7,9,,,,,
OneOFF_StarSystem_1600,16010,L 15-86,"Star System No. 1,600 has now been reached by the Wave Front: L 15-86",FALSE,GY_ONEOFF,,,,67397.8375,2084,TRUE,TRUE,FALSE,OneOFF_StarSystem,6,7,9,,,,,
OneOFF_StarSystem_1601,16020,UCAC4 698-055819,"Star System No. 1,601 has now been reached by the Wave Front: UCAC4 698-055819",FALSE,GY_ONEOFF,,,,67397.85833,2084,TRUE,TRUE,FALSE,OneOFF_StarSystem,6,7,9,,,,,
OneOFF_StarSystem_1602,16030,BD+49 2743 - A,"Star System No. 1,602 has now been reached by the Wave Front: BD+49 2743 - A",FALSE,GY_ONEOFF,,,,67397.87917,2084,TRUE,TRUE,FALSE,OneOFF_StarSystem,6,7,9,,,,,
OneOFF_StarSystem_1603,16040,BD+49 2743 - B,"Star System No. 1,603 has now been reached by the Wave Front: BD+49 2743 - B",FALSE,GY_ONEOFF,,,,67397.9,2084,TRUE,TRUE,FALSE,OneOFF_StarSystem,6,7,9,,,,,
OneOFF_StarSystem_1604,16050,HD 155918 - A,"Star System No. 1,604 has now been reached by the Wave Front: HD 155918 - A",FALSE,GY_ONEOFF,,,,67397.92083,2084,TRUE,TRUE,FALSE,OneOFF_StarSystem,6,7,9,,,,,
OneOFF_StarSystem_1605,16060,HD 155918 - B,"Star System No. 1,605 has now been reached by the Wave Front: HD 155918 - B",FALSE,GY_ONEOFF,,,,67397.94167,2084,TRUE,TRUE,FALSE,OneOFF_StarSystem,6,7,9,,,,,
OneOFF_StarSystem_1606,16070,StKM 2-1217,"Star System No. 1,606 has now been reached by the Wave Front: StKM 2-1217",FALSE,GY_ONEOFF,,,,67397.9625,2084,TRUE,TRUE,FALSE,OneOFF_StarSystem,6,7,9,,,,,
OneOFF_StarSystem_1607,16080,RX J0506.2+0439,"Star System No. 1,607 has now been reached by the Wave Front: RX J0506.2+0439",FALSE,GY_ONEOFF,,,,67397.98333,2084,TRUE,TRUE,FALSE,OneOFF_StarSystem,6,7,9,,,,,
OneOFF_StarSystem_1608,16090,G 135-35,"Star System No. 1,608 has now been reached by the Wave Front: G 135-35",FALSE,GY_ONEOFF,,,,67398.00417,2084,TRUE,TRUE,FALSE,OneOFF_StarSystem,6,7,10,,,,,
OneOFF_StarSystem_1609,16100,KPP 3922 - A,"Star System No. 1,609 has now been reached by the Wave Front: KPP 3922 - A",FALSE,GY_ONEOFF,,,,67398.025,2084,TRUE,TRUE,FALSE,OneOFF_StarSystem,6,7,10,,,,,
OneOFF_StarSystem_1610,16110,KPP 3922 - B,"Star System No. 1,610 has now been reached by the Wave Front: KPP 3922 - B",FALSE,GY_ONEOFF,,,,67398.04583,2084,TRUE,TRUE,FALSE,OneOFF_StarSystem,6,7,10,,,,,
OneOFF_StarSystem_1611,16120,LP 938-144,"Star System No. 1,611 has now been reached by the Wave Front: LP 938-144",FALSE,GY_ONEOFF,,,,67398.06667,2084,TRUE,TRUE,FALSE,OneOFF_StarSystem,6,7,10,,,,,
OneOFF_StarSystem_1612,16130,LP 645-49,"Star System No. 1,612 has now been reached by the Wave Front: LP 645-49",FALSE,GY_ONEOFF,,,,67398.0875,2084,TRUE,TRUE,FALSE,OneOFF_StarSystem,6,7,10,,,,,
OneOFF_StarSystem_1613,16140,G 238-54,"Star System No. 1,613 has now been reached by the Wave Front: G 238-54",FALSE,GY_ONEOFF,,,,67398.10833,2084,TRUE,TRUE,FALSE,OneOFF_StarSystem,6,7,10,,,,,
OneOFF_StarSystem_1614,16150,LP 786-22,"Star System No. 1,614 has now been reached by the Wave Front: LP 786-22",FALSE,GY_ONEOFF,,,,67398.12917,2084,TRUE,TRUE,FALSE,OneOFF_StarSystem,6,7,10,,,,,
OneOFF_StarSystem_1615,16160,G 79-46,"Star System No. 1,615 has now been reached by the Wave Front: G 79-46",FALSE,GY_ONEOFF,,,,67398.15,2084,TRUE,TRUE,FALSE,OneOFF_StarSystem,6,7,10,,,,,
OneOFF_StarSystem_1616,16170,LP 182-4,"Star System No. 1,616 has now been reached by the Wave Front: LP 182-4",FALSE,GY_ONEOFF,,,,67398.17083,2084,TRUE,TRUE,FALSE,OneOFF_StarSystem,6,7,10,,,,,
OneOFF_StarSystem_1617,16180,L 66-47,"Star System No. 1,617 has now been reached by the Wave Front: L 66-47",FALSE,GY_ONEOFF,,,,67434.175,2084,TRUE,TRUE,FALSE,OneOFF_StarSystem,6,8,15,,,,,
OneOFF_StarSystem_1618,16190,SIPS J0719-5051,"Star System No. 1,618 has now been reached by the Wave Front: SIPS J0719-5051",FALSE,GY_ONEOFF,,,,67434.19583,2084,TRUE,TRUE,FALSE,OneOFF_StarSystem,6,8,15,,,,,
OneOFF_StarSystem_1619,16200,LP 868-19,"Star System No. 1,619 has now been reached by the Wave Front: LP 868-19",FALSE,GY_ONEOFF,,,,67434.21667,2084,TRUE,TRUE,FALSE,OneOFF_StarSystem,6,8,15,,,,,
OneOFF_StarSystem_1620,16210,G 189-11,"Star System No. 1,620 has now been reached by the Wave Front: G 189-11",FALSE,GY_ONEOFF,,,,67434.2375,2084,TRUE,TRUE,FALSE,OneOFF_StarSystem,6,8,15,,,,,
OneOFF_StarSystem_1621,16220,LP 833-49,"Star System No. 1,621 has now been reached by the Wave Front: LP 833-49",FALSE,GY_ONEOFF,,,,67434.25833,2084,TRUE,TRUE,FALSE,OneOFF_StarSystem,6,8,15,,,,,
OneOFF_StarSystem_1622,16230,L 66-46,"Star System No. 1,622 has now been reached by the Wave Front: L 66-46",FALSE,GY_ONEOFF,,,,67434.27917,2084,TRUE,TRUE,FALSE,OneOFF_StarSystem,6,8,15,,,,,
OneOFF_StarSystem_1623,16240,2MASS J04235322-0006587,"Star System No. 1,623 has now been reached by the Wave Front: 2MASS J04235322-0006587",FALSE,GY_ONEOFF,,,,67434.3,2084,TRUE,TRUE,FALSE,OneOFF_StarSystem,6,8,15,,,,,
OneOFF_StarSystem_1624,16250,CD-22 13916,"Star System No. 1,624 has now been reached by the Wave Front: CD-22 13916",FALSE,GY_ONEOFF,,,,67434.32083,2084,TRUE,TRUE,FALSE,OneOFF_StarSystem,6,8,15,,,,,
OneOFF_StarSystem_1625,16260,LSPM J1909+3910,"Star System No. 1,625 has now been reached by the Wave Front: LSPM J1909+3910",FALSE,GY_ONEOFF,,,,67434.34167,2084,TRUE,TRUE,FALSE,OneOFF_StarSystem,6,8,15,,,,,
OneOFF_StarSystem_1626,16270,UCAC4 642-125473,"Star System No. 1,626 has now been reached by the Wave Front: UCAC4 642-125473",FALSE,GY_ONEOFF,,,,67434.3625,2084,TRUE,TRUE,FALSE,OneOFF_StarSystem,6,8,15,,,,,
OneOFF_StarSystem_1627,16280,2MASS J10305544-1424005,"Star System No. 1,627 has now been reached by the Wave Front: 2MASS J10305544-1424005",FALSE,GY_ONEOFF,,,,67434.38333,2084,TRUE,TRUE,FALSE,OneOFF_StarSystem,6,8,15,,,,,
OneOFF_StarSystem_1628,16290,LP 585-55 - A,"Star System No. 1,628 has now been reached by the Wave Front: LP 585-55 - A",FALSE,GY_ONEOFF,,,,67434.40417,2084,TRUE,TRUE,FALSE,OneOFF_StarSystem,6,8,15,,,,,
OneOFF_StarSystem_1629,16300,LP 585-55 - B,"Star System No. 1,629 has now been reached by the Wave Front: LP 585-55 - B",FALSE,GY_ONEOFF,,,,67434.425,2084,TRUE,TRUE,FALSE,OneOFF_StarSystem,6,8,15,,,,,
OneOFF_StarSystem_1630,16310,HD 28946,"Star System No. 1,630 has now been reached by the Wave Front: HD 28946",FALSE,GY_ONEOFF,,,,67434.44583,2084,TRUE,TRUE,FALSE,OneOFF_StarSystem,6,8,15,,,,,
OneOFF_StarSystem_1631,16320,HD 329879,"Star System No. 1,631 has now been reached by the Wave Front: HD 329879",FALSE,GY_ONEOFF,,,,67434.46667,2084,TRUE,TRUE,FALSE,OneOFF_StarSystem,6,8,15,,,,,
OneOFF_StarSystem_1632,16330,LP 566-6,"Star System No. 1,632 has now been reached by the Wave Front: LP 566-6",FALSE,GY_ONEOFF,,,,67434.4875,2084,TRUE,TRUE,FALSE,OneOFF_StarSystem,6,8,15,,,,,
OneOFF_StarSystem_1633,16340,LP 427-38,"Star System No. 1,633 has now been reached by the Wave Front: LP 427-38",FALSE,GY_ONEOFF,,,,67434.50833,2084,TRUE,TRUE,FALSE,OneOFF_StarSystem,6,8,15,,,,,
OneOFF_StarSystem_1634,16350,L 122-81,"Star System No. 1,634 has now been reached by the Wave Front: L 122-81",FALSE,GY_ONEOFF,,,,67470.7,2084,TRUE,TRUE,FALSE,OneOFF_StarSystem,6,9,20,,,,,
OneOFF_StarSystem_1635,16360,PM J10581+5057,"Star System No. 1,635 has now been reached by the Wave Front: PM J10581+5057",FALSE,GY_ONEOFF,,,,67470.72083,2084,TRUE,TRUE,FALSE,OneOFF_StarSystem,6,9,20,,,,,
OneOFF_StarSystem_1636,16370,LSPM J1305+1934,"Star System No. 1,636 has now been reached by the Wave Front: LSPM J1305+1934",FALSE,GY_ONEOFF,,,,67470.74167,2084,TRUE,TRUE,FALSE,OneOFF_StarSystem,6,9,20,,,,,
OneOFF_StarSystem_1637,16380,LP 275-37,"Star System No. 1,637 has now been reached by the Wave Front: LP 275-37",FALSE,GY_ONEOFF,,,,67470.7625,2084,TRUE,TRUE,FALSE,OneOFF_StarSystem,6,9,20,,,,,
OneOFF_StarSystem_1638,16390,L 254-34,"Star System No. 1,638 has now been reached by the Wave Front: L 254-34",FALSE,GY_ONEOFF,,,,67470.78333,2084,TRUE,TRUE,FALSE,OneOFF_StarSystem,6,9,20,,,,,
OneOFF_StarSystem_1639,16400,WT 2132,"Star System No. 1,639 has now been reached by the Wave Front: WT 2132",FALSE,GY_ONEOFF,,,,67470.80417,2084,TRUE,TRUE,FALSE,OneOFF_StarSystem,6,9,20,,,,,
OneOFF_StarSystem_1640,16410,HD 146946,"Star System No. 1,640 has now been reached by the Wave Front: HD 146946",FALSE,GY_ONEOFF,,,,67470.825,2084,TRUE,TRUE,FALSE,OneOFF_StarSystem,6,9,20,,,,,
OneOFF_StarSystem_1641,16420,HD 82943 (164 G. Hydrae),"Star System No. 1,641 has now been reached by the Wave Front: HD 82943 (164 G. Hydrae)",FALSE,GY_ONEOFF,,,,67474.3525,2084,TRUE,TRUE,FALSE,OneOFF_StarSystem,6,9,24,,,,,
OneOFF_StarSystem_1642,16430,TOI-4559,"Star System No. 1,642 has now been reached by the Wave Front: TOI-4559",FALSE,GY_ONEOFF,,,,67618.261,2085,TRUE,TRUE,FALSE,OneOFF_StarSystem,6,2,15,,,,,
OneOFF_StarSystem_1643,16440,Xi Scorpii (Graffias) - A,"Star System No. 1,643 has now been reached by the Wave Front: Xi Scorpii (Graffias) - A",FALSE,GY_ONEOFF,,,,67682.545,2085,TRUE,TRUE,FALSE,OneOFF_StarSystem,6,4,20,,,,,
OneOFF_StarSystem_1644,16450,Xi Scorpii (Graffias) - B,"Star System No. 1,644 has now been reached by the Wave Front: Xi Scorpii (Graffias) - B",FALSE,GY_ONEOFF,,,,67682.56583,2085,TRUE,TRUE,FALSE,OneOFF_StarSystem,6,4,20,,,,,
OneOFF_StarSystem_1645,16460,Xi Scorpii (Graffias) - C,"Star System No. 1,645 has now been reached by the Wave Front: Xi Scorpii (Graffias) - C",FALSE,GY_ONEOFF,,,,67682.58667,2085,TRUE,TRUE,FALSE,OneOFF_StarSystem,6,4,20,,,,,
OneOFF_StarSystem_1646,16470,Xi Scorpii (Graffias) - D,"Star System No. 1,646 has now been reached by the Wave Front: Xi Scorpii (Graffias) - D",FALSE,GY_ONEOFF,,,,67682.6075,2085,TRUE,TRUE,FALSE,OneOFF_StarSystem,6,4,20,,,,,
OneOFF_StarSystem_1647,16480,Xi Scorpii (Graffias) - E,"Star System No. 1,647 has now been reached by the Wave Front: Xi Scorpii (Graffias) - E",FALSE,GY_ONEOFF,,,,67697.155,2085,TRUE,TRUE,FALSE,OneOFF_StarSystem,6,5,5,,,,,
OneOFF_StarSystem_1648,16490,Kappa Ophiuchi,"Star System No. 1,648 has now been reached by the Wave Front: Kappa Ophiuchi",FALSE,GY_ONEOFF,,,,67909,2085,TRUE,TRUE,FALSE,OneOFF_StarSystem,6,12,3,,,,,
OneOFF_StarSystem_1649,16500,13 Orionis,"Star System No. 1,649 has now been reached by the Wave Front: 13 Orionis",FALSE,GY_ONEOFF,,,,68091.625,2086,TRUE,TRUE,FALSE,OneOFF_StarSystem,6,6,3,,,,,
OneOFF_StarSystem_1650,16510,Theta Pegasi (Biham/26 Pegasi) - A,"Star System No. 1,650 has now been reached by the Wave Front: Theta Pegasi (Biham/26 Pegasi) - A",FALSE,GY_ONEOFF,,,,68091.64583,2086,TRUE,TRUE,FALSE,OneOFF_StarSystem,6,6,3,,,,,
OneOFF_StarSystem_1651,16520,Theta Pegasi (Biham/26 Pegasi) - B,"Star System No. 1,651 has now been reached by the Wave Front: Theta Pegasi (Biham/26 Pegasi) - B",FALSE,GY_ONEOFF,,,,68091.66667,2086,TRUE,TRUE,FALSE,OneOFF_StarSystem,6,6,3,,,,,
OneOFF_StarSystem_1652,16530,Zeta Aquarii - A,"Star System No. 1,652 has now been reached by the Wave Front: Zeta Aquarii - A",FALSE,GY_ONEOFF,,,,68091.6875,2086,TRUE,TRUE,FALSE,OneOFF_StarSystem,6,6,3,,,,,
OneOFF_StarSystem_1653,16540,Zeta Aquarii - B,"Star System No. 1,653 has now been reached by the Wave Front: Zeta Aquarii - B",FALSE,GY_ONEOFF,,,,68091.70833,2086,TRUE,TRUE,FALSE,OneOFF_StarSystem,6,6,3,,,,,
OneOFF_StarSystem_1654,16550,Eta Draconis (Athebyne),"Star System No. 1,654 has now been reached by the Wave Front: Eta Draconis (Athebyne)",FALSE,GY_ONEOFF,,,,68128.15,2086,TRUE,TRUE,FALSE,OneOFF_StarSystem,6,7,10,,,,,
OneOFF_StarSystem_1655,16560,21 Leonis Minoris,"Star System No. 1,655 has now been reached by the Wave Front: 21 Leonis Minoris",FALSE,GY_ONEOFF,,,,68128.17083,2086,TRUE,TRUE,FALSE,OneOFF_StarSystem,6,7,10,,,,,
OneOFF_StarSystem_1656,16570,Pi Piscis Austrini - A,"Star System No. 1,656 has now been reached by the Wave Front: Pi Piscis Austrini - A",FALSE,GY_ONEOFF,,,,68164.675,2086,TRUE,TRUE,FALSE,OneOFF_StarSystem,6,8,15,,,,,
OneOFF_StarSystem_1657,16580,Pi Piscis Austrini - B,"Star System No. 1,657 has now been reached by the Wave Front: Pi Piscis Austrini - B",FALSE,GY_ONEOFF,,,,68164.69583,2086,TRUE,TRUE,FALSE,OneOFF_StarSystem,6,8,15,,,,,
OneOFF_StarSystem_1658,16590,111 Herculis,"Star System No. 1,658 has now been reached by the Wave Front: 111 Herculis",FALSE,GY_ONEOFF,,,,68201.2,2086,TRUE,TRUE,FALSE,OneOFF_StarSystem,6,9,21,,,,,
OneOFF_StarSystem_1659,16600,HD 93083 (Macondo),"Star System No. 1,659 has now been reached by the Wave Front: HD 93083 (Macondo)",FALSE,GY_ONEOFF,,,,68424.0025,2087,TRUE,TRUE,FALSE,OneOFF_StarSystem,6,5,2,,,,,
OneOFF_StarSystem_1660,16610,Gliese 3138,"Star System No. 1,660 has now been reached by the Wave Front: Gliese 3138",FALSE,GY_ONEOFF,,,,68420.35,2087,TRUE,TRUE,FALSE,OneOFF_StarSystem,6,4,28,,,,,
OneOFF_StarSystem_1661,16620,Beta Circini,"Star System No. 1,661 has now been reached by the Wave Front: Beta Circini",FALSE,GY_ONEOFF,,,,68456.875,2087,TRUE,TRUE,FALSE,OneOFF_StarSystem,6,6,3,,,,,
OneOFF_StarSystem_1662,16630,HD 70060 (q Puppis),"Star System No. 1,662 has now been reached by the Wave Front: HD 70060 (q Puppis)",FALSE,GY_ONEOFF,,,,68602.975,2087,TRUE,TRUE,FALSE,OneOFF_StarSystem,6,10,27,,,,,
OneOFF_StarSystem_1663,16640,Omega Andromedae,"Star System No. 1,663 has now been reached by the Wave Front: Omega Andromedae",FALSE,GY_ONEOFF,,,,68785.6,2088,TRUE,TRUE,FALSE,OneOFF_StarSystem,6,4,27,,,,,
OneOFF_StarSystem_1664,16650,HR 7012,"Star System No. 1,664 has now been reached by the Wave Front: HR 7012",FALSE,GY_ONEOFF,,,,68785.62083,2088,TRUE,TRUE,FALSE,OneOFF_StarSystem,6,4,27,,,,,
OneOFF_StarSystem_1665,16660,Algol (Beta Persei/Demon Star) - A,"Star System No. 1,665 has now been reached by the Wave Front: Algol (Beta Persei/Demon Star) - A",FALSE,GY_ONEOFF,,,,68822.125,2088,TRUE,TRUE,FALSE,OneOFF_StarSystem,6,6,3,,,,,
OneOFF_StarSystem_1666,16670,Algol (Beta Persei/Demon Star) - B,"Star System No. 1,666 has now been reached by the Wave Front: Algol (Beta Persei/Demon Star) - B",FALSE,GY_ONEOFF,,,,68822.14583,2088,TRUE,TRUE,FALSE,OneOFF_StarSystem,6,6,3,,,,,
OneOFF_StarSystem_1667,16680,Algol (Beta Persei/Demon Star) - C,"Star System No. 1,667 has now been reached by the Wave Front: Algol (Beta Persei/Demon Star) - C",FALSE,GY_ONEOFF,,,,68822.16667,2088,TRUE,TRUE,FALSE,OneOFF_StarSystem,6,6,3,,,,,
OneOFF_StarSystem_1668,16690,Omega² Tauri,"Star System No. 1,668 has now been reached by the Wave Front: Omega² Tauri",FALSE,GY_ONEOFF,,,,68822.1875,2088,TRUE,TRUE,FALSE,OneOFF_StarSystem,6,6,3,,,,,
OneOFF_StarSystem_1669,16700,15 Ursae Majoris,"Star System No. 1,669 has now been reached by the Wave Front: 15 Ursae Majoris",FALSE,GY_ONEOFF,,,,68822.20833,2088,TRUE,TRUE,FALSE,OneOFF_StarSystem,6,6,3,,,,,
OneOFF_StarSystem_1670,16710,HD 218566 (Ebla),"Star System No. 1,670 has now been reached by the Wave Front: HD 218566 (Ebla)",FALSE,GY_ONEOFF,,,,68858.65,2088,TRUE,TRUE,FALSE,OneOFF_StarSystem,6,7,9,,,,,
OneOFF_StarSystem_1671,16720,Nu Indi,"Star System No. 1,671 has now been reached by the Wave Front: Nu Indi",FALSE,GY_ONEOFF,,,,68931.7,2088,TRUE,TRUE,FALSE,OneOFF_StarSystem,6,9,20,,,,,
OneOFF_StarSystem_1672,16730,Chi Leonis,"Star System No. 1,672 has now been reached by the Wave Front: Chi Leonis",FALSE,GY_ONEOFF,,,,69041.275,2089,TRUE,TRUE,FALSE,OneOFF_StarSystem,6,1,8,,,,,
OneOFF_StarSystem_1673,16740,Zeta Aquarii - B,"Star System No. 1,673 has now been reached by the Wave Front: Zeta Aquarii - B",FALSE,GY_ONEOFF,,,,69077.8,2089,TRUE,TRUE,FALSE,OneOFF_StarSystem,6,2,13,,,,,
OneOFF_StarSystem_1674,16750,46 Leonis Minoris (Praecipua),"Star System No. 1,674 has now been reached by the Wave Front: 46 Leonis Minoris (Praecipua)",FALSE,GY_ONEOFF,,,,69150.85,2089,TRUE,TRUE,FALSE,OneOFF_StarSystem,6,4,27,,,,,
OneOFF_StarSystem_1675,16760,HD 170368,"Star System No. 1,675 has now been reached by the Wave Front: HD 170368",FALSE,GY_ONEOFF,,,,69187.375,2089,TRUE,TRUE,FALSE,OneOFF_StarSystem,6,6,3,,,,,
OneOFF_StarSystem_1676,16770,Zeta Aquarii - A,"Star System No. 1,676 has now been reached by the Wave Front: Zeta Aquarii - A",FALSE,GY_ONEOFF,,,,69187.39583,2089,TRUE,TRUE,FALSE,OneOFF_StarSystem,6,6,3,,,,,
OneOFF_StarSystem_1677,16780,49 Librae - A,"Star System No. 1,677 has now been reached by the Wave Front: 49 Librae - A",FALSE,GY_ONEOFF,,,,69296.95,2089,TRUE,TRUE,FALSE,OneOFF_StarSystem,6,9,20,,,,,
OneOFF_StarSystem_1678,16790,49 Librae - B,"Star System No. 1,678 has now been reached by the Wave Front: 49 Librae - B",FALSE,GY_ONEOFF,,,,69296.97083,2089,TRUE,TRUE,FALSE,OneOFF_StarSystem,6,9,20,,,,,
OneOFF_StarSystem_1679,16800,HD 102195 (Flegetonte),"Star System No. 1,679 has now been reached by the Wave Front: HD 102195 (Flegetonte)",FALSE,GY_ONEOFF,,,,69479.575,2090,TRUE,TRUE,FALSE,OneOFF_StarSystem,6,3,22,,,,,
OneOFF_StarSystem_1680,16810,GJ 3470 (Kaewkosin),"Star System No. 1,680 has now been reached by the Wave Front: GJ 3470 (Kaewkosin)",FALSE,GY_ONEOFF,,,,69508.795,2090,TRUE,TRUE,FALSE,OneOFF_StarSystem,6,4,20,,,,,
OneOFF_StarSystem_1681,16820,8 Draconis (Taiyi),"Star System No. 1,681 has now been reached by the Wave Front: 8 Draconis (Taiyi)",FALSE,GY_ONEOFF,,,,69516.1,2090,TRUE,TRUE,FALSE,OneOFF_StarSystem,6,4,28,,,,,
OneOFF_StarSystem_1682,16830,WD 0145+234,"Star System No. 1,682 has now been reached by the Wave Front: WD 0145+234",FALSE,GY_ONEOFF,,,,69545.32,2090,TRUE,TRUE,FALSE,OneOFF_StarSystem,6,5,27,,,,,
OneOFF_StarSystem_1683,16840,38 Geminorum A,"Star System No. 1,683 has now been reached by the Wave Front: 38 Geminorum A",FALSE,GY_ONEOFF,,,,69552.625,2090,TRUE,TRUE,FALSE,OneOFF_StarSystem,6,6,3,,,,,
OneOFF_StarSystem_1684,16850,Iota Bootis (Asellus Secundus/21 Boötis/HD 234121),"Star System No. 1,684 has now been reached by the Wave Front: Iota Bootis (Asellus Secundus/21 Boötis/HD 234121)",FALSE,GY_ONEOFF,,,,69662.2,2090,TRUE,TRUE,FALSE,OneOFF_StarSystem,6,9,21,,,,,
OneOFF_StarSystem_1685,16860,Alpheratz (Alpha Andromedae) - A,"Star System No. 1,685 has now been reached by the Wave Front: Alpheratz (Alpha Andromedae) - A",FALSE,GY_ONEOFF,,,,69917.875,2091,TRUE,TRUE,FALSE,OneOFF_StarSystem,6,6,3,,,,,
OneOFF_StarSystem_1686,16870,Alpheratz (Alpha Andromedae) - B,"Star System No. 1,686 has now been reached by the Wave Front: Alpheratz (Alpha Andromedae) - B",FALSE,GY_ONEOFF,,,,69917.89583,2091,TRUE,TRUE,FALSE,OneOFF_StarSystem,6,6,3,,,,,
OneOFF_StarSystem_1687,16880,Beta Ceti (Diphda),"Star System No. 1,687 has now been reached by the Wave Front: Beta Ceti (Diphda)",FALSE,GY_ONEOFF,,,,69662.22083,2090,TRUE,TRUE,FALSE,OneOFF_StarSystem,6,9,21,,,,,
OneOFF_StarSystem_1688,16890,GJ 9827,"Star System No. 1,688 has now been reached by the Wave Front: GJ 9827",FALSE,GY_ONEOFF,,,,69811.9525,2091,TRUE,TRUE,FALSE,OneOFF_StarSystem,6,2,17,,,,,
OneOFF_StarSystem_1689,16900,Beta Reticuli,"Star System No. 1,689 has now been reached by the Wave Front: Beta Reticuli",FALSE,GY_ONEOFF,,,,69917.91667,2091,TRUE,TRUE,FALSE,OneOFF_StarSystem,6,6,3,,,,,
OneOFF_StarSystem_1690,16910,Alpha Pictoris,"Star System No. 1,690 has now been reached by the Wave Front: Alpha Pictoris",FALSE,GY_ONEOFF,,,,69917.9375,2091,TRUE,TRUE,FALSE,OneOFF_StarSystem,6,6,3,,,,,
OneOFF_StarSystem_1691,16920,HD 52265 (Citalá),"Star System No. 1,691 has now been reached by the Wave Front: HD 52265 (Citalá)",FALSE,GY_ONEOFF,,,,70129.72,2092,TRUE,TRUE,FALSE,OneOFF_StarSystem,6,1,1,,,,,
OneOFF_StarSystem_1692,16930,Delta Draconis (Altais),"Star System No. 1,692 has now been reached by the Wave Front: Delta Draconis (Altais)",FALSE,GY_ONEOFF,,,,70210.075,2092,TRUE,TRUE,FALSE,OneOFF_StarSystem,6,3,22,,,,,
OneOFF_StarSystem_1693,16940,38 Geminorum B,"Star System No. 1,693 has now been reached by the Wave Front: 38 Geminorum B",FALSE,GY_ONEOFF,,,,70246.6,2092,TRUE,TRUE,FALSE,OneOFF_StarSystem,6,4,27,,,,,
OneOFF_StarSystem_1694,16950,Alpha Indi,"Star System No. 1,694 has now been reached by the Wave Front: Alpha Indi",FALSE,GY_ONEOFF,,,,70392.7,2092,TRUE,TRUE,FALSE,OneOFF_StarSystem,6,9,20,,,,,
OneOFF_StarSystem_1695,16960,Nu¹ Draconis (Kuma),"Star System No. 1,695 has now been reached by the Wave Front: Nu¹ Draconis (Kuma)",FALSE,GY_ONEOFF,,,,70538.8,2093,TRUE,TRUE,FALSE,OneOFF_StarSystem,6,2,13,,,,,
OneOFF_StarSystem_1696,16970,WISEP J232519.54-410534.9,"Star System No. 1,696 has now been reached by the Wave Front: WISEP J232519.54-410534.9",FALSE,GY_ONEOFF,,,,70571.6725,2093,TRUE,TRUE,FALSE,OneOFF_StarSystem,6,3,18,,,,,
OneOFF_StarSystem_1697,16980,Theta Indi - A,"Star System No. 1,697 has now been reached by the Wave Front: Theta Indi - A",FALSE,GY_ONEOFF,,,,70648.375,2093,TRUE,TRUE,FALSE,OneOFF_StarSystem,6,6,3,,,,,
OneOFF_StarSystem_1698,16990,Theta Indi - B,"Star System No. 1,698 has now been reached by the Wave Front: Theta Indi - B",FALSE,GY_ONEOFF,,,,70648.39583,2093,TRUE,TRUE,FALSE,OneOFF_StarSystem,6,6,3,,,,,
OneOFF_StarSystem_1699,17000,Lambda Bootis (Xuange),"Star System No. 1,699 has now been reached by the Wave Front: Lambda Bootis (Xuange)",FALSE,GY_ONEOFF,,,,70648.41667,2093,TRUE,TRUE,FALSE,OneOFF_StarSystem,6,6,3,,,,,
OneOFF_StarSystem_1700,17010,KZ Andromedae - A,"Star System No. 1,700 has now been reached by the Wave Front: KZ Andromedae - A",FALSE,GY_ONEOFF,,,,70757.95,2093,TRUE,TRUE,FALSE,OneOFF_StarSystem,6,9,20,,,,,
OneOFF_StarSystem_1701,17020,KZ Andromedae - B,"Star System No. 1,701 has now been reached by the Wave Front: KZ Andromedae - B",FALSE,GY_ONEOFF,,,,70757.97083,2093,TRUE,TRUE,FALSE,OneOFF_StarSystem,6,9,20,,,,,
OneOFF_StarSystem_1702,17030,Delta Cassiopeiae (Rucbah),"Star System No. 1,702 has now been reached by the Wave Front: Delta Cassiopeiae (Rucbah)",FALSE,GY_ONEOFF,,,,70794.475,2093,TRUE,TRUE,FALSE,OneOFF_StarSystem,6,10,27,,,,,
OneOFF_StarSystem_1703,17040,Nu² Draconis,"Star System No. 1,703 has now been reached by the Wave Front: Nu² Draconis",FALSE,GY_ONEOFF,,,,70794.49583,2093,TRUE,TRUE,FALSE,OneOFF_StarSystem,6,10,27,,,,,
OneOFF_StarSystem_1704,17050,HD 88955 (q Velorum),"Star System No. 1,704 has now been reached by the Wave Front: HD 88955 (q Velorum)",FALSE,GY_ONEOFF,,,,70904.05,2094,TRUE,TRUE,FALSE,OneOFF_StarSystem,6,2,14,,,,,
OneOFF_StarSystem_1705,17060,GJ 9689,"Star System No. 1,705 has now been reached by the Wave Front: GJ 9689",FALSE,GY_ONEOFF,,,,70966.1425,2094,TRUE,TRUE,FALSE,OneOFF_StarSystem,6,4,17,,,,,
OneOFF_StarSystem_1706,17070,HD 29021,"Star System No. 1,706 has now been reached by the Wave Front: HD 29021",FALSE,GY_ONEOFF,,,,71013.625,2094,TRUE,TRUE,FALSE,OneOFF_StarSystem,6,6,3,,,,,
OneOFF_StarSystem_1707,17080,Cor Caroli (Alpha² Canum Venaticorum),"Star System No. 1,707 has now been reached by the Wave Front: Cor Caroli (Alpha² Canum Venaticorum)",FALSE,GY_ONEOFF,,,,71013.64583,2094,TRUE,TRUE,FALSE,OneOFF_StarSystem,6,6,3,,,,,
OneOFF_StarSystem_1708,17090,HD 8326,"Star System No. 1,708 has now been reached by the Wave Front: HD 8326",FALSE,GY_ONEOFF,,,,71086.675,2094,TRUE,TRUE,FALSE,OneOFF_StarSystem,6,8,15,,,,,
OneOFF_StarSystem_1709,17100,TOI-1693,"Star System No. 1,709 has now been reached by the Wave Front: TOI-1693",FALSE,GY_ONEOFF,,,,71232.775,2095,TRUE,TRUE,FALSE,OneOFF_StarSystem,6,1,8,,,,,
OneOFF_StarSystem_1710,17110,COCONUTS-3 (WISE J0813-1522) - A,"Star System No. 1,710 has now been reached by the Wave Front: COCONUTS-3 (WISE J0813-1522) - A",FALSE,GY_ONEOFF,,,,71269.3,2095,TRUE,TRUE,FALSE,OneOFF_StarSystem,6,2,14,,,,,
OneOFF_StarSystem_1711,17120,COCONUTS-3 (WISE J0813-1522) - B,"Star System No. 1,711 has now been reached by the Wave Front: COCONUTS-3 (WISE J0813-1522) - B",FALSE,GY_ONEOFF,,,,71269.32083,2095,TRUE,TRUE,FALSE,OneOFF_StarSystem,6,2,14,,,,,
OneOFF_StarSystem_1712,17130,TOI-1801,"Star System No. 1,712 has now been reached by the Wave Front: TOI-1801",FALSE,GY_ONEOFF,,,,71305.825,2095,TRUE,TRUE,FALSE,OneOFF_StarSystem,6,3,22,,,,,
OneOFF_StarSystem_1713,17140,Lambda Geminorum,"Star System No. 1,713 has now been reached by the Wave Front: Lambda Geminorum",FALSE,GY_ONEOFF,,,,71342.35,2095,TRUE,TRUE,FALSE,OneOFF_StarSystem,6,4,28,,,,,
OneOFF_StarSystem_1714,17150,Beta Delphini (Rotanev) - A,"Star System No. 1,714 has now been reached by the Wave Front: Beta Delphini (Rotanev) - A",FALSE,GY_ONEOFF,,,,71378.875,2095,TRUE,TRUE,FALSE,OneOFF_StarSystem,6,6,3,,,,,
OneOFF_StarSystem_1715,17160,Beta Delphini (Rotanev) - B,"Star System No. 1,715 has now been reached by the Wave Front: Beta Delphini (Rotanev) - B",FALSE,GY_ONEOFF,,,,71378.89583,2095,TRUE,TRUE,FALSE,OneOFF_StarSystem,6,6,3,,,,,
OneOFF_StarSystem_1716,17170,TOI-406,"Star System No. 1,716 has now been reached by the Wave Front: TOI-406",FALSE,GY_ONEOFF,,,,71378.91667,2095,TRUE,TRUE,FALSE,OneOFF_StarSystem,6,6,3,,,,,
OneOFF_StarSystem_1717,17180,2MASSW J0920122+351742 - A,"Star System No. 1,717 has now been reached by the Wave Front: 2MASSW J0920122+351742 - A",FALSE,GY_ONEOFF,,,,71378.9375,2095,TRUE,TRUE,FALSE,OneOFF_StarSystem,6,6,3,,,,,
OneOFF_StarSystem_1718,17190,2MASSW J0920122+351742 - B,"Star System No. 1,718 has now been reached by the Wave Front: 2MASSW J0920122+351742 - B",FALSE,GY_ONEOFF,,,,71378.95833,2095,TRUE,TRUE,FALSE,OneOFF_StarSystem,6,6,3,,,,,
OneOFF_StarSystem_1719,17200,Alpha Gruis (Alnair),"Star System No. 1,719 has now been reached by the Wave Front: Alpha Gruis (Alnair)",FALSE,GY_ONEOFF,,,,71378.97917,2095,TRUE,TRUE,FALSE,OneOFF_StarSystem,6,6,3,,,,,
OneOFF_StarSystem_1720,17210,Iota Draconis (Edasich),"Star System No. 1,720 has now been reached by the Wave Front: Iota Draconis (Edasich)",FALSE,GY_ONEOFF,,,,71451.925,2095,TRUE,TRUE,FALSE,OneOFF_StarSystem,6,8,15,,,,,
OneOFF_StarSystem_1721,17220,Xi Cephei (Kurhah) - Ba,"Star System No. 1,721 has now been reached by the Wave Front: Xi Cephei (Kurhah) - Ba",FALSE,GY_ONEOFF,,,,71503.06,2095,TRUE,TRUE,FALSE,OneOFF_StarSystem,6,10,6,,,,,
OneOFF_StarSystem_1722,17230,Xi Cephei (Kurhah) - Bb,"Star System No. 1,722 has now been reached by the Wave Front: Xi Cephei (Kurhah) - Bb",FALSE,GY_ONEOFF,,,,71503.08083,2095,TRUE,TRUE,FALSE,OneOFF_StarSystem,6,10,6,,,,,
OneOFF_StarSystem_1723,17240,HD 50554,"Star System No. 1,723 has now been reached by the Wave Front: HD 50554",FALSE,GY_ONEOFF,,,,71503.10167,2095,TRUE,TRUE,FALSE,OneOFF_StarSystem,6,10,6,,,,,
OneOFF_StarSystem_1724,17250,K2-239,"Star System No. 1,724 has now been reached by the Wave Front: K2-239",FALSE,GY_ONEOFF,,,,71565.1525,2095,TRUE,TRUE,FALSE,OneOFF_StarSystem,6,12,7,,,,,
OneOFF_StarSystem_1725,17260,HD 221420,"Star System No. 1,725 has now been reached by the Wave Front: HD 221420",FALSE,GY_ONEOFF,,,,71598.025,2096,TRUE,TRUE,FALSE,OneOFF_StarSystem,6,1,9,,,,,
OneOFF_StarSystem_1726,17270,TOI-700,"Star System No. 1,726 has now been reached by the Wave Front: TOI-700",FALSE,GY_ONEOFF,,,,71601.6775,2096,TRUE,TRUE,FALSE,OneOFF_StarSystem,6,1,12,,,,,
OneOFF_StarSystem_1727,17280,Alpha² Capricorni (Algedi),"Star System No. 1,727 has now been reached by the Wave Front: Alpha² Capricorni (Algedi)",FALSE,GY_ONEOFF,,,,71744.125,2096,TRUE,TRUE,FALSE,OneOFF_StarSystem,6,6,3,,,,,
OneOFF_StarSystem_1728,17290,Xi Cephei (Kurhah),"Star System No. 1,728 has now been reached by the Wave Front: Xi Cephei (Kurhah)",FALSE,GY_ONEOFF,,,,71744.14583,2096,TRUE,TRUE,FALSE,OneOFF_StarSystem,6,6,3,,,,,
OneOFF_StarSystem_1729,17300,HD 185283,"Star System No. 1,729 has now been reached by the Wave Front: HD 185283",FALSE,GY_ONEOFF,,,,71889.01968,2096,TRUE,TRUE,FALSE,OneOFF_StarSystem,6,10,26,,,,,
OneOFF_StarSystem_1730,17310,HD 162020,"Star System No. 1,730 has now been reached by the Wave Front: HD 162020",FALSE,GY_ONEOFF,,,,71890.225,2096,TRUE,TRUE,FALSE,OneOFF_StarSystem,6,10,27,,,,,
OneOFF_StarSystem_1731,17320,TOI-6086,"Star System No. 1,731 has now been reached by the Wave Front: TOI-6086",FALSE,GY_ONEOFF,,,,71963.275,2097,TRUE,TRUE,FALSE,OneOFF_StarSystem,6,1,8,,,,,
OneOFF_StarSystem_1732,17330,Alpha Lacertae (Stellio),"Star System No. 1,732 has now been reached by the Wave Front: Alpha Lacertae (Stellio)",FALSE,GY_ONEOFF,,,,71963.29583,2097,TRUE,TRUE,FALSE,OneOFF_StarSystem,6,1,8,,,,,
OneOFF_StarSystem_1733,17340,TOI-2119 - A,"Star System No. 1,733 has now been reached by the Wave Front: TOI-2119 - A",FALSE,GY_ONEOFF,,,,71992.495,2097,TRUE,TRUE,FALSE,OneOFF_StarSystem,6,2,6,,,,,
OneOFF_StarSystem_1734,17350,TOI-2119 - B,"Star System No. 1,734 has now been reached by the Wave Front: TOI-2119 - B",FALSE,GY_ONEOFF,,,,71992.51583,2097,TRUE,TRUE,FALSE,OneOFF_StarSystem,6,2,6,,,,,
OneOFF_StarSystem_1735,17360,HR 5183,"Star System No. 1,735 has now been reached by the Wave Front: HR 5183",FALSE,GY_ONEOFF,,,,71999.8,2097,TRUE,TRUE,FALSE,OneOFF_StarSystem,6,2,13,,,,,
OneOFF_StarSystem_1736,17370,Gamma Ophiuchi (Bake-eo),"Star System No. 1,736 has now been reached by the Wave Front: Gamma Ophiuchi (Bake-eo)",FALSE,GY_ONEOFF,,,,72036.325,2097,TRUE,TRUE,FALSE,OneOFF_StarSystem,6,3,22,,,,,
OneOFF_StarSystem_1737,17380,HD 73583,"Star System No. 1,737 has now been reached by the Wave Front: HD 73583",FALSE,GY_ONEOFF,,,,72138.595,2097,TRUE,TRUE,FALSE,OneOFF_StarSystem,6,7,2,,,,,
OneOFF_StarSystem_1738,17390,HR 858 - A,"Star System No. 1,738 has now been reached by the Wave Front: HR 858 - A",FALSE,GY_ONEOFF,,,,72255.475,2097,TRUE,TRUE,FALSE,OneOFF_StarSystem,6,10,27,,,,,
OneOFF_StarSystem_1739,17400,HR 858 - B,"Star System No. 1,739 has now been reached by the Wave Front: HR 858 - B",FALSE,GY_ONEOFF,,,,72255.49583,2097,TRUE,TRUE,FALSE,OneOFF_StarSystem,6,10,27,,,,,
OneOFF_StarSystem_1740,17410,HD 37124,"Star System No. 1,740 has now been reached by the Wave Front: HD 37124",FALSE,GY_ONEOFF,,,,72255.51667,2097,TRUE,TRUE,FALSE,OneOFF_StarSystem,6,10,27,,,,,
OneOFF_StarSystem_1741,17420,Alkaid (Eta Ursae Majoris),"Star System No. 1,741 has now been reached by the Wave Front: Alkaid (Eta Ursae Majoris)",FALSE,GY_ONEOFF,,,,72438.1,2098,TRUE,TRUE,FALSE,OneOFF_StarSystem,6,4,28,,,,,
OneOFF_StarSystem_1742,17430,CFBDSIR J145829+101343 - A,"Star System No. 1,742 has now been reached by the Wave Front: CFBDSIR J145829+101343 - A",FALSE,GY_ONEOFF,,,,72474.625,2098,TRUE,TRUE,FALSE,OneOFF_StarSystem,6,6,3,,,,,
OneOFF_StarSystem_1743,17440,CFBDSIR J145829+101343 - B,"Star System No. 1,743 has now been reached by the Wave Front: CFBDSIR J145829+101343 - B",FALSE,GY_ONEOFF,,,,72474.64583,2098,TRUE,TRUE,FALSE,OneOFF_StarSystem,6,6,3,,,,,
OneOFF_StarSystem_1744,17450,CWISE J0506+0738 - A,"Star System No. 1,744 has now been reached by the Wave Front: CWISE J0506+0738 - A",FALSE,GY_ONEOFF,,,,72474.66667,2098,TRUE,TRUE,FALSE,OneOFF_StarSystem,6,6,3,,,,,
OneOFF_StarSystem_1745,17460,CWISE J0506+0738 - B,"Star System No. 1,745 has now been reached by the Wave Front: CWISE J0506+0738 - B",FALSE,GY_ONEOFF,,,,72474.6875,2098,TRUE,TRUE,FALSE,OneOFF_StarSystem,6,6,3,,,,,
OneOFF_StarSystem_1746,17470,HD 130322 (Mönch),"Star System No. 1,746 has now been reached by the Wave Front: HD 130322 (Mönch)",FALSE,GY_ONEOFF,,,,72503.845,2098,TRUE,TRUE,FALSE,OneOFF_StarSystem,6,7,2,,,,,
OneOFF_StarSystem_1747,17480,Gamma Mensae,"Star System No. 1,747 has now been reached by the Wave Front: Gamma Mensae",FALSE,GY_ONEOFF,,,,72803.35,2099,TRUE,TRUE,FALSE,OneOFF_StarSystem,6,4,28,,,,,
OneOFF_StarSystem_1748,17490,Delta Andromedae,"Star System No. 1,748 has now been reached by the Wave Front: Delta Andromedae",FALSE,GY_ONEOFF,,,,73022.5,2099,TRUE,TRUE,FALSE,OneOFF_StarSystem,6,12,3,,,,,
OneOFF_StarSystem_1749,17500,HD 110067,"Star System No. 1,749 has now been reached by the Wave Front: HD 110067",FALSE,GY_ONEOFF,,,,72872.7475,2099,TRUE,TRUE,FALSE,OneOFF_StarSystem,6,7,6,,,,,
OneOFF_StarSystem_1750,17510,HD 63765 (Tapecue),"Star System No. 1,750 has now been reached by the Wave Front: HD 63765 (Tapecue)",FALSE,GY_ONEOFF,,,,73227.04,2100,TRUE,TRUE,FALSE,OneOFF_StarSystem,6,6,26,,,,,
OneOFF_StarSystem_1751,17520,Cor Caroli (Alpha¹ Canum Venaticorum),"Star System No. 1,751 has now been reached by the Wave Front: Cor Caroli (Alpha¹ Canum Venaticorum)",FALSE,GY_ONEOFF,,,,73387.75,2100,TRUE,TRUE,FALSE,OneOFF_StarSystem,6,12,3,,,,,
OneOFF_StarSystem_1752,17530,Gamma² Sagittarii (Alnasl),"Star System No. 1,752 has now been reached by the Wave Front: Gamma² Sagittarii (Alnasl)",FALSE,GY_ONEOFF,,,,73278.175,2100,TRUE,TRUE,FALSE,OneOFF_StarSystem,6,8,16,,,,,
OneOFF_StarSystem_1753,17540,Epsilon Ophiuchi (Yed Posterior),"Star System No. 1,753 has now been reached by the Wave Front: Epsilon Ophiuchi (Yed Posterior)",FALSE,GY_ONEOFF,,,,73533.85,2101,TRUE,TRUE,FALSE,OneOFF_StarSystem,6,4,28,,,,,
OneOFF_StarSystem_1754,17550,109 Piscium,"Star System No. 1,754 has now been reached by the Wave Front: 109 Piscium",FALSE,GY_ONEOFF,,,,74008.675,2102,TRUE,TRUE,FALSE,OneOFF_StarSystem,6,8,16,,,,,
OneOFF_StarSystem_1755,17560,Eta Antliae,"Star System No. 1,755 has now been reached by the Wave Front: Eta Antliae",FALSE,GY_ONEOFF,,,,74118.25,2102,TRUE,TRUE,FALSE,OneOFF_StarSystem,6,12,4,,,,,
OneOFF_StarSystem_1756,17570,Gamma Geminorum (Alhena) - A,"Star System No. 1,756 has now been reached by the Wave Front: Gamma Geminorum (Alhena) - A",FALSE,GY_ONEOFF,,,,74300.875,2103,TRUE,TRUE,FALSE,OneOFF_StarSystem,6,6,4,,,,,
OneOFF_StarSystem_1757,17580,Gamma Geminorum (Alhena) - B,"Star System No. 1,757 has now been reached by the Wave Front: Gamma Geminorum (Alhena) - B",FALSE,GY_ONEOFF,,,,74300.89583,2103,TRUE,TRUE,FALSE,OneOFF_StarSystem,6,6,4,,,,,
OneOFF_StarSystem_1758,17590,GD 165 - A,"Star System No. 1,758 has now been reached by the Wave Front: GD 165 - A",FALSE,GY_ONEOFF,,,,74300.91667,2103,TRUE,TRUE,FALSE,OneOFF_StarSystem,6,6,4,,,,,
OneOFF_StarSystem_1759,17600,GD 165 - B,"Star System No. 1,759 has now been reached by the Wave Front: GD 165 - B",FALSE,GY_ONEOFF,,,,74300.9375,2103,TRUE,TRUE,FALSE,OneOFF_StarSystem,6,6,4,,,,,
OneOFF_StarSystem_1760,17610,HD 23079 (Tupi),"Star System No. 1,760 has now been reached by the Wave Front: HD 23079 (Tupi)",FALSE,GY_ONEOFF,,,,74381.23,2103,TRUE,TRUE,FALSE,OneOFF_StarSystem,6,8,24,,,,,
OneOFF_StarSystem_1761,17620,HD 85390 (Natasha),"Star System No. 1,761 has now been reached by the Wave Front: HD 85390 (Natasha)",FALSE,GY_ONEOFF,,,,74446.975,2103,TRUE,TRUE,FALSE,OneOFF_StarSystem,6,10,28,,,,,
OneOFF_StarSystem_1762,17630,Epsilon Virginis (Vindemiatrix),"Star System No. 1,762 has now been reached by the Wave Front: Epsilon Virginis (Vindemiatrix)",FALSE,GY_ONEOFF,,,,74520.025,2104,TRUE,TRUE,FALSE,OneOFF_StarSystem,6,1,10,,,,,
OneOFF_StarSystem_1763,17640,53 Eridani (Sceptrum),"Star System No. 1,763 has now been reached by the Wave Front: 53 Eridani (Sceptrum)",FALSE,GY_ONEOFF,,,,74666.125,2104,TRUE,TRUE,FALSE,OneOFF_StarSystem,6,6,4,,,,,
OneOFF_StarSystem_1764,17650,Zeta Eridani (Zibal),"Star System No. 1,764 has now been reached by the Wave Front: Zeta Eridani (Zibal)",FALSE,GY_ONEOFF,,,,74666.14583,2104,TRUE,TRUE,FALSE,OneOFF_StarSystem,6,6,4,,,,,
OneOFF_StarSystem_1765,17660,HR 2562,"Star System No. 1,765 has now been reached by the Wave Front: HR 2562",FALSE,GY_ONEOFF,,,,75002.155,2105,TRUE,TRUE,FALSE,OneOFF_StarSystem,6,5,6,,,,,
OneOFF_StarSystem_1766,17670,EK Draconis,"Star System No. 1,766 has now been reached by the Wave Front: EK Draconis",FALSE,GY_ONEOFF,,,,75031.375,2105,TRUE,TRUE,FALSE,OneOFF_StarSystem,6,6,4,,,,,
OneOFF_StarSystem_1767,17680,CWISE J054129.32–745021.5,"Star System No. 1,767 has now been reached by the Wave Front: CWISE J054129.32–745021.5",FALSE,GY_ONEOFF,,,,75031.39583,2105,TRUE,TRUE,FALSE,OneOFF_StarSystem,6,6,4,,,,,
OneOFF_StarSystem_1768,17690,SDSS J020742.48+000056.2,"Star System No. 1,768 has now been reached by the Wave Front: SDSS J020742.48+000056.2",FALSE,GY_ONEOFF,,,,75031.41667,2105,TRUE,TRUE,FALSE,OneOFF_StarSystem,6,6,4,,,,,
OneOFF_StarSystem_1769,17700,HD 4208 (Cocibolca),"Star System No. 1,769 has now been reached by the Wave Front: HD 4208 (Cocibolca)",FALSE,GY_ONEOFF,,,,75104.425,2105,TRUE,TRUE,FALSE,OneOFF_StarSystem,6,8,16,,,,,
OneOFF_StarSystem_1770,17710,Beta Coronae Borealis (Nusakan) - A,"Star System No. 1,770 has now been reached by the Wave Front: Beta Coronae Borealis (Nusakan) - A",FALSE,GY_ONEOFF,,,,75396.625,2106,TRUE,TRUE,FALSE,OneOFF_StarSystem,6,6,4,,,,,
OneOFF_StarSystem_1771,17720,Beta Coronae Borealis (Nusakan) - B,"Star System No. 1,771 has now been reached by the Wave Front: Beta Coronae Borealis (Nusakan) - B",FALSE,GY_ONEOFF,,,,75396.64583,2106,TRUE,TRUE,FALSE,OneOFF_StarSystem,6,6,4,,,,,
OneOFF_StarSystem_1772,17730,Xi Draconis (Grumium),"Star System No. 1,772 has now been reached by the Wave Front: Xi Draconis (Grumium)",FALSE,GY_ONEOFF,,,,75579.25,2106,TRUE,TRUE,FALSE,OneOFF_StarSystem,6,12,4,,,,,
OneOFF_StarSystem_1773,17740,BD−17 63 (Felixvarela),"Star System No. 1,773 has now been reached by the Wave Front: BD−17 63 (Felixvarela)",FALSE,GY_ONEOFF,,,,75608.47,2107,TRUE,TRUE,FALSE,OneOFF_StarSystem,6,1,2,,,,,
OneOFF_StarSystem_1774,17750,Mu Pegasi (Sadalbari),"Star System No. 1,774 has now been reached by the Wave Front: Mu Pegasi (Sadalbari)",FALSE,GY_ONEOFF,,,,75652.3,2107,TRUE,TRUE,FALSE,OneOFF_StarSystem,6,2,15,,,,,
OneOFF_StarSystem_1775,17760,Kappa Persei (Misam),"Star System No. 1,775 has now been reached by the Wave Front: Kappa Persei (Misam)",FALSE,GY_ONEOFF,,,,75652.32083,2107,TRUE,TRUE,FALSE,OneOFF_StarSystem,6,2,15,,,,,
OneOFF_StarSystem_1776,17770,Delta Aquarii (Skat),"Star System No. 1,776 has now been reached by the Wave Front: Delta Aquarii (Skat)",FALSE,GY_ONEOFF,,,,75761.875,2107,TRUE,TRUE,FALSE,OneOFF_StarSystem,6,6,4,,,,,
OneOFF_StarSystem_1777,17780,Beta Carinae (Miaplacidus),"Star System No. 1,777 has now been reached by the Wave Front: Beta Carinae (Miaplacidus)",FALSE,GY_ONEOFF,,,,75834.925,2107,TRUE,TRUE,FALSE,OneOFF_StarSystem,6,8,16,,,,,
OneOFF_StarSystem_1778,17790,Phi² Orionis,"Star System No. 1,778 has now been reached by the Wave Front: Phi² Orionis",FALSE,GY_ONEOFF,,,,76054.075,2108,TRUE,TRUE,FALSE,OneOFF_StarSystem,6,3,23,,,,,
OneOFF_StarSystem_1779,17800,HD 45652 (Lusitânia),"Star System No. 1,779 has now been reached by the Wave Front: HD 45652 (Lusitânia)",FALSE,GY_ONEOFF,,,,76072.3375,2108,TRUE,TRUE,FALSE,OneOFF_StarSystem,6,4,10,,,,,
OneOFF_StarSystem_1780,17810,HD 73344,"Star System No. 1,780 has now been reached by the Wave Front: HD 73344",FALSE,GY_ONEOFF,,,,76470.46,2109,TRUE,TRUE,FALSE,OneOFF_StarSystem,6,5,13,,,,,
OneOFF_StarSystem_1781,17820,NLTT 12758 - A,"Star System No. 1,781 has now been reached by the Wave Front: NLTT 12758 - A",FALSE,GY_ONEOFF,,,,76492.375,2109,TRUE,TRUE,FALSE,OneOFF_StarSystem,6,6,4,,,,,
OneOFF_StarSystem_1782,17830,NLTT 12758 - B,"Star System No. 1,782 has now been reached by the Wave Front: NLTT 12758 - B",FALSE,GY_ONEOFF,,,,76492.39583,2109,TRUE,TRUE,FALSE,OneOFF_StarSystem,6,6,4,,,,,
OneOFF_StarSystem_1783,17840,Iota Cephei,"Star System No. 1,783 has now been reached by the Wave Front: Iota Cephei",FALSE,GY_ONEOFF,,,,76601.95,2109,TRUE,TRUE,FALSE,OneOFF_StarSystem,6,9,21,,,,,
OneOFF_StarSystem_1784,17850,Zeta Pictoris,"Star System No. 1,784 has now been reached by the Wave Front: Zeta Pictoris",FALSE,GY_ONEOFF,,,,77040.25,2110,TRUE,TRUE,FALSE,OneOFF_StarSystem,6,12,4,,,,,
OneOFF_StarSystem_1785,17860,HD 20781,"Star System No. 1,785 has now been reached by the Wave Front: HD 20781",FALSE,GY_ONEOFF,,,,77332.45,2111,TRUE,TRUE,FALSE,OneOFF_StarSystem,6,9,22,,,,,
OneOFF_StarSystem_1786,17870,HD 44120 - A,"Star System No. 1,786 has now been reached by the Wave Front: HD 44120 - A",FALSE,GY_ONEOFF,,,,77409.1525,2111,TRUE,TRUE,FALSE,OneOFF_StarSystem,6,12,8,,,,,
OneOFF_StarSystem_1787,17880,HD 44120 - B,"Star System No. 1,787 has now been reached by the Wave Front: HD 44120 - B",FALSE,GY_ONEOFF,,,,77409.17333,2111,TRUE,TRUE,FALSE,OneOFF_StarSystem,6,12,8,,,,,
OneOFF_StarSystem_1788,17890,2M1510 C (2MASS J15104761–2818234),"Star System No. 1,788 has now been reached by the Wave Front: 2M1510 C (2MASS J15104761–2818234)",FALSE,GY_ONEOFF,,,,77588.125,2112,TRUE,TRUE,FALSE,OneOFF_StarSystem,6,6,4,,,,,
OneOFF_StarSystem_1789,17900,Gamma Equulei,"Star System No. 1,789 has now been reached by the Wave Front: Gamma Equulei",FALSE,GY_ONEOFF,,,,77588.14583,2112,TRUE,TRUE,FALSE,OneOFF_StarSystem,6,6,4,,,,,
OneOFF_StarSystem_1790,17910,Phi Virginis (Elgafar),"Star System No. 1,790 has now been reached by the Wave Front: Phi Virginis (Elgafar)",FALSE,GY_ONEOFF,,,,77588.16667,2112,TRUE,TRUE,FALSE,OneOFF_StarSystem,6,6,4,,,,,
OneOFF_StarSystem_1791,17920,HD 7199 (Emiw),"Star System No. 1,791 has now been reached by the Wave Front: HD 7199 (Emiw)",FALSE,GY_ONEOFF,,,,77588.1875,2112,TRUE,TRUE,FALSE,OneOFF_StarSystem,6,6,4,,,,,
OneOFF_StarSystem_1792,17930,WD 1054–226 (LP 849-31),"Star System No. 1,792 has now been reached by the Wave Front: WD 1054–226 (LP 849-31)",FALSE,GY_ONEOFF,,,,77588.20833,2112,TRUE,TRUE,FALSE,OneOFF_StarSystem,6,6,4,,,,,
OneOFF_StarSystem_1793,17940,Kepler-444 - B,"Star System No. 1,793 has now been reached by the Wave Front: Kepler-444 - B",FALSE,GY_ONEOFF,,,,77624.65,2112,TRUE,TRUE,FALSE,OneOFF_StarSystem,6,7,10,,,,,
OneOFF_StarSystem_1794,17950,Kepler-444 - C,"Star System No. 1,794 has now been reached by the Wave Front: Kepler-444 - C",FALSE,GY_ONEOFF,,,,77624.67083,2112,TRUE,TRUE,FALSE,OneOFF_StarSystem,6,7,10,,,,,
OneOFF_StarSystem_1795,17960,Kepler-444 - A,"Star System No. 1,795 has now been reached by the Wave Front: Kepler-444 - A",FALSE,GY_ONEOFF,,,,78033.73,2113,TRUE,TRUE,FALSE,OneOFF_StarSystem,6,8,23,,,,,
OneOFF_StarSystem_1796,17970,Mu² Boötis - A,"Star System No. 1,796 has now been reached by the Wave Front: Mu² Boötis - A",FALSE,GY_ONEOFF,,,,78249.2275,2114,TRUE,TRUE,FALSE,OneOFF_StarSystem,6,3,27,,,,,
OneOFF_StarSystem_1797,17980,Mu² Boötis - B,"Star System No. 1,797 has now been reached by the Wave Front: Mu² Boötis - B",FALSE,GY_ONEOFF,,,,78263.8375,2114,TRUE,TRUE,FALSE,OneOFF_StarSystem,6,4,10,,,,,
OneOFF_StarSystem_1798,17990,2M1510 (2MASS J15104761–2818234) - A,"Star System No. 1,798 has now been reached by the Wave Front: 2M1510 (2MASS J15104761–2818234) - A",FALSE,GY_ONEOFF,,,,78318.625,2114,TRUE,TRUE,FALSE,OneOFF_StarSystem,6,6,4,,,,,
OneOFF_StarSystem_1799,18000,2M1510 (2MASS J15104761–2818234) - B,"Star System No. 1,799 has now been reached by the Wave Front: 2M1510 (2MASS J15104761–2818234) - B",FALSE,GY_ONEOFF,,,,78318.64583,2114,TRUE,TRUE,FALSE,OneOFF_StarSystem,6,6,4,,,,,
OneOFF_StarSystem_1800,18010,HD 141399,"Star System No. 1,800 has now been reached by the Wave Front: HD 141399",FALSE,GY_ONEOFF,,,,78629.0875,2115,TRUE,TRUE,FALSE,OneOFF_StarSystem,6,4,11,,,,,
OneOFF_StarSystem_1801,18020,Omicron¹ Eridani (Beid),"Star System No. 1,801 has now been reached by the Wave Front: Omicron¹ Eridani (Beid)",FALSE,GY_ONEOFF,,,,79049.125,2116,TRUE,TRUE,FALSE,OneOFF_StarSystem,6,6,4,,,,,
OneOFF_StarSystem_1802,18030,Mu Andromedae,"Star System No. 1,802 has now been reached by the Wave Front: Mu Andromedae",FALSE,GY_ONEOFF,,,,79049.14583,2116,TRUE,TRUE,FALSE,OneOFF_StarSystem,6,6,4,,,,,
OneOFF_StarSystem_1803,18040,HD 63454 (Ceibo),"Star System No. 1,803 has now been reached by the Wave Front: HD 63454 (Ceibo)",FALSE,GY_ONEOFF,,,,79352.2825,2117,TRUE,TRUE,FALSE,OneOFF_StarSystem,6,4,3,,,,,
OneOFF_StarSystem_1804,18050,WD 2317+1830,"Star System No. 1,804 has now been reached by the Wave Front: WD 2317+1830",FALSE,GY_ONEOFF,,,,79414.375,2117,TRUE,TRUE,FALSE,OneOFF_StarSystem,6,6,4,,,,,
OneOFF_StarSystem_1805,18060,Dubhe (Alpha Ursae Majoris) - A,"Star System No. 1,805 has now been reached by the Wave Front: Dubhe (Alpha Ursae Majoris) - A",FALSE,GY_ONEOFF,,,,79414.39583,2117,TRUE,TRUE,FALSE,OneOFF_StarSystem,6,6,4,,,,,
OneOFF_StarSystem_1806,18070,Dubhe (Alpha Ursae Majoris) - B,"Star System No. 1,806 has now been reached by the Wave Front: Dubhe (Alpha Ursae Majoris) - B",FALSE,GY_ONEOFF,,,,79414.41667,2117,TRUE,TRUE,FALSE,OneOFF_StarSystem,6,6,4,,,,,
OneOFF_StarSystem_1807,18080,Mu¹ Boötis (Alkalurops),"Star System No. 1,807 has now been reached by the Wave Front: Mu¹ Boötis (Alkalurops)",FALSE,GY_ONEOFF,,,,79414.4375,2117,TRUE,TRUE,FALSE,OneOFF_StarSystem,6,6,4,,,,,
OneOFF_StarSystem_1808,18090,HAT-P-11 (GSC 03561-02092/Kepler-3),"Star System No. 1,808 has now been reached by the Wave Front: HAT-P-11 (GSC 03561-02092/Kepler-3)",FALSE,GY_ONEOFF,,,,79567.78,2117,TRUE,TRUE,FALSE,OneOFF_StarSystem,6,11,4,,,,,
OneOFF_StarSystem_1809,18100,HD 117618 (Dofida),"Star System No. 1,809 has now been reached by the Wave Front: HD 117618 (Dofida)",FALSE,GY_ONEOFF,,,,79779.625,2118,TRUE,TRUE,FALSE,OneOFF_StarSystem,6,6,4,,,,,
OneOFF_StarSystem_1810,18110,HD 38283 (Bubup),"Star System No. 1,810 has now been reached by the Wave Front: HD 38283 (Bubup)",FALSE,GY_ONEOFF,,,,79808.845,2118,TRUE,TRUE,FALSE,OneOFF_StarSystem,6,7,3,,,,,
OneOFF_StarSystem_1811,18120,Mu Leonis (Rasalas),"Star System No. 1,811 has now been reached by the Wave Front: Mu Leonis (Rasalas)",FALSE,GY_ONEOFF,,,,79816.15,2118,TRUE,TRUE,FALSE,OneOFF_StarSystem,6,7,11,,,,,
OneOFF_StarSystem_1812,18130,K2-18 (EPIC 201912552),"Star System No. 1,812 has now been reached by the Wave Front: K2-18 (EPIC 201912552)",FALSE,GY_ONEOFF,,,,79889.2,2118,TRUE,TRUE,FALSE,OneOFF_StarSystem,6,9,22,,,,,
OneOFF_StarSystem_1813,18140,GJ 2126 (CD-35 11361),"Star System No. 1,813 has now been reached by the Wave Front: GJ 2126 (CD-35 11361)",FALSE,GY_ONEOFF,,,,79889.22083,2118,TRUE,TRUE,FALSE,OneOFF_StarSystem,6,9,22,,,,,
OneOFF_StarSystem_1814,18150,Alpha Coronae Australis (Meridiana),"Star System No. 1,814 has now been reached by the Wave Front: Alpha Coronae Australis (Meridiana)",FALSE,GY_ONEOFF,,,,80144.875,2119,TRUE,TRUE,FALSE,OneOFF_StarSystem,6,6,4,,,,,
OneOFF_StarSystem_1815,18160,Iota Crucis,"Star System No. 1,815 has now been reached by the Wave Front: Iota Crucis",FALSE,GY_ONEOFF,,,,80144.89583,2119,TRUE,TRUE,FALSE,OneOFF_StarSystem,6,6,4,,,,,
OneOFF_StarSystem_1816,18170,HD 89744 - B,"Star System No. 1,816 has now been reached by the Wave Front: HD 89744 - B",FALSE,GY_ONEOFF,,,,80144.91667,2119,TRUE,TRUE,FALSE,OneOFF_StarSystem,6,6,4,,,,,
OneOFF_StarSystem_1817,18180,HD 89744 - A,"Star System No. 1,817 has now been reached by the Wave Front: HD 89744 - A",FALSE,GY_ONEOFF,,,,80437.075,2120,TRUE,TRUE,FALSE,OneOFF_StarSystem,6,3,23,,,,,
OneOFF_StarSystem_1818,18190,G Scorpii (Fuyue),"Star System No. 1,818 has now been reached by the Wave Front: G Scorpii (Fuyue)",FALSE,GY_ONEOFF,,,,80437.09583,2120,TRUE,TRUE,FALSE,OneOFF_StarSystem,6,3,23,,,,,
OneOFF_StarSystem_1819,18200,TOI-6478,"Star System No. 1,819 has now been reached by the Wave Front: TOI-6478",FALSE,GY_ONEOFF,,,,80484.5575,2120,TRUE,TRUE,FALSE,OneOFF_StarSystem,6,5,9,,,,,
OneOFF_StarSystem_1820,18210,HD 31527,"Star System No. 1,820 has now been reached by the Wave Front: HD 31527",FALSE,GY_ONEOFF,,,,80510.125,2120,TRUE,TRUE,FALSE,OneOFF_StarSystem,6,6,4,,,,,
OneOFF_StarSystem_1821,18220,HD 108147 (Tupã),"Star System No. 1,821 has now been reached by the Wave Front: HD 108147 (Tupã)",FALSE,GY_ONEOFF,,,,80736.58,2121,TRUE,TRUE,FALSE,OneOFF_StarSystem,6,1,16,,,,,
OneOFF_StarSystem_1822,18230,HD 10180 (2MASS J01375356-6030414),"Star System No. 1,822 has now been reached by the Wave Front: HD 10180 (2MASS J01375356-6030414)",FALSE,GY_ONEOFF,,,,80911.9,2121,TRUE,TRUE,FALSE,OneOFF_StarSystem,6,7,10,,,,,
OneOFF_StarSystem_1823,18240,HD 23472,"Star System No. 1,823 has now been reached by the Wave Front: HD 23472",FALSE,GY_ONEOFF,,,,81050.695,2121,TRUE,TRUE,FALSE,OneOFF_StarSystem,6,11,26,,,,,
OneOFF_StarSystem_1824,18250,HD 28185,"Star System No. 1,824 has now been reached by the Wave Front: HD 28185",FALSE,GY_ONEOFF,,,,81240.625,2122,TRUE,TRUE,FALSE,OneOFF_StarSystem,6,6,4,,,,,
OneOFF_StarSystem_1825,18260,HD 102117 (Uklun),"Star System No. 1,825 has now been reached by the Wave Front: HD 102117 (Uklun)",FALSE,GY_ONEOFF,,,,81478.0375,2123,TRUE,TRUE,FALSE,OneOFF_StarSystem,6,1,28,,,,,
OneOFF_StarSystem_1826,18270,WD 0343+247,"Star System No. 1,826 has now been reached by the Wave Front: WD 0343+247",FALSE,GY_ONEOFF,,,,81605.875,2123,TRUE,TRUE,FALSE,OneOFF_StarSystem,6,6,4,,,,,
OneOFF_StarSystem_1827,18280,Epsilon Hydrae (Ashlesha) - A,"Star System No. 1,827 has now been reached by the Wave Front: Epsilon Hydrae (Ashlesha) - A",FALSE,GY_ONEOFF,,,,81605.89583,2123,TRUE,TRUE,FALSE,OneOFF_StarSystem,6,6,4,,,,,
OneOFF_StarSystem_1828,18290,Epsilon Hydrae (Ashlesha) - B,"Star System No. 1,828 has now been reached by the Wave Front: Epsilon Hydrae (Ashlesha) - B",FALSE,GY_ONEOFF,,,,81605.91667,2123,TRUE,TRUE,FALSE,OneOFF_StarSystem,6,6,4,,,,,
OneOFF_StarSystem_1829,18300,Epsilon Hydrae (Ashlesha) - C,"Star System No. 1,829 has now been reached by the Wave Front: Epsilon Hydrae (Ashlesha) - C",FALSE,GY_ONEOFF,,,,81605.9375,2123,TRUE,TRUE,FALSE,OneOFF_StarSystem,6,6,4,,,,,
OneOFF_StarSystem_1830,18310,Gamma Centauri (Muhlifain) - A,"Star System No. 1,830 has now been reached by the Wave Front: Gamma Centauri (Muhlifain) - A",FALSE,GY_ONEOFF,,,,81971.125,2124,TRUE,TRUE,FALSE,OneOFF_StarSystem,6,6,4,,,,,
OneOFF_StarSystem_1831,18320,Gamma Centauri (Muhlifain) - B,"Star System No. 1,831 has now been reached by the Wave Front: Gamma Centauri (Muhlifain) - B",FALSE,GY_ONEOFF,,,,81971.14583,2124,TRUE,TRUE,FALSE,OneOFF_StarSystem,6,6,4,,,,,
OneOFF_StarSystem_1832,18330,Gamma Leonis (Algieba) - A,"Star System No. 1,832 has now been reached by the Wave Front: Gamma Leonis (Algieba) - A",FALSE,GY_ONEOFF,,,,81971.16667,2124,TRUE,TRUE,FALSE,OneOFF_StarSystem,6,6,4,,,,,
OneOFF_StarSystem_1833,18340,Gamma Leonis (Algieba) - B,"Star System No. 1,833 has now been reached by the Wave Front: Gamma Leonis (Algieba) - B",FALSE,GY_ONEOFF,,,,81971.1875,2124,TRUE,TRUE,FALSE,OneOFF_StarSystem,6,6,4,,,,,
OneOFF_StarSystem_1834,18350,HD 164604 (Pincoya),"Star System No. 1,834 has now been reached by the Wave Front: HD 164604 (Pincoya)",FALSE,GY_ONEOFF,,,,82153.75,2124,TRUE,TRUE,FALSE,OneOFF_StarSystem,6,12,3,,,,,
OneOFF_StarSystem_1835,18360,Kepler-42 (KOI-961),"Star System No. 1,835 has now been reached by the Wave Front: Kepler-42 (KOI-961)",FALSE,GY_ONEOFF,,,,82263.325,2125,TRUE,TRUE,FALSE,OneOFF_StarSystem,6,3,23,,,,,
OneOFF_StarSystem_1836,18370,Beta Ursae Minoris (Kochab),"Star System No. 1,836 has now been reached by the Wave Front: Beta Ursae Minoris (Kochab)",FALSE,GY_ONEOFF,,,,82299.85,2125,TRUE,TRUE,FALSE,OneOFF_StarSystem,6,4,28,,,,,
OneOFF_StarSystem_1837,18380,Omega¹ Aquarii - A,"Star System No. 1,837 has now been reached by the Wave Front: Omega¹ Aquarii - A",FALSE,GY_ONEOFF,,,,82336.375,2125,TRUE,TRUE,FALSE,OneOFF_StarSystem,6,6,4,,,,,
OneOFF_StarSystem_1838,18390,Omega¹ Aquarii - B,"Star System No. 1,838 has now been reached by the Wave Front: Omega¹ Aquarii - B",FALSE,GY_ONEOFF,,,,82336.39583,2125,TRUE,TRUE,FALSE,OneOFF_StarSystem,6,6,4,,,,,
OneOFF_StarSystem_1839,18400,Tau Centauri,"Star System No. 1,839 has now been reached by the Wave Front: Tau Centauri",FALSE,GY_ONEOFF,,,,82336.41667,2125,TRUE,TRUE,FALSE,OneOFF_StarSystem,6,6,4,,,,,
OneOFF_StarSystem_1840,18410,HD 137388 (Karaka),"Star System No. 1,840 has now been reached by the Wave Front: HD 137388 (Karaka)",FALSE,GY_ONEOFF,,,,82774.675,2126,TRUE,TRUE,FALSE,OneOFF_StarSystem,6,8,16,,,,,
OneOFF_StarSystem_1841,18420,83 Cancri - A,"Star System No. 1,841 has now been reached by the Wave Front: 83 Cancri - A",FALSE,GY_ONEOFF,,,,82993.825,2127,TRUE,TRUE,FALSE,OneOFF_StarSystem,6,3,23,,,,,
OneOFF_StarSystem_1842,18430,83 Cancri - B,"Star System No. 1,842 has now been reached by the Wave Front: 83 Cancri - B",FALSE,GY_ONEOFF,,,,82993.84583,2127,TRUE,TRUE,FALSE,OneOFF_StarSystem,6,3,23,,,,,
OneOFF_StarSystem_1843,18440,Alpha Pegasi (Markab),"Star System No. 1,843 has now been reached by the Wave Front: Alpha Pegasi (Markab)",FALSE,GY_ONEOFF,,,,83066.875,2127,TRUE,TRUE,FALSE,OneOFF_StarSystem,6,6,4,,,,,
OneOFF_StarSystem_1844,18450,Theta² Serpentis,"Star System No. 1,844 has now been reached by the Wave Front: Theta² Serpentis",FALSE,GY_ONEOFF,,,,83066.89583,2127,TRUE,TRUE,FALSE,OneOFF_StarSystem,6,6,4,,,,,
OneOFF_StarSystem_1845,18460,HD 83443 (Kalausi),"Star System No. 1,845 has now been reached by the Wave Front: HD 83443 (Kalausi)",FALSE,GY_ONEOFF,,,,83154.535,2127,TRUE,TRUE,FALSE,OneOFF_StarSystem,6,8,31,,,,,
OneOFF_StarSystem_1846,18470,HR 8799 (V342 Pegasi),"Star System No. 1,846 has now been reached by the Wave Front: HR 8799 (V342 Pegasi)",FALSE,GY_ONEOFF,,,,83176.45,2127,TRUE,TRUE,FALSE,OneOFF_StarSystem,6,9,22,,,,,
OneOFF_StarSystem_1847,18480,Omicron Leonis (Subra) - A,"Star System No. 1,847 has now been reached by the Wave Front: Omicron Leonis (Subra) - A",FALSE,GY_ONEOFF,,,,83260.4575,2127,TRUE,TRUE,FALSE,OneOFF_StarSystem,6,12,15,,,,,
OneOFF_StarSystem_1848,18490,Omicron Leonis (Subra) - B,"Star System No. 1,848 has now been reached by the Wave Front: Omicron Leonis (Subra) - B",FALSE,GY_ONEOFF,,,,83260.47833,2127,TRUE,TRUE,FALSE,OneOFF_StarSystem,6,12,15,,,,,
OneOFF_StarSystem_1849,18500,Beta² Sagittarii (Arkab Posterior),"Star System No. 1,849 has now been reached by the Wave Front: Beta² Sagittarii (Arkab Posterior)",FALSE,GY_ONEOFF,,,,83432.125,2128,TRUE,TRUE,FALSE,OneOFF_StarSystem,6,6,4,,,,,
OneOFF_StarSystem_1850,18510,Beta Tauri (Elnath),"Star System No. 1,850 has now been reached by the Wave Front: Beta Tauri (Elnath)",FALSE,GY_ONEOFF,,,,83432.14583,2128,TRUE,TRUE,FALSE,OneOFF_StarSystem,6,6,4,,,,,
OneOFF_StarSystem_1851,18520,Theta¹ Serpentis (Alya),"Star System No. 1,851 has now been reached by the Wave Front: Theta¹ Serpentis (Alya)",FALSE,GY_ONEOFF,,,,83578.225,2128,TRUE,TRUE,FALSE,OneOFF_StarSystem,6,10,28,,,,,
OneOFF_StarSystem_1852,18530,HD 285507,"Star System No. 1,852 has now been reached by the Wave Front: HD 285507",FALSE,GY_ONEOFF,,,,83797.375,2129,TRUE,TRUE,FALSE,OneOFF_StarSystem,6,6,4,,,,,
OneOFF_StarSystem_1853,18540,ZTF J1901+1458,"Star System No. 1,853 has now been reached by the Wave Front: ZTF J1901+1458",FALSE,GY_ONEOFF,,,,83797.39583,2129,TRUE,TRUE,FALSE,OneOFF_StarSystem,6,6,4,,,,,
OneOFF_StarSystem_1854,18550,HD 168746 (Alasia),"Star System No. 1,854 has now been reached by the Wave Front: HD 168746 (Alasia)",FALSE,GY_ONEOFF,,,,84162.625,2130,TRUE,TRUE,FALSE,OneOFF_StarSystem,6,6,4,,,,,
OneOFF_StarSystem_1855,18560,Delta Cancri (Asellus Australis),"Star System No. 1,855 has now been reached by the Wave Front: Delta Cancri (Asellus Australis)",FALSE,GY_ONEOFF,,,,84527.875,2131,TRUE,TRUE,FALSE,OneOFF_StarSystem,6,6,4,,,,,
OneOFF_StarSystem_1856,18570,Eta Eridani (Azha),"Star System No. 1,856 has now been reached by the Wave Front: Eta Eridani (Azha)",FALSE,GY_ONEOFF,,,,84527.89583,2131,TRUE,TRUE,FALSE,OneOFF_StarSystem,6,6,4,,,,,
OneOFF_StarSystem_1857,18580,HD 6434 (Nenque),"Star System No. 1,857 has now been reached by the Wave Front: HD 6434 (Nenque)",FALSE,GY_ONEOFF,,,,84820.075,2132,TRUE,TRUE,FALSE,OneOFF_StarSystem,6,3,23,,,,,
OneOFF_StarSystem_1858,18590,HD 108570,"Star System No. 1,858 has now been reached by the Wave Front: HD 108570",FALSE,GY_ONEOFF,,,,84893.125,2132,TRUE,TRUE,FALSE,OneOFF_StarSystem,6,6,4,,,,,
OneOFF_StarSystem_1859,18600,Lambda Ursae Majoris (Tania Borealis),"Star System No. 1,859 has now been reached by the Wave Front: Lambda Ursae Majoris (Tania Borealis)",FALSE,GY_ONEOFF,,,,84893.14583,2132,TRUE,TRUE,FALSE,OneOFF_StarSystem,6,6,4,,,,,
OneOFF_StarSystem_1860,18610,AR Lacertae - A,"Star System No. 1,860 has now been reached by the Wave Front: AR Lacertae - A",FALSE,GY_ONEOFF,,,,85112.275,2133,TRUE,TRUE,FALSE,OneOFF_StarSystem,6,1,9,,,,,
OneOFF_StarSystem_1861,18620,AR Lacertae - B,"Star System No. 1,861 has now been reached by the Wave Front: AR Lacertae - B",FALSE,GY_ONEOFF,,,,85112.29583,2133,TRUE,TRUE,FALSE,OneOFF_StarSystem,6,1,9,,,,,
OneOFF_StarSystem_1862,18630,AR Lacertae - C,"Star System No. 1,862 has now been reached by the Wave Front: AR Lacertae - C",FALSE,GY_ONEOFF,,,,85112.31667,2133,TRUE,TRUE,FALSE,OneOFF_StarSystem,6,1,9,,,,,
OneOFF_StarSystem_1863,18640,56 Persei - A,"Star System No. 1,863 has now been reached by the Wave Front: 56 Persei - A",FALSE,GY_ONEOFF,,,,85148.8,2133,TRUE,TRUE,FALSE,OneOFF_StarSystem,6,2,14,,,,,
OneOFF_StarSystem_1864,18650,56 Persei - B,"Star System No. 1,864 has now been reached by the Wave Front: 56 Persei - B",FALSE,GY_ONEOFF,,,,85148.82083,2133,TRUE,TRUE,FALSE,OneOFF_StarSystem,6,2,14,,,,,
OneOFF_StarSystem_1865,18660,56 Persei - C,"Star System No. 1,865 has now been reached by the Wave Front: 56 Persei - C",FALSE,GY_ONEOFF,,,,85148.84167,2133,TRUE,TRUE,FALSE,OneOFF_StarSystem,6,2,14,,,,,
OneOFF_StarSystem_1866,18670,Beta Herculis (Kornephoros),"Star System No. 1,866 has now been reached by the Wave Front: Beta Herculis (Kornephoros)",FALSE,GY_ONEOFF,,,,85258.375,2133,TRUE,TRUE,FALSE,OneOFF_StarSystem,6,6,4,,,,,
OneOFF_StarSystem_1867,18680,Achernar (Alpha Eridani) - A,"Star System No. 1,867 has now been reached by the Wave Front: Achernar (Alpha Eridani) - A",FALSE,GY_ONEOFF,,,,85258.39583,2133,TRUE,TRUE,FALSE,OneOFF_StarSystem,6,6,4,,,,,
OneOFF_StarSystem_1868,18690,Achernar (Alpha Eridani) - B,"Star System No. 1,868 has now been reached by the Wave Front: Achernar (Alpha Eridani) - B",FALSE,GY_ONEOFF,,,,85258.41667,2133,TRUE,TRUE,FALSE,OneOFF_StarSystem,6,6,4,,,,,
OneOFF_StarSystem_1869,18700,HD 49674 (Nervia),"Star System No. 1,869 has now been reached by the Wave Front: HD 49674 (Nervia)",FALSE,GY_ONEOFF,,,,85587.1,2134,TRUE,TRUE,FALSE,OneOFF_StarSystem,6,4,29,,,,,
OneOFF_StarSystem_1870,18710,2MASS J01375879−5645447,"Star System No. 1,870 has now been reached by the Wave Front: 2MASS J01375879−5645447",FALSE,GY_ONEOFF,,,,85623.625,2134,TRUE,TRUE,FALSE,OneOFF_StarSystem,6,6,4,,,,,
OneOFF_StarSystem_1871,18720,Beta¹ Tucanae,"Star System No. 1,871 has now been reached by the Wave Front: Beta¹ Tucanae",FALSE,GY_ONEOFF,,,,85623.64583,2134,TRUE,TRUE,FALSE,OneOFF_StarSystem,6,6,4,,,,,
OneOFF_StarSystem_1872,18730,Sigma Andromedae,"Star System No. 1,872 has now been reached by the Wave Front: Sigma Andromedae",FALSE,GY_ONEOFF,,,,85623.66667,2134,TRUE,TRUE,FALSE,OneOFF_StarSystem,6,6,4,,,,,
OneOFF_StarSystem_1873,18740,BD+05 4868 B,"Star System No. 1,873 has now been reached by the Wave Front: BD+05 4868 B",FALSE,GY_ONEOFF,,,,85915.825,2135,TRUE,TRUE,FALSE,OneOFF_StarSystem,6,3,23,,,,,
OneOFF_StarSystem_1874,18750,HD 93385,"Star System No. 1,874 has now been reached by the Wave Front: HD 93385",FALSE,GY_ONEOFF,,,,85952.35,2135,TRUE,TRUE,FALSE,OneOFF_StarSystem,6,4,29,,,,,
OneOFF_StarSystem_1875,18760,Kappa Geminorum,"Star System No. 1,875 has now been reached by the Wave Front: Kappa Geminorum",FALSE,GY_ONEOFF,,,,85988.875,2135,TRUE,TRUE,FALSE,OneOFF_StarSystem,6,6,4,,,,,
OneOFF_StarSystem_1876,18770,BD+05 4868 A,"Star System No. 1,876 has now been reached by the Wave Front: BD+05 4868 A",FALSE,GY_ONEOFF,,,,86427.175,2136,TRUE,TRUE,FALSE,OneOFF_StarSystem,6,8,16,,,,,
OneOFF_StarSystem_1877,18780,Eta Apodis,"Star System No. 1,877 has now been reached by the Wave Front: Eta Apodis",FALSE,GY_ONEOFF,,,,86463.7,2136,TRUE,TRUE,FALSE,OneOFF_StarSystem,6,9,21,,,,,
OneOFF_StarSystem_1878,18790,HD 27894,"Star System No. 1,878 has now been reached by the Wave Front: HD 27894",FALSE,GY_ONEOFF,,,,86536.75,2136,TRUE,TRUE,FALSE,OneOFF_StarSystem,6,12,3,,,,,
OneOFF_StarSystem_1879,18800,TOI-4364,"Star System No. 1,879 has now been reached by the Wave Front: TOI-4364",FALSE,GY_ONEOFF,,,,86719.375,2137,TRUE,TRUE,FALSE,OneOFF_StarSystem,6,6,4,,,,,
OneOFF_StarSystem_1880,18810,Epsilon Sagittarii (Kaus Australis),"Star System No. 1,880 has now been reached by the Wave Front: Epsilon Sagittarii (Kaus Australis)",FALSE,GY_ONEOFF,,,,86719.39583,2137,TRUE,TRUE,FALSE,OneOFF_StarSystem,6,6,4,,,,,
OneOFF_StarSystem_1881,18820,K2-3 (EPIC 201367065),"Star System No. 1,881 has now been reached by the Wave Front: K2-3 (EPIC 201367065)",FALSE,GY_ONEOFF,,,,86865.475,2137,TRUE,TRUE,FALSE,OneOFF_StarSystem,6,10,28,,,,,
OneOFF_StarSystem_1882,18830,DS Tucanae (HD 222259) - B,"Star System No. 1,882 has now been reached by the Wave Front: DS Tucanae (HD 222259) - B",FALSE,GY_ONEOFF,,,,87077.32,2138,TRUE,TRUE,FALSE,OneOFF_StarSystem,6,5,28,,,,,
OneOFF_StarSystem_1883,18840,DS Tucanae (HD 222259) - A,"Star System No. 1,883 has now been reached by the Wave Front: DS Tucanae (HD 222259) - A",FALSE,GY_ONEOFF,,,,87113.845,2138,TRUE,TRUE,FALSE,OneOFF_StarSystem,6,7,3,,,,,
OneOFF_StarSystem_1884,18850,90 Tauri,"Star System No. 1,884 has now been reached by the Wave Front: 90 Tauri",FALSE,GY_ONEOFF,,,,87084.625,2138,TRUE,TRUE,FALSE,OneOFF_StarSystem,6,6,4,,,,,
OneOFF_StarSystem_1885,18860,HD 57625,"Star System No. 1,885 has now been reached by the Wave Front: HD 57625",FALSE,GY_ONEOFF,,,,87194.2,2138,TRUE,TRUE,FALSE,OneOFF_StarSystem,6,9,22,,,,,
OneOFF_StarSystem_1886,18870,Alpha Octantis - A,"Star System No. 1,886 has now been reached by the Wave Front: Alpha Octantis - A",FALSE,GY_ONEOFF,,,,87376.825,2139,TRUE,TRUE,FALSE,OneOFF_StarSystem,6,3,23,,,,,
OneOFF_StarSystem_1887,18880,Alpha Octantis - B,"Star System No. 1,887 has now been reached by the Wave Front: Alpha Octantis - B",FALSE,GY_ONEOFF,,,,87376.84583,2139,TRUE,TRUE,FALSE,OneOFF_StarSystem,6,3,23,,,,,
OneOFF_StarSystem_1888,18890,LSPM J0207+3331,"Star System No. 1,888 has now been reached by the Wave Front: LSPM J0207+3331",FALSE,GY_ONEOFF,,,,87449.875,2139,TRUE,TRUE,FALSE,OneOFF_StarSystem,6,6,4,,,,,
OneOFF_StarSystem_1889,18900,Theta Sagittae - B,"Star System No. 1,889 has now been reached by the Wave Front: Theta Sagittae - B",FALSE,GY_ONEOFF,,,,87621.5425,2139,TRUE,TRUE,FALSE,OneOFF_StarSystem,6,11,23,,,,,
OneOFF_StarSystem_1890,18910,Theta Sagittae - A,"Star System No. 1,890 has now been reached by the Wave Front: Theta Sagittae - A",FALSE,GY_ONEOFF,,,,87705.55,2140,TRUE,TRUE,FALSE,OneOFF_StarSystem,6,2,15,,,,,
OneOFF_StarSystem_1891,18920,K2-25,"Star System No. 1,891 has now been reached by the Wave Front: K2-25",FALSE,GY_ONEOFF,,,,87778.6,2140,TRUE,TRUE,FALSE,OneOFF_StarSystem,6,4,28,,,,,
OneOFF_StarSystem_1892,18930,Epsilon Tauri (Ain),"Star System No. 1,892 has now been reached by the Wave Front: Epsilon Tauri (Ain)",FALSE,GY_ONEOFF,,,,87815.125,2140,TRUE,TRUE,FALSE,OneOFF_StarSystem,6,6,4,,,,,
OneOFF_StarSystem_1893,18940,Beta Corvi (Kraz),"Star System No. 1,893 has now been reached by the Wave Front: Beta Corvi (Kraz)",FALSE,GY_ONEOFF,,,,87815.14583,2140,TRUE,TRUE,FALSE,OneOFF_StarSystem,6,6,4,,,,,
OneOFF_StarSystem_1894,18950,71 Tauri,"Star System No. 1,894 has now been reached by the Wave Front: 71 Tauri",FALSE,GY_ONEOFF,,,,87815.16667,2140,TRUE,TRUE,FALSE,OneOFF_StarSystem,6,6,4,,,,,
OneOFF_StarSystem_1895,18960,HD 8574 (Bélénos),"Star System No. 1,895 has now been reached by the Wave Front: HD 8574 (Bélénos)",FALSE,GY_ONEOFF,,,,87888.175,2140,TRUE,TRUE,FALSE,OneOFF_StarSystem,6,8,16,,,,,
OneOFF_StarSystem_1896,18970,HD 208487 (Itonda),"Star System No. 1,896 has now been reached by the Wave Front: HD 208487 (Itonda)",FALSE,GY_ONEOFF,,,,87997.75,2140,TRUE,TRUE,FALSE,OneOFF_StarSystem,6,12,3,,,,,
OneOFF_StarSystem_1897,18980,91 Aquarii (Psi¹ Aquarii),"Star System No. 1,897 has now been reached by the Wave Front: 91 Aquarii (Psi¹ Aquarii)",FALSE,GY_ONEOFF,,,,88399.525,2142,TRUE,TRUE,FALSE,OneOFF_StarSystem,6,1,9,,,,,
OneOFF_StarSystem_1898,18990,Kappa² Tauri,"Star System No. 1,898 has now been reached by the Wave Front: Kappa² Tauri",FALSE,GY_ONEOFF,,,,88545.625,2142,TRUE,TRUE,FALSE,OneOFF_StarSystem,6,6,4,,,,,
OneOFF_StarSystem_1899,19000,Beta Octantis,"Star System No. 1,899 has now been reached by the Wave Front: Beta Octantis",FALSE,GY_ONEOFF,,,,88910.875,2143,TRUE,TRUE,FALSE,OneOFF_StarSystem,6,6,4,,,,,
OneOFF_StarSystem_1900,19010,Delta³ Tauri,"Star System No. 1,900 has now been reached by the Wave Front: Delta³ Tauri",FALSE,GY_ONEOFF,,,,88910.89583,2143,TRUE,TRUE,FALSE,OneOFF_StarSystem,6,6,4,,,,,
OneOFF_StarSystem_1901,19020,GD 61,"Star System No. 1,901 has now been reached by the Wave Front: GD 61",FALSE,GY_ONEOFF,,,,89276.125,2144,TRUE,TRUE,FALSE,OneOFF_StarSystem,6,6,4,,,,,
OneOFF_StarSystem_1902,19030,GD 362,"Star System No. 1,902 has now been reached by the Wave Front: GD 362",FALSE,GY_ONEOFF,,,,89276.14583,2144,TRUE,TRUE,FALSE,OneOFF_StarSystem,6,6,4,,,,,
OneOFF_StarSystem_1903,19040,Beta³ Tucanae,"Star System No. 1,903 has now been reached by the Wave Front: Beta³ Tucanae",FALSE,GY_ONEOFF,,,,89422.225,2144,TRUE,TRUE,FALSE,OneOFF_StarSystem,6,10,28,,,,,
OneOFF_StarSystem_1904,19050,HD 34445,"Star System No. 1,904 has now been reached by the Wave Front: HD 34445",FALSE,GY_ONEOFF,,,,89458.75,2144,TRUE,TRUE,FALSE,OneOFF_StarSystem,6,12,3,,,,,
OneOFF_StarSystem_1905,19060,GD 1400 (WD 0145-221) - A,"Star System No. 1,905 has now been reached by the Wave Front: GD 1400 (WD 0145-221) - A",FALSE,GY_ONEOFF,,,,89641.375,2145,TRUE,TRUE,FALSE,OneOFF_StarSystem,6,6,4,,,,,
OneOFF_StarSystem_1906,19070,GD 1400 (WD 0145-221) - B,"Star System No. 1,906 has now been reached by the Wave Front: GD 1400 (WD 0145-221) - B",FALSE,GY_ONEOFF,,,,89641.39583,2145,TRUE,TRUE,FALSE,OneOFF_StarSystem,6,6,4,,,,,
OneOFF_StarSystem_1907,19080,HD 27482,"Star System No. 1,907 has now been reached by the Wave Front: HD 27482",FALSE,GY_ONEOFF,,,,89641.41667,2145,TRUE,TRUE,FALSE,OneOFF_StarSystem,6,6,4,,,,,
OneOFF_StarSystem_1908,19090,HD 109492,"Star System No. 1,908 has now been reached by the Wave Front: HD 109492",FALSE,GY_ONEOFF,,,,89641.4375,2145,TRUE,TRUE,FALSE,OneOFF_StarSystem,6,6,4,,,,,
OneOFF_StarSystem_1909,19100,HD 188753 - A,"Star System No. 1,909 has now been reached by the Wave Front: HD 188753 - A",FALSE,GY_ONEOFF,,,,89641.45833,2145,TRUE,TRUE,FALSE,OneOFF_StarSystem,6,6,4,,,,,
OneOFF_StarSystem_1910,19110,HD 188753 - B,"Star System No. 1,910 has now been reached by the Wave Front: HD 188753 - B",FALSE,GY_ONEOFF,,,,89641.47917,2145,TRUE,TRUE,FALSE,OneOFF_StarSystem,6,6,4,,,,,
OneOFF_StarSystem_1911,19120,HD 188753 - C,"Star System No. 1,911 has now been reached by the Wave Front: HD 188753 - C",FALSE,GY_ONEOFF,,,,89641.5,2145,TRUE,TRUE,FALSE,OneOFF_StarSystem,6,6,4,,,,,
OneOFF_StarSystem_1912,19130,Alpha Piscium (Alrescha) - A,"Star System No. 1,912 has now been reached by the Wave Front: Alpha Piscium (Alrescha) - A",FALSE,GY_ONEOFF,,,,89641.52083,2145,TRUE,TRUE,FALSE,OneOFF_StarSystem,6,6,4,,,,,
OneOFF_StarSystem_1913,19140,Alpha Piscium (Alrescha) - B,"Star System No. 1,913 has now been reached by the Wave Front: Alpha Piscium (Alrescha) - B",FALSE,GY_ONEOFF,,,,89641.54167,2145,TRUE,TRUE,FALSE,OneOFF_StarSystem,6,6,4,,,,,
OneOFF_StarSystem_1914,19150,HD 50499,"Star System No. 1,914 has now been reached by the Wave Front: HD 50499",FALSE,GY_ONEOFF,,,,89714.425,2145,TRUE,TRUE,FALSE,OneOFF_StarSystem,6,8,16,,,,,
OneOFF_StarSystem_1915,19160,Epsilon Hydri,"Star System No. 1,915 has now been reached by the Wave Front: Epsilon Hydri",FALSE,GY_ONEOFF,,,,89933.575,2146,TRUE,TRUE,FALSE,OneOFF_StarSystem,6,3,23,,,,,
OneOFF_StarSystem_1916,19170,Theta¹ Tauri,"Star System No. 1,916 has now been reached by the Wave Front: Theta¹ Tauri",FALSE,GY_ONEOFF,,,,90006.625,2146,TRUE,TRUE,FALSE,OneOFF_StarSystem,6,6,4,,,,,
OneOFF_StarSystem_1917,19180,Epsilon Draconis B,"Star System No. 1,917 has now been reached by the Wave Front: Epsilon Draconis B",FALSE,GY_ONEOFF,,,,90189.25,2146,TRUE,TRUE,FALSE,OneOFF_StarSystem,6,12,4,,,,,
OneOFF_StarSystem_1918,19190,Gamma Apodis,"Star System No. 1,918 has now been reached by the Wave Front: Gamma Apodis",FALSE,GY_ONEOFF,,,,90371.875,2147,TRUE,TRUE,FALSE,OneOFF_StarSystem,6,6,4,,,,,
OneOFF_StarSystem_1919,19200,Epsilon Draconis A,"Star System No. 1,919 has now been reached by the Wave Front: Epsilon Draconis A",FALSE,GY_ONEOFF,,,,90371.89583,2147,TRUE,TRUE,FALSE,OneOFF_StarSystem,6,6,4,,,,,
OneOFF_StarSystem_1920,19210,HD 45350 (Lucilinburhuc),"Star System No. 1,920 has now been reached by the Wave Front: HD 45350 (Lucilinburhuc)",FALSE,GY_ONEOFF,,,,90444.925,2147,TRUE,TRUE,FALSE,OneOFF_StarSystem,6,8,16,,,,,
OneOFF_StarSystem_1921,19220,Phi Eridani,"Star System No. 1,921 has now been reached by the Wave Front: Phi Eridani",FALSE,GY_ONEOFF,,,,90627.55,2148,TRUE,TRUE,FALSE,OneOFF_StarSystem,6,2,15,,,,,
OneOFF_StarSystem_1922,19230,IK Pegasi (HR 8210) - A,"Star System No. 1,922 has now been reached by the Wave Front: IK Pegasi (HR 8210) - A",FALSE,GY_ONEOFF,,,,90737.125,2148,TRUE,TRUE,FALSE,OneOFF_StarSystem,6,6,4,,,,,
OneOFF_StarSystem_1923,19240,IK Pegasi (HR 8210) - B,"Star System No. 1,923 has now been reached by the Wave Front: IK Pegasi (HR 8210) - B",FALSE,GY_ONEOFF,,,,90737.14583,2148,TRUE,TRUE,FALSE,OneOFF_StarSystem,6,6,4,,,,,
OneOFF_StarSystem_1924,19250,Gamma Corvi (Gienah),"Star System No. 1,924 has now been reached by the Wave Front: Gamma Corvi (Gienah)",FALSE,GY_ONEOFF,,,,90737.16667,2148,TRUE,TRUE,FALSE,OneOFF_StarSystem,6,6,4,,,,,
OneOFF_StarSystem_1925,19260,Kappa¹ Tauri,"Star System No. 1,925 has now been reached by the Wave Front: Kappa¹ Tauri",FALSE,GY_ONEOFF,,,,90737.1875,2148,TRUE,TRUE,FALSE,OneOFF_StarSystem,6,6,4,,,,,
OneOFF_StarSystem_1926,19270,Upsilon Tauri,"Star System No. 1,926 has now been reached by the Wave Front: Upsilon Tauri",FALSE,GY_ONEOFF,,,,90737.20833,2148,TRUE,TRUE,FALSE,OneOFF_StarSystem,6,6,4,,,,,
OneOFF_StarSystem_1927,19280,Gamma Tauri (Prima Hyadum),"Star System No. 1,927 has now been reached by the Wave Front: Gamma Tauri (Prima Hyadum)",FALSE,GY_ONEOFF,,,,90737.22917,2148,TRUE,TRUE,FALSE,OneOFF_StarSystem,6,6,4,,,,,
OneOFF_StarSystem_1928,19290,Delorme 1 - A,"Star System No. 1,928 has now been reached by the Wave Front: Delorme 1 - A",FALSE,GY_ONEOFF,,,,90737.25,2148,TRUE,TRUE,FALSE,OneOFF_StarSystem,6,6,4,,,,,
OneOFF_StarSystem_1929,19300,Delorme 1 - B,"Star System No. 1,929 has now been reached by the Wave Front: Delorme 1 - B",FALSE,GY_ONEOFF,,,,90737.27083,2148,TRUE,TRUE,FALSE,OneOFF_StarSystem,6,6,4,,,,,
OneOFF_StarSystem_1930,19310,Delorme 1 - C,"Star System No. 1,930 has now been reached by the Wave Front: Delorme 1 - C",FALSE,GY_ONEOFF,,,,90737.29167,2148,TRUE,TRUE,FALSE,OneOFF_StarSystem,6,6,4,,,,,
OneOFF_StarSystem_1931,19320,PZ Telescopii (HD 174429) - A,"Star System No. 1,931 has now been reached by the Wave Front: PZ Telescopii (HD 174429) - A",FALSE,GY_ONEOFF,,,,90773.65,2148,TRUE,TRUE,FALSE,OneOFF_StarSystem,6,7,10,,,,,
OneOFF_StarSystem_1932,19330,PZ Telescopii (HD 174429) - B,"Star System No. 1,932 has now been reached by the Wave Front: PZ Telescopii (HD 174429) - B",FALSE,GY_ONEOFF,,,,90773.67083,2148,TRUE,TRUE,FALSE,OneOFF_StarSystem,6,7,10,,,,,
OneOFF_StarSystem_1933,19340,HD 3167,"Star System No. 1,933 has now been reached by the Wave Front: HD 3167",FALSE,GY_ONEOFF,,,,90846.7,2148,TRUE,TRUE,FALSE,OneOFF_StarSystem,6,9,21,,,,,
OneOFF_StarSystem_1934,19350,Gamma Draconis (Eltanin),"Star System No. 1,934 has now been reached by the Wave Front: Gamma Draconis (Eltanin)",FALSE,GY_ONEOFF,,,,90846.72083,2148,TRUE,TRUE,FALSE,OneOFF_StarSystem,6,9,21,,,,,
OneOFF_StarSystem_1935,19360,TOI-2015,"Star System No. 1,935 has now been reached by the Wave Front: TOI-2015",FALSE,GY_ONEOFF,,,,90861.31,2148,TRUE,TRUE,FALSE,OneOFF_StarSystem,6,10,6,,,,,
OneOFF_StarSystem_1936,19370,HIP 34269,"Star System No. 1,936 has now been reached by the Wave Front: HIP 34269",FALSE,GY_ONEOFF,,,,91032.9775,2149,TRUE,TRUE,FALSE,OneOFF_StarSystem,6,3,26,,,,,
OneOFF_StarSystem_1937,19380,HD 283869,"Star System No. 1,937 has now been reached by the Wave Front: HD 283869",FALSE,GY_ONEOFF,,,,91084.1125,2149,TRUE,TRUE,FALSE,OneOFF_StarSystem,6,5,17,,,,,
OneOFF_StarSystem_1938,19390,Beta Serpentis (Zhou) - A,"Star System No. 1,938 has now been reached by the Wave Front: Beta Serpentis (Zhou) - A",FALSE,GY_ONEOFF,,,,91102.375,2149,TRUE,TRUE,FALSE,OneOFF_StarSystem,6,6,4,,,,,
OneOFF_StarSystem_1939,19400,Beta Serpentis (Zhou) - B,"Star System No. 1,939 has now been reached by the Wave Front: Beta Serpentis (Zhou) - B",FALSE,GY_ONEOFF,,,,91102.39583,2149,TRUE,TRUE,FALSE,OneOFF_StarSystem,6,6,4,,,,,
OneOFF_StarSystem_1940,19410,HD 20868 (Intan),"Star System No. 1,940 has now been reached by the Wave Front: HD 20868 (Intan)",FALSE,GY_ONEOFF,,,,91336.135,2150,TRUE,TRUE,FALSE,OneOFF_StarSystem,6,1,24,,,,,
OneOFF_StarSystem_1941,19420,HD 181327,"Star System No. 1,941 has now been reached by the Wave Front: HD 181327",FALSE,GY_ONEOFF,,,,91394.575,2150,TRUE,TRUE,FALSE,OneOFF_StarSystem,6,3,23,,,,,
OneOFF_StarSystem_1942,19430,Eta Sagittae,"Star System No. 1,942 has now been reached by the Wave Front: Eta Sagittae",FALSE,GY_ONEOFF,,,,91431.1,2150,TRUE,TRUE,FALSE,OneOFF_StarSystem,6,4,29,,,,,
OneOFF_StarSystem_1943,19440,Beta Apodis,"Star System No. 1,943 has now been reached by the Wave Front: Beta Apodis",FALSE,GY_ONEOFF,,,,91467.625,2150,TRUE,TRUE,FALSE,OneOFF_StarSystem,6,6,4,,,,,
OneOFF_StarSystem_1944,19450,Omega² Aquarii - A,"Star System No. 1,944 has now been reached by the Wave Front: Omega² Aquarii - A",FALSE,GY_ONEOFF,,,,91467.64583,2150,TRUE,TRUE,FALSE,OneOFF_StarSystem,6,6,4,,,,,
OneOFF_StarSystem_1945,19460,Omega² Aquarii - B,"Star System No. 1,945 has now been reached by the Wave Front: Omega² Aquarii - B",FALSE,GY_ONEOFF,,,,91467.66667,2150,TRUE,TRUE,FALSE,OneOFF_StarSystem,6,6,4,,,,,
OneOFF_StarSystem_1946,19470,Delta¹ Tauri (Secunda Hyadum),"Star System No. 1,946 has now been reached by the Wave Front: Delta¹ Tauri (Secunda Hyadum)",FALSE,GY_ONEOFF,,,,91467.6875,2150,TRUE,TRUE,FALSE,OneOFF_StarSystem,6,6,4,,,,,
OneOFF_StarSystem_1947,19480,Mu Aquarii,"Star System No. 1,947 has now been reached by the Wave Front: Mu Aquarii",FALSE,GY_ONEOFF,,,,91832.875,2151,TRUE,TRUE,FALSE,OneOFF_StarSystem,6,6,4,,,,,
OneOFF_StarSystem_1948,19490,Theta² Tauri (Chamukuy),"Star System No. 1,948 has now been reached by the Wave Front: Theta² Tauri (Chamukuy)",FALSE,GY_ONEOFF,,,,91832.89583,2151,TRUE,TRUE,FALSE,OneOFF_StarSystem,6,6,4,,,,,
OneOFF_StarSystem_1949,19500,Gamma Capricorni (Nashira),"Star System No. 1,949 has now been reached by the Wave Front: Gamma Capricorni (Nashira)",FALSE,GY_ONEOFF,,,,91832.91667,2151,TRUE,TRUE,FALSE,OneOFF_StarSystem,6,6,4,,,,,
OneOFF_StarSystem_1950,19510,HD 209458,"Star System No. 1,950 has now been reached by the Wave Front: HD 209458",FALSE,GY_ONEOFF,,,,91832.9375,2151,TRUE,TRUE,FALSE,OneOFF_StarSystem,6,6,4,,,,,
OneOFF_StarSystem_1951,19520,HD 204313,"Star System No. 1,951 has now been reached by the Wave Front: HD 204313",FALSE,GY_ONEOFF,,,,91832.95833,2151,TRUE,TRUE,FALSE,OneOFF_StarSystem,6,6,4,,,,,
OneOFF_StarSystem_1952,19530,38 Boötis (Merga),"Star System No. 1,952 has now been reached by the Wave Front: 38 Boötis (Merga)",FALSE,GY_ONEOFF,,,,91978.975,2151,TRUE,TRUE,FALSE,OneOFF_StarSystem,6,10,28,,,,,
OneOFF_StarSystem_1953,19540,HD 153950 (Rapeto),"Star System No. 1,953 has now been reached by the Wave Front: HD 153950 (Rapeto)",FALSE,GY_ONEOFF,,,,92161.6,2152,TRUE,TRUE,FALSE,OneOFF_StarSystem,6,4,28,,,,,
OneOFF_StarSystem_1954,19550,Eta Telescopii - A,"Star System No. 1,954 has now been reached by the Wave Front: Eta Telescopii - A",FALSE,GY_ONEOFF,,,,92307.7,2152,TRUE,TRUE,FALSE,OneOFF_StarSystem,6,9,21,,,,,
OneOFF_StarSystem_1955,19560,Eta Telescopii - B,"Star System No. 1,955 has now been reached by the Wave Front: Eta Telescopii - B",FALSE,GY_ONEOFF,,,,92307.72083,2152,TRUE,TRUE,FALSE,OneOFF_StarSystem,6,9,21,,,,,
OneOFF_StarSystem_1956,19570,WD J181058.67+311940.94 - A,"Star System No. 1,956 has now been reached by the Wave Front: WD J181058.67+311940.94 - A",FALSE,GY_ONEOFF,,,,92928.625,2154,TRUE,TRUE,FALSE,OneOFF_StarSystem,6,6,4,,,,,
OneOFF_StarSystem_1957,19580,WD J181058.67+311940.94 - B,"Star System No. 1,957 has now been reached by the Wave Front: WD J181058.67+311940.94 - B",FALSE,GY_ONEOFF,,,,92928.64583,2154,TRUE,TRUE,FALSE,OneOFF_StarSystem,6,6,4,,,,,
OneOFF_StarSystem_1958,19590,Alpha Reticuli (Rhombus),"Star System No. 1,958 has now been reached by the Wave Front: Alpha Reticuli (Rhombus)",FALSE,GY_ONEOFF,,,,92928.66667,2154,TRUE,TRUE,FALSE,OneOFF_StarSystem,6,6,4,,,,,
OneOFF_StarSystem_1959,19600,Alpha Crateris (Alkes),"Star System No. 1,959 has now been reached by the Wave Front: Alpha Crateris (Alkes)",FALSE,GY_ONEOFF,,,,92928.6875,2154,TRUE,TRUE,FALSE,OneOFF_StarSystem,6,6,4,,,,,
OneOFF_StarSystem_1960,19610,Rho Boötis,"Star System No. 1,960 has now been reached by the Wave Front: Rho Boötis",FALSE,GY_ONEOFF,,,,92928.70833,2154,TRUE,TRUE,FALSE,OneOFF_StarSystem,6,6,4,,,,,
OneOFF_StarSystem_1961,19620,Beta Leporis (Nihal),"Star System No. 1,961 has now been reached by the Wave Front: Beta Leporis (Nihal)",FALSE,GY_ONEOFF,,,,92928.72917,2154,TRUE,TRUE,FALSE,OneOFF_StarSystem,6,6,4,,,,,
OneOFF_StarSystem_1962,19630,4 Equulei,"Star System No. 1,962 has now been reached by the Wave Front: 4 Equulei",FALSE,GY_ONEOFF,,,,92928.75,2154,TRUE,TRUE,FALSE,OneOFF_StarSystem,6,6,4,,,,,
OneOFF_StarSystem_1963,19640,BD+14 4559 (Solaris),"Star System No. 1,963 has now been reached by the Wave Front: BD+14 4559 (Solaris)",FALSE,GY_ONEOFF,,,,93220.825,2155,TRUE,TRUE,FALSE,OneOFF_StarSystem,6,3,23,,,,,
OneOFF_StarSystem_1964,19650,Kappa¹ Boötis (Asellus Tertius),"Star System No. 1,964 has now been reached by the Wave Front: Kappa¹ Boötis (Asellus Tertius)",FALSE,GY_ONEOFF,,,,93293.875,2155,TRUE,TRUE,FALSE,OneOFF_StarSystem,6,6,4,,,,,
OneOFF_StarSystem_1965,19660,HD 100777 (Sagarmatha),"Star System No. 1,965 has now been reached by the Wave Front: HD 100777 (Sagarmatha)",FALSE,GY_ONEOFF,,,,93586.075,2156,TRUE,TRUE,FALSE,OneOFF_StarSystem,6,3,23,,,,,
OneOFF_StarSystem_1966,19670,Kappa² Boötis (Asellus Tertius),"Star System No. 1,966 has now been reached by the Wave Front: Kappa² Boötis (Asellus Tertius)",FALSE,GY_ONEOFF,,,,93586.09583,2156,TRUE,TRUE,FALSE,OneOFF_StarSystem,6,3,23,,,,,
OneOFF_StarSystem_1967,19680,Beta Canis Minoris (Gomeisa),"Star System No. 1,967 has now been reached by the Wave Front: Beta Canis Minoris (Gomeisa)",FALSE,GY_ONEOFF,,,,93659.125,2156,TRUE,TRUE,FALSE,OneOFF_StarSystem,6,6,4,,,,,
OneOFF_StarSystem_1968,19690,Tau Pegasi (Salm),"Star System No. 1,968 has now been reached by the Wave Front: Tau Pegasi (Salm)",FALSE,GY_ONEOFF,,,,93659.14583,2156,TRUE,TRUE,FALSE,OneOFF_StarSystem,6,6,4,,,,,
OneOFF_StarSystem_1969,19700,WASP-80 (Petra),"Star System No. 1,969 has now been reached by the Wave Front: WASP-80 (Petra)",FALSE,GY_ONEOFF,,,,93732.175,2156,TRUE,TRUE,FALSE,OneOFF_StarSystem,6,8,16,,,,,
OneOFF_StarSystem_1970,19710,Nu Aquarii,"Star System No. 1,970 has now been reached by the Wave Front: Nu Aquarii",FALSE,GY_ONEOFF,,,,93805.225,2156,TRUE,TRUE,FALSE,OneOFF_StarSystem,6,10,28,,,,,
OneOFF_StarSystem_1971,19720,98 Aquarii (b¹ Aquarii),"Star System No. 1,971 has now been reached by the Wave Front: 98 Aquarii (b¹ Aquarii)",FALSE,GY_ONEOFF,,,,94024.375,2157,TRUE,TRUE,FALSE,OneOFF_StarSystem,6,6,4,,,,,
OneOFF_StarSystem_1972,19730,Gamma Librae (Zubenelhakrabi),"Star System No. 1,972 has now been reached by the Wave Front: Gamma Librae (Zubenelhakrabi)",FALSE,GY_ONEOFF,,,,94024.39583,2157,TRUE,TRUE,FALSE,OneOFF_StarSystem,6,6,4,,,,,
OneOFF_StarSystem_1973,19740,107 Aquarii B (i² Aquarii),"Star System No. 1,973 has now been reached by the Wave Front: 107 Aquarii B (i² Aquarii)",FALSE,GY_ONEOFF,,,,94024.41667,2157,TRUE,TRUE,FALSE,OneOFF_StarSystem,6,6,4,,,,,
OneOFF_StarSystem_1974,19750,50 parsecs (about 163.08 ly),"Star System No. 1,974 has now been reached by the Wave Front: 50 parsecs (about 163.08 ly)",FALSE,GY_ONEOFF,,,,94024.4375,2157,TRUE,TRUE,FALSE,OneOFF_StarSystem,6,6,4,,,,,
OneOFF_StarSystem_1975,19760,AB Pictoris (HD 44627),"Star System No. 1,975 has now been reached by the Wave Front: AB Pictoris (HD 44627)",FALSE,GY_ONEOFF,,,,94207,2157,TRUE,TRUE,FALSE,OneOFF_StarSystem,6,12,4,,,,,
OneOFF_StarSystem_1976,19770,Rho Andromedae,"Star System No. 1,976 has now been reached by the Wave Front: Rho Andromedae",FALSE,GY_ONEOFF,,,,94207.02083,2157,TRUE,TRUE,FALSE,OneOFF_StarSystem,6,12,4,,,,,
OneOFF_StarSystem_1977,19780,Theta¹ Eridani (Acamar),"Star System No. 1,977 has now been reached by the Wave Front: Theta¹ Eridani (Acamar)",FALSE,GY_ONEOFF,,,,94389.625,2158,TRUE,TRUE,FALSE,OneOFF_StarSystem,6,6,4,,,,,
OneOFF_StarSystem_1978,19790,Gamma Aquarii (Sadachbia),"Star System No. 1,978 has now been reached by the Wave Front: Gamma Aquarii (Sadachbia)",FALSE,GY_ONEOFF,,,,94389.64583,2158,TRUE,TRUE,FALSE,OneOFF_StarSystem,6,6,4,,,,,
OneOFF_StarSystem_1979,19800,WASP-69 (Wouri),"Star System No. 1,979 has now been reached by the Wave Front: WASP-69 (Wouri)",FALSE,GY_ONEOFF,,,,94389.66667,2158,TRUE,TRUE,FALSE,OneOFF_StarSystem,6,6,4,,,,,
OneOFF_StarSystem_1980,19810,HIP 14810,"Star System No. 1,980 has now been reached by the Wave Front: HIP 14810",FALSE,GY_ONEOFF,,,,94718.35,2159,TRUE,TRUE,FALSE,OneOFF_StarSystem,6,4,29,,,,,
OneOFF_StarSystem_1981,19820,Delta Arietis (Botein),"Star System No. 1,981 has now been reached by the Wave Front: Delta Arietis (Botein)",FALSE,GY_ONEOFF,,,,94754.875,2159,TRUE,TRUE,FALSE,OneOFF_StarSystem,6,6,4,,,,,
OneOFF_StarSystem_1982,19830,Theta Leonis (Chertan),"Star System No. 1,982 has now been reached by the Wave Front: Theta Leonis (Chertan)",FALSE,GY_ONEOFF,,,,94754.89583,2159,TRUE,TRUE,FALSE,OneOFF_StarSystem,6,6,4,,,,,
OneOFF_StarSystem_1983,19840,Delta Cygni (Fawaris),"Star System No. 1,983 has now been reached by the Wave Front: Delta Cygni (Fawaris)",FALSE,GY_ONEOFF,,,,94754.91667,2159,TRUE,TRUE,FALSE,OneOFF_StarSystem,6,6,4,,,,,
OneOFF_StarSystem_1984,19850,BD−22 5866 - A,"Star System No. 1,984 has now been reached by the Wave Front: BD−22 5866 - A",FALSE,GY_ONEOFF,,,,95120.125,2160,TRUE,TRUE,FALSE,OneOFF_StarSystem,6,6,4,,,,,
OneOFF_StarSystem_1985,19860,BD−22 5866 - B,"Star System No. 1,985 has now been reached by the Wave Front: BD−22 5866 - B",FALSE,GY_ONEOFF,,,,95120.14583,2160,TRUE,TRUE,FALSE,OneOFF_StarSystem,6,6,4,,,,,
OneOFF_StarSystem_1986,19870,BD−22 5866 - C,"Star System No. 1,986 has now been reached by the Wave Front: BD−22 5866 - C",FALSE,GY_ONEOFF,,,,95120.16667,2160,TRUE,TRUE,FALSE,OneOFF_StarSystem,6,6,4,,,,,
OneOFF_StarSystem_1987,19880,BD−22 5866 - D,"Star System No. 1,987 has now been reached by the Wave Front: BD−22 5866 - D",FALSE,GY_ONEOFF,,,,95120.1875,2160,TRUE,TRUE,FALSE,OneOFF_StarSystem,6,6,4,,,,,
OneOFF_StarSystem_1988,19890,Gamma Arietis (Mesarthim) - A,"Star System No. 1,988 has now been reached by the Wave Front: Gamma Arietis (Mesarthim) - A",FALSE,GY_ONEOFF,,,,95120.20833,2160,TRUE,TRUE,FALSE,OneOFF_StarSystem,6,6,4,,,,,
OneOFF_StarSystem_1989,19900,Gamma Arietis (Mesarthim) - B,"Star System No. 1,989 has now been reached by the Wave Front: Gamma Arietis (Mesarthim) - B",FALSE,GY_ONEOFF,,,,95120.22917,2160,TRUE,TRUE,FALSE,OneOFF_StarSystem,6,6,4,,,,,
OneOFF_StarSystem_1990,19910,Theta Aurigae (Mahasim) - A,"Star System No. 1,990 has now been reached by the Wave Front: Theta Aurigae (Mahasim) - A",FALSE,GY_ONEOFF,,,,95120.25,2160,TRUE,TRUE,FALSE,OneOFF_StarSystem,6,6,4,,,,,
OneOFF_StarSystem_1991,19920,Theta Aurigae (Mahasim) - B,"Star System No. 1,991 has now been reached by the Wave Front: Theta Aurigae (Mahasim) - B",FALSE,GY_ONEOFF,,,,95120.27083,2160,TRUE,TRUE,FALSE,OneOFF_StarSystem,6,6,4,,,,,
OneOFF_StarSystem_1992,19930,41 Arietis (Bharani),"Star System No. 1,992 has now been reached by the Wave Front: 41 Arietis (Bharani)",FALSE,GY_ONEOFF,,,,95120.29167,2160,TRUE,TRUE,FALSE,OneOFF_StarSystem,6,6,4,,,,,
OneOFF_StarSystem_1993,19940,Beta² Tucanae - A,"Star System No. 1,993 has now been reached by the Wave Front: Beta² Tucanae - A",FALSE,GY_ONEOFF,,,,95120.3125,2160,TRUE,TRUE,FALSE,OneOFF_StarSystem,6,6,4,,,,,
OneOFF_StarSystem_1994,19950,Beta² Tucanae - B,"Star System No. 1,994 has now been reached by the Wave Front: Beta² Tucanae - B",FALSE,GY_ONEOFF,,,,95120.33333,2160,TRUE,TRUE,FALSE,OneOFF_StarSystem,6,6,4,,,,,
OneOFF_StarSystem_1995,19960,Theta² Eridani,"Star System No. 1,995 has now been reached by the Wave Front: Theta² Eridani",FALSE,GY_ONEOFF,,,,95485.375,2161,TRUE,TRUE,FALSE,OneOFF_StarSystem,6,6,4,,,,,
OneOFF_StarSystem_1996,19970,HD 133131 - A,"Star System No. 1,996 has now been reached by the Wave Front: HD 133131 - A",FALSE,GY_ONEOFF,,,,95850.625,2162,TRUE,TRUE,FALSE,OneOFF_StarSystem,6,6,4,,,,,
OneOFF_StarSystem_1997,19980,HD 133131 - B,"Star System No. 1,997 has now been reached by the Wave Front: HD 133131 - B",FALSE,GY_ONEOFF,,,,95850.64583,2162,TRUE,TRUE,FALSE,OneOFF_StarSystem,6,6,4,,,,,
OneOFF_StarSystem_1998,19990,Kappa Andromedae (Kaffalmusalsala),"Star System No. 1,998 has now been reached by the Wave Front: Kappa Andromedae (Kaffalmusalsala)",FALSE,GY_ONEOFF,,,,95850.66667,2162,TRUE,TRUE,FALSE,OneOFF_StarSystem,6,6,4,,,,,
OneOFF_StarSystem_1999,20000,Eta Aquarii,"Star System No. 1,999 has now been reached by the Wave Front: Eta Aquarii",FALSE,GY_ONEOFF,,,,95850.6875,2162,TRUE,TRUE,FALSE,OneOFF_StarSystem,6,6,4,,,,,
OneOFF_StarSystem_2000,20010,HD 202908 - A,"Star System No. 2,000 has now been reached by the Wave Front: HD 202908 - A",FALSE,GY_ONEOFF,,,,96069.775,2163,TRUE,TRUE,FALSE,OneOFF_StarSystem,6,1,9,,,,,
OneOFF_StarSystem_2001,20020,HD 202908 - B,"Star System No. 2,001 has now been reached by the Wave Front: HD 202908 - B",FALSE,GY_ONEOFF,,,,96069.79583,2163,TRUE,TRUE,FALSE,OneOFF_StarSystem,6,1,9,,,,,
OneOFF_StarSystem_2002,20030,HD 202908 - C,"Star System No. 2,002 has now been reached by the Wave Front: HD 202908 - C",FALSE,GY_ONEOFF,,,,96069.81667,2163,TRUE,TRUE,FALSE,OneOFF_StarSystem,6,1,9,,,,,
OneOFF_StarSystem_2003,20040,Epsilon Andromedae,"Star System No. 2,003 has now been reached by the Wave Front: Epsilon Andromedae",FALSE,GY_ONEOFF,,,,96215.875,2163,TRUE,TRUE,FALSE,OneOFF_StarSystem,6,6,4,,,,,
OneOFF_StarSystem_2004,20050,Omicron Geminorum (Jishui),"Star System No. 2,004 has now been reached by the Wave Front: Omicron Geminorum (Jishui)",FALSE,GY_ONEOFF,,,,96215.89583,2163,TRUE,TRUE,FALSE,OneOFF_StarSystem,6,6,4,,,,,
OneOFF_StarSystem_2005,20060,Gamma Comae Berenices,"Star System No. 2,005 has now been reached by the Wave Front: Gamma Comae Berenices",FALSE,GY_ONEOFF,,,,96215.91667,2163,TRUE,TRUE,FALSE,OneOFF_StarSystem,6,6,4,,,,,
OneOFF_StarSystem_2006,20070,51 Andromedae (Nembus),"Star System No. 2,006 has now been reached by the Wave Front: 51 Andromedae (Nembus)",FALSE,GY_ONEOFF,,,,96215.9375,2163,TRUE,TRUE,FALSE,OneOFF_StarSystem,6,6,4,,,,,
OneOFF_StarSystem_2007,20080,Nu Horologii,"Star System No. 2,007 has now been reached by the Wave Front: Nu Horologii",FALSE,GY_ONEOFF,,,,96325.45,2163,TRUE,TRUE,FALSE,OneOFF_StarSystem,6,9,22,,,,,
OneOFF_StarSystem_2008,20090,Zeta Piscium (Revati) - A,"Star System No. 2,008 has now been reached by the Wave Front: Zeta Piscium (Revati) - A",FALSE,GY_ONEOFF,,,,96581.125,2164,TRUE,TRUE,FALSE,OneOFF_StarSystem,6,6,4,,,,,
OneOFF_StarSystem_2009,20100,Zeta Piscium (Revati) - B,"Star System No. 2,009 has now been reached by the Wave Front: Zeta Piscium (Revati) - B",FALSE,GY_ONEOFF,,,,96581.14583,2164,TRUE,TRUE,FALSE,OneOFF_StarSystem,6,6,4,,,,,
OneOFF_StarSystem_2010,20110,Zeta Piscium (Revati) - C,"Star System No. 2,010 has now been reached by the Wave Front: Zeta Piscium (Revati) - C",FALSE,GY_ONEOFF,,,,96581.16667,2164,TRUE,TRUE,FALSE,OneOFF_StarSystem,6,6,4,,,,,
OneOFF_StarSystem_2011,20120,Zeta Piscium (Revati) - D,"Star System No. 2,011 has now been reached by the Wave Front: Zeta Piscium (Revati) - D",FALSE,GY_ONEOFF,,,,96581.1875,2164,TRUE,TRUE,FALSE,OneOFF_StarSystem,6,6,4,,,,,
OneOFF_StarSystem_2012,20130,Upsilon Pegasi (Alkarab),"Star System No. 2,012 has now been reached by the Wave Front: Upsilon Pegasi (Alkarab)",FALSE,GY_ONEOFF,,,,96581.20833,2164,TRUE,TRUE,FALSE,OneOFF_StarSystem,6,6,4,,,,,
OneOFF_StarSystem_2013,20140,Delta Ophiuchi (Yed Prior),"Star System No. 2,013 has now been reached by the Wave Front: Delta Ophiuchi (Yed Prior)",FALSE,GY_ONEOFF,,,,96946.375,2165,TRUE,TRUE,FALSE,OneOFF_StarSystem,6,6,4,,,,,
OneOFF_StarSystem_2014,20150,BX Trianguli,"Star System No. 2,014 has now been reached by the Wave Front: BX Trianguli",FALSE,GY_ONEOFF,,,,97238.575,2166,TRUE,TRUE,FALSE,OneOFF_StarSystem,6,3,23,,,,,
OneOFF_StarSystem_2015,20160,Delta Ursae Minoris (Yildun),"Star System No. 2,015 has now been reached by the Wave Front: Delta Ursae Minoris (Yildun)",FALSE,GY_ONEOFF,,,,97311.625,2166,TRUE,TRUE,FALSE,OneOFF_StarSystem,6,6,4,,,,,
OneOFF_StarSystem_2016,20170,39 Arietis (Lilii Borea),"Star System No. 2,016 has now been reached by the Wave Front: 39 Arietis (Lilii Borea)",FALSE,GY_ONEOFF,,,,97311.64583,2166,TRUE,TRUE,FALSE,OneOFF_StarSystem,6,6,4,,,,,
OneOFF_StarSystem_2017,20180,Theta Andromedae,"Star System No. 2,017 has now been reached by the Wave Front: Theta Andromedae",FALSE,GY_ONEOFF,,,,97676.875,2167,TRUE,TRUE,FALSE,OneOFF_StarSystem,6,6,4,,,,,
OneOFF_StarSystem_2018,20190,Lambda Ophiuchi (Marfik) - A,"Star System No. 2,018 has now been reached by the Wave Front: Lambda Ophiuchi (Marfik) - A",FALSE,GY_ONEOFF,,,,97676.89583,2167,TRUE,TRUE,FALSE,OneOFF_StarSystem,6,6,4,,,,,
OneOFF_StarSystem_2019,20200,Lambda Ophiuchi (Marfik) - B,"Star System No. 2,019 has now been reached by the Wave Front: Lambda Ophiuchi (Marfik) - B",FALSE,GY_ONEOFF,,,,97676.91667,2167,TRUE,TRUE,FALSE,OneOFF_StarSystem,6,6,4,,,,,
OneOFF_StarSystem_2020,20210,Lambda Virginis (Khambalia) - A,"Star System No. 2,020 has now been reached by the Wave Front: Lambda Virginis (Khambalia) - A",FALSE,GY_ONEOFF,,,,97822.975,2167,TRUE,TRUE,FALSE,OneOFF_StarSystem,6,10,28,,,,,
OneOFF_StarSystem_2021,20220,Lambda Virginis (Khambalia) - B,"Star System No. 2,021 has now been reached by the Wave Front: Lambda Virginis (Khambalia) - B",FALSE,GY_ONEOFF,,,,97822.99583,2167,TRUE,TRUE,FALSE,OneOFF_StarSystem,6,10,28,,,,,
OneOFF_StarSystem_2022,20230,HD 191939,"Star System No. 2,022 has now been reached by the Wave Front: HD 191939",FALSE,GY_ONEOFF,,,,98188.225,2168,TRUE,TRUE,FALSE,OneOFF_StarSystem,6,10,28,,,,,
OneOFF_StarSystem_2023,20240,Pi Cassiopeiae - A,"Star System No. 2,023 has now been reached by the Wave Front: Pi Cassiopeiae - A",FALSE,GY_ONEOFF,,,,98407.375,2169,TRUE,TRUE,FALSE,OneOFF_StarSystem,6,6,4,,,,,
OneOFF_StarSystem_2024,20250,Pi Cassiopeiae - B,"Star System No. 2,024 has now been reached by the Wave Front: Pi Cassiopeiae - B",FALSE,GY_ONEOFF,,,,98407.39583,2169,TRUE,TRUE,FALSE,OneOFF_StarSystem,6,6,4,,,,,
OneOFF_StarSystem_2025,20260,Zeta Boötis - A,"Star System No. 2,025 has now been reached by the Wave Front: Zeta Boötis - A",FALSE,GY_ONEOFF,,,,98772.625,2170,TRUE,TRUE,FALSE,OneOFF_StarSystem,6,6,4,,,,,
OneOFF_StarSystem_2026,20270,Zeta Boötis - B,"Star System No. 2,026 has now been reached by the Wave Front: Zeta Boötis - B",FALSE,GY_ONEOFF,,,,98772.64583,2170,TRUE,TRUE,FALSE,OneOFF_StarSystem,6,6,4,,,,,
OneOFF_StarSystem_2027,20280,Beta Gruis (Tiaki),"Star System No. 2,027 has now been reached by the Wave Front: Beta Gruis (Tiaki)",FALSE,GY_ONEOFF,,,,99137.875,2171,TRUE,TRUE,FALSE,OneOFF_StarSystem,6,6,4,,,,,
OneOFF_StarSystem_2028,20290,Alphard (Alpha Hydrae),"Star System No. 2,028 has now been reached by the Wave Front: Alphard (Alpha Hydrae)",FALSE,GY_ONEOFF,,,,99137.89583,2171,TRUE,TRUE,FALSE,OneOFF_StarSystem,6,6,4,,,,,
OneOFF_StarSystem_2029,20300,Acubens (Alpha Cancri),"Star System No. 2,029 has now been reached by the Wave Front: Acubens (Alpha Cancri)",FALSE,GY_ONEOFF,,,,99503.125,2172,TRUE,TRUE,FALSE,OneOFF_StarSystem,6,6,4,,,,,
OneOFF_StarSystem_2030,20310,R Doradus,"Star System No. 2,030 has now been reached by the Wave Front: R Doradus",FALSE,GY_ONEOFF,,,,99503.14583,2172,TRUE,TRUE,FALSE,OneOFF_StarSystem,6,6,4,,,,,
OneOFF_StarSystem_2031,20320,Xi Aquarii (Bunda),"Star System No. 2,031 has now been reached by the Wave Front: Xi Aquarii (Bunda)",FALSE,GY_ONEOFF,,,,99868.375,2173,TRUE,TRUE,FALSE,OneOFF_StarSystem,6,6,4,,,,,
OneOFF_StarSystem_2032,20330,Epsilon Aquilae,"Star System No. 2,032 has now been reached by the Wave Front: Epsilon Aquilae",FALSE,GY_ONEOFF,,,,99868.39583,2173,TRUE,TRUE,FALSE,OneOFF_StarSystem,6,6,4,,,,,
OneOFF_StarSystem_2033,20340,Alpha Pavonis (Peacock),"Star System No. 2,033 has now been reached by the Wave Front: Alpha Pavonis (Peacock)",FALSE,GY_ONEOFF,,,,99868.41667,2173,TRUE,TRUE,FALSE,OneOFF_StarSystem,6,6,4,,,,,
OneOFF_StarSystem_2034,20350,HD 99109 (Shama),"Star System No. 2,034 has now been reached by the Wave Front: HD 99109 (Shama)",FALSE,GY_ONEOFF,,,,100014.475,2173,TRUE,TRUE,FALSE,OneOFF_StarSystem,6,10,28,,,,,
OneOFF_StarSystem_2035,20360,Kappa¹ Lupi,"Star System No. 2,035 has now been reached by the Wave Front: Kappa¹ Lupi",FALSE,GY_ONEOFF,,,,100233.625,2174,TRUE,TRUE,FALSE,OneOFF_StarSystem,6,6,4,,,,,
OneOFF_StarSystem_2036,20370,Epsilon Equulei - A,"Star System No. 2,036 has now been reached by the Wave Front: Epsilon Equulei - A",FALSE,GY_ONEOFF,,,,100233.6458,2174,TRUE,TRUE,FALSE,OneOFF_StarSystem,6,6,4,,,,,
OneOFF_StarSystem_2037,20380,Epsilon Equulei - B,"Star System No. 2,037 has now been reached by the Wave Front: Epsilon Equulei - B",FALSE,GY_ONEOFF,,,,100233.6667,2174,TRUE,TRUE,FALSE,OneOFF_StarSystem,6,6,4,,,,,
OneOFF_StarSystem_2038,20390,HD 8535 - A,"Star System No. 2,038 has now been reached by the Wave Front: HD 8535 - A",FALSE,GY_ONEOFF,,,,100416.25,2174,TRUE,TRUE,FALSE,OneOFF_StarSystem,6,12,4,,,,,
OneOFF_StarSystem_2039,20400,HD 8535 - B,"Star System No. 2,039 has now been reached by the Wave Front: HD 8535 - B",FALSE,GY_ONEOFF,,,,100416.2708,2174,TRUE,TRUE,FALSE,OneOFF_StarSystem,6,12,4,,,,,
OneOFF_StarSystem_2040,20410,VHS J183135.58-551355.9,"Star System No. 2,040 has now been reached by the Wave Front: VHS J183135.58-551355.9",FALSE,GY_ONEOFF,,,,100452.775,2175,TRUE,TRUE,FALSE,OneOFF_StarSystem,6,1,9,,,,,
OneOFF_StarSystem_2041,20420,Omicron Ursae Majoris (Muscida),"Star System No. 2,041 has now been reached by the Wave Front: Omicron Ursae Majoris (Muscida)",FALSE,GY_ONEOFF,,,,100964.125,2176,TRUE,TRUE,FALSE,OneOFF_StarSystem,6,6,4,,,,,
OneOFF_StarSystem_2042,20430,Zeta Andromedae (Shimu) - A,"Star System No. 2,042 has now been reached by the Wave Front: Zeta Andromedae (Shimu) - A",FALSE,GY_ONEOFF,,,,100598.875,2175,TRUE,TRUE,FALSE,OneOFF_StarSystem,6,6,4,,,,,
OneOFF_StarSystem_2043,20440,Zeta Andromedae (Shimu) - B,"Star System No. 2,043 has now been reached by the Wave Front: Zeta Andromedae (Shimu) - B",FALSE,GY_ONEOFF,,,,100598.8958,2175,TRUE,TRUE,FALSE,OneOFF_StarSystem,6,6,4,,,,,
OneOFF_StarSystem_2044,20450,Gamma Cancri (Asellus Borealis),"Star System No. 2,044 has now been reached by the Wave Front: Gamma Cancri (Asellus Borealis)",FALSE,GY_ONEOFF,,,,100598.9167,2175,TRUE,TRUE,FALSE,OneOFF_StarSystem,6,6,4,,,,,
OneOFF_StarSystem_2045,20460,HD 156411 (Inquill),"Star System No. 2,045 has now been reached by the Wave Front: HD 156411 (Inquill)",FALSE,GY_ONEOFF,,,,100781.5,2175,TRUE,TRUE,FALSE,OneOFF_StarSystem,6,12,4,,,,,
OneOFF_StarSystem_2046,20470,Alpha Sagittarii (Rukbat),"Star System No. 2,046 has now been reached by the Wave Front: Alpha Sagittarii (Rukbat)",FALSE,GY_ONEOFF,,,,100964.1458,2176,TRUE,TRUE,FALSE,OneOFF_StarSystem,6,6,4,,,,,
OneOFF_StarSystem_2047,20480,HD 109271 - A,"Star System No. 2,047 has now been reached by the Wave Front: HD 109271 - A",FALSE,GY_ONEOFF,,,,101000.65,2176,TRUE,TRUE,FALSE,OneOFF_StarSystem,6,7,10,,,,,
OneOFF_StarSystem_2048,20490,HD 109271 - B,"Star System No. 2,048 has now been reached by the Wave Front: HD 109271 - B",FALSE,GY_ONEOFF,,,,101000.6708,2176,TRUE,TRUE,FALSE,OneOFF_StarSystem,6,7,10,,,,,
OneOFF_StarSystem_2049,20500,HD 221287 (Poerava),"Star System No. 2,049 has now been reached by the Wave Front: HD 221287 (Poerava)",FALSE,GY_ONEOFF,,,,101219.8,2177,TRUE,TRUE,FALSE,OneOFF_StarSystem,6,2,14,,,,,
OneOFF_StarSystem_2050,20510,Epsilon Sextantis,"Star System No. 2,050 has now been reached by the Wave Front: Epsilon Sextantis",FALSE,GY_ONEOFF,,,,101329.375,2177,TRUE,TRUE,FALSE,OneOFF_StarSystem,6,6,4,,,,,
OneOFF_StarSystem_2051,20520,Alpha Tucanae (Lang-Exster),"Star System No. 2,051 has now been reached by the Wave Front: Alpha Tucanae (Lang-Exster)",FALSE,GY_ONEOFF,,,,101694.625,2178,TRUE,TRUE,FALSE,OneOFF_StarSystem,6,6,4,,,,,
OneOFF_StarSystem_2052,20530,HD 199942,"Star System No. 2,052 has now been reached by the Wave Front: HD 199942",FALSE,GY_ONEOFF,,,,101694.6458,2178,TRUE,TRUE,FALSE,OneOFF_StarSystem,6,6,4,,,,,
OneOFF_StarSystem_2053,20540,Beta Librae (Zubeneschamali),"Star System No. 2,053 has now been reached by the Wave Front: Beta Librae (Zubeneschamali)",FALSE,GY_ONEOFF,,,,102059.875,2179,TRUE,TRUE,FALSE,OneOFF_StarSystem,6,6,4,,,,,
OneOFF_StarSystem_2054,20550,Xi Aquilae (Libertas),"Star System No. 2,054 has now been reached by the Wave Front: Xi Aquilae (Libertas)",FALSE,GY_ONEOFF,,,,102425.125,2180,TRUE,TRUE,FALSE,OneOFF_StarSystem,6,6,4,,,,,
OneOFF_StarSystem_2055,20560,Omicron² Orionis,"Star System No. 2,055 has now been reached by the Wave Front: Omicron² Orionis",FALSE,GY_ONEOFF,,,,102425.1458,2180,TRUE,TRUE,FALSE,OneOFF_StarSystem,6,6,4,,,,,
OneOFF_StarSystem_2056,20570,Tau² Eridani (Angetenar),"Star System No. 2,056 has now been reached by the Wave Front: Tau² Eridani (Angetenar)",FALSE,GY_ONEOFF,,,,102790.375,2181,TRUE,TRUE,FALSE,OneOFF_StarSystem,6,6,4,,,,,
OneOFF_StarSystem_2057,20580,HD 125612 - A,"Star System No. 2,057 has now been reached by the Wave Front: HD 125612 - A",FALSE,GY_ONEOFF,,,,103374.775,2183,TRUE,TRUE,FALSE,OneOFF_StarSystem,6,1,9,,,,,
OneOFF_StarSystem_2058,20590,HD 125612 - B,"Star System No. 2,058 has now been reached by the Wave Front: HD 125612 - B",FALSE,GY_ONEOFF,,,,103374.7958,2183,TRUE,TRUE,FALSE,OneOFF_StarSystem,6,1,9,,,,,
OneOFF_StarSystem_2059,20600,3 Andromedae,"Star System No. 2,059 has now been reached by the Wave Front: 3 Andromedae",FALSE,GY_ONEOFF,,,,103520.875,2183,TRUE,TRUE,FALSE,OneOFF_StarSystem,6,6,4,,,,,
OneOFF_StarSystem_2060,20610,Upsilon² Cassiopeiae (Castula),"Star System No. 2,060 has now been reached by the Wave Front: Upsilon² Cassiopeiae (Castula)",FALSE,GY_ONEOFF,,,,103520.8958,2183,TRUE,TRUE,FALSE,OneOFF_StarSystem,6,6,4,,,,,
OneOFF_StarSystem_2061,20620,Alpha Equulei (Kitalpha) - A,"Star System No. 2,061 has now been reached by the Wave Front: Alpha Equulei (Kitalpha) - A",FALSE,GY_ONEOFF,,,,103886.125,2184,TRUE,TRUE,FALSE,OneOFF_StarSystem,6,6,4,,,,,
OneOFF_StarSystem_2062,20630,Alpha Equulei (Kitalpha) - B,"Star System No. 2,062 has now been reached by the Wave Front: Alpha Equulei (Kitalpha) - B",FALSE,GY_ONEOFF,,,,103886.1458,2184,TRUE,TRUE,FALSE,OneOFF_StarSystem,6,6,4,,,,,
OneOFF_StarSystem_2063,20640,Gamma Trianguli Australis,"Star System No. 2,063 has now been reached by the Wave Front: Gamma Trianguli Australis",FALSE,GY_ONEOFF,,,,103886.1667,2184,TRUE,TRUE,FALSE,OneOFF_StarSystem,6,6,4,,,,,
OneOFF_StarSystem_2064,20650,Theta Aquarii (Ancha),"Star System No. 2,064 has now been reached by the Wave Front: Theta Aquarii (Ancha)",FALSE,GY_ONEOFF,,,,104251.375,2185,TRUE,TRUE,FALSE,OneOFF_StarSystem,6,6,4,,,,,
OneOFF_StarSystem_2065,20660,Gamma Eridani (Zaurak),"Star System No. 2,065 has now been reached by the Wave Front: Gamma Eridani (Zaurak)",FALSE,GY_ONEOFF,,,,104616.625,2186,TRUE,TRUE,FALSE,OneOFF_StarSystem,6,6,4,,,,,
OneOFF_StarSystem_2066,20670,K2-136 - A,"Star System No. 2,066 has now been reached by the Wave Front: K2-136 - A",FALSE,GY_ONEOFF,,,,104653.15,2186,TRUE,TRUE,FALSE,OneOFF_StarSystem,6,7,11,,,,,
OneOFF_StarSystem_2067,20680,K2-136 - B,"Star System No. 2,067 has now been reached by the Wave Front: K2-136 - B",FALSE,GY_ONEOFF,,,,104653.1708,2186,TRUE,TRUE,FALSE,OneOFF_StarSystem,6,7,11,,,,,
OneOFF_StarSystem_2068,20690,HD 181720 (Sika),"Star System No. 2,068 has now been reached by the Wave Front: HD 181720 (Sika)",FALSE,GY_ONEOFF,,,,105931.525,2190,TRUE,TRUE,FALSE,OneOFF_StarSystem,6,1,9,,,,,
OneOFF_StarSystem_2069,20700,HD 16175 (Buna),"Star System No. 2,069 has now been reached by the Wave Front: HD 16175 (Buna)",FALSE,GY_ONEOFF,,,,105968.05,2190,TRUE,TRUE,FALSE,OneOFF_StarSystem,6,2,15,,,,,
OneOFF_StarSystem_2070,20710,Beta Pegasi (Scheat),"Star System No. 2,070 has now been reached by the Wave Front: Beta Pegasi (Scheat)",FALSE,GY_ONEOFF,,,,106077.625,2190,TRUE,TRUE,FALSE,OneOFF_StarSystem,6,6,4,,,,,
OneOFF_StarSystem_2071,20720,Eta Pegasi (Matar),"Star System No. 2,071 has now been reached by the Wave Front: Eta Pegasi (Matar)",FALSE,GY_ONEOFF,,,,106077.6458,2190,TRUE,TRUE,FALSE,OneOFF_StarSystem,6,6,4,,,,,
OneOFF_StarSystem_2072,20730,HD 68988 (Násti),"Star System No. 2,072 has now been reached by the Wave Front: HD 68988 (Násti)",FALSE,GY_ONEOFF,,,,106442.875,2191,TRUE,TRUE,FALSE,OneOFF_StarSystem,6,6,4,,,,,
OneOFF_StarSystem_2073,20740,Chi Ursae Majoris (Taiyangshou),"Star System No. 2,073 has now been reached by the Wave Front: Chi Ursae Majoris (Taiyangshou)",FALSE,GY_ONEOFF,,,,106808.125,2192,TRUE,TRUE,FALSE,OneOFF_StarSystem,6,6,4,,,,,
OneOFF_StarSystem_2074,20750,Delta Virginis (Minelauva),"Star System No. 2,074 has now been reached by the Wave Front: Delta Virginis (Minelauva)",FALSE,GY_ONEOFF,,,,106808.1458,2192,TRUE,TRUE,FALSE,OneOFF_StarSystem,6,6,4,,,,,
OneOFF_StarSystem_2075,20760,Alpha Scuti,"Star System No. 2,075 has now been reached by the Wave Front: Alpha Scuti",FALSE,GY_ONEOFF,,,,107173.375,2193,TRUE,TRUE,FALSE,OneOFF_StarSystem,6,6,4,,,,,
OneOFF_StarSystem_2076,20770,Mirach (Beta Andromedae),"Star System No. 2,076 has now been reached by the Wave Front: Mirach (Beta Andromedae)",FALSE,GY_ONEOFF,,,,107271.9925,2193,TRUE,TRUE,FALSE,OneOFF_StarSystem,6,9,10,,,,,
OneOFF_StarSystem_2077,20780,WASP-107,"Star System No. 2,077 has now been reached by the Wave Front: WASP-107",FALSE,GY_ONEOFF,,,,107538.625,2194,TRUE,TRUE,FALSE,OneOFF_StarSystem,6,6,4,,,,,
OneOFF_StarSystem_2078,20790,HD 184010,"Star System No. 2,078 has now been reached by the Wave Front: HD 184010",FALSE,GY_ONEOFF,,,,107538.6458,2194,TRUE,TRUE,FALSE,OneOFF_StarSystem,6,6,4,,,,,
OneOFF_StarSystem_2079,20800,HD 140283 (Methuselah star),"Star System No. 2,079 has now been reached by the Wave Front: HD 140283 (Methuselah star)",FALSE,GY_ONEOFF,,,,107721.25,2194,TRUE,TRUE,FALSE,OneOFF_StarSystem,6,12,4,,,,,
OneOFF_StarSystem_2080,20810,Delta Scuti,"Star System No. 2,080 has now been reached by the Wave Front: Delta Scuti",FALSE,GY_ONEOFF,,,,107903.875,2195,TRUE,TRUE,FALSE,OneOFF_StarSystem,6,6,4,,,,,
OneOFF_StarSystem_2081,20820,Kappa Leonis (Al Minliar al Asad),"Star System No. 2,081 has now been reached by the Wave Front: Kappa Leonis (Al Minliar al Asad)",FALSE,GY_ONEOFF,,,,107903.8958,2195,TRUE,TRUE,FALSE,OneOFF_StarSystem,6,6,4,,,,,
OneOFF_StarSystem_2082,20830,HD 38677,"Star System No. 2,082 has now been reached by the Wave Front: HD 38677",FALSE,GY_ONEOFF,,,,108269.125,2196,TRUE,TRUE,FALSE,OneOFF_StarSystem,6,6,4,,,,,
OneOFF_StarSystem_2083,20840,K2-141,"Star System No. 2,083 has now been reached by the Wave Front: K2-141",FALSE,GY_ONEOFF,,,,108269.1458,2196,TRUE,TRUE,FALSE,OneOFF_StarSystem,6,6,4,,,,,
OneOFF_StarSystem_2084,20850,Iota Antliae,"Star System No. 2,084 has now been reached by the Wave Front: Iota Antliae",FALSE,GY_ONEOFF,,,,108269.1667,2196,TRUE,TRUE,FALSE,OneOFF_StarSystem,6,6,4,,,,,
OneOFF_StarSystem_2085,20860,Epsilon Trianguli Australis,"Star System No. 2,085 has now been reached by the Wave Front: Epsilon Trianguli Australis",FALSE,GY_ONEOFF,,,,108269.1875,2196,TRUE,TRUE,FALSE,OneOFF_StarSystem,6,6,4,,,,,
OneOFF_StarSystem_2086,20870,107 Aquarii A (i² Aquarii),"Star System No. 2,086 has now been reached by the Wave Front: 107 Aquarii A (i² Aquarii)",FALSE,GY_ONEOFF,,,,108269.2083,2196,TRUE,TRUE,FALSE,OneOFF_StarSystem,6,6,4,,,,,
OneOFF_StarSystem_2087,20880,12 Hydrae (D Hydrae),"Star System No. 2,087 has now been reached by the Wave Front: 12 Hydrae (D Hydrae)",FALSE,GY_ONEOFF,,,,108269.2292,2196,TRUE,TRUE,FALSE,OneOFF_StarSystem,6,6,4,,,,,
OneOFF_StarSystem_2088,20890,HD 43197 (Amadioha),"Star System No. 2,088 has now been reached by the Wave Front: HD 43197 (Amadioha)",FALSE,GY_ONEOFF,,,,108853.525,2198,TRUE,TRUE,FALSE,OneOFF_StarSystem,6,1,9,,,,,
OneOFF_StarSystem_2089,20900,Zeta Pegasi (Homam),"Star System No. 2,089 has now been reached by the Wave Front: Zeta Pegasi (Homam)",FALSE,GY_ONEOFF,,,,108999.625,2198,TRUE,TRUE,FALSE,OneOFF_StarSystem,6,6,4,,,,,
OneOFF_StarSystem_2090,20910,TOI-178,"Star System No. 2,090 has now been reached by the Wave Front: TOI-178",FALSE,GY_ONEOFF,,,,109328.35,2199,TRUE,TRUE,FALSE,OneOFF_StarSystem,6,4,29,,,,,
OneOFF_StarSystem_2091,20920,Sigma Aquarii,"Star System No. 2,091 has now been reached by the Wave Front: Sigma Aquarii",FALSE,GY_ONEOFF,,,,109730.125,2200,TRUE,TRUE,FALSE,OneOFF_StarSystem,6,6,5,,,,,
OneOFF_StarSystem_2092,20930,Wolf 354,"Star System No. 2,092 has now been reached by the Wave Front: Wolf 354",FALSE,GY_ONEOFF,,,,109876.225,2200,TRUE,TRUE,FALSE,OneOFF_StarSystem,6,10,29,,,,,
OneOFF_StarSystem_2093,20940,Gamma Pyxidis,"Star System No. 2,093 has now been reached by the Wave Front: Gamma Pyxidis",FALSE,GY_ONEOFF,,,,110095.375,2201,TRUE,TRUE,FALSE,OneOFF_StarSystem,6,6,5,,,,,
OneOFF_StarSystem_2094,20950,Kepler-37,"Star System No. 2,094 has now been reached by the Wave Front: Kepler-37",FALSE,GY_ONEOFF,,,,110716.3,2203,TRUE,TRUE,FALSE,OneOFF_StarSystem,6,2,16,,,,,
OneOFF_StarSystem_2095,20960,83 Aquarii (h Aquarii) - A,"Star System No. 2,095 has now been reached by the Wave Front: 83 Aquarii (h Aquarii) - A",FALSE,GY_ONEOFF,,,,110825.875,2203,TRUE,TRUE,FALSE,OneOFF_StarSystem,6,6,5,,,,,
OneOFF_StarSystem_2096,20970,83 Aquarii (h Aquarii) - B,"Star System No. 2,096 has now been reached by the Wave Front: 83 Aquarii (h Aquarii) - B",FALSE,GY_ONEOFF,,,,110825.8958,2203,TRUE,TRUE,FALSE,OneOFF_StarSystem,6,6,5,,,,,
OneOFF_StarSystem_2097,20980,Zeta Scuti,"Star System No. 2,097 has now been reached by the Wave Front: Zeta Scuti",FALSE,GY_ONEOFF,,,,111191.125,2204,TRUE,TRUE,FALSE,OneOFF_StarSystem,6,6,5,,,,,
OneOFF_StarSystem_2098,20990,HD 108236,"Star System No. 2,098 has now been reached by the Wave Front: HD 108236",FALSE,GY_ONEOFF,,,,111410.275,2205,TRUE,TRUE,FALSE,OneOFF_StarSystem,6,1,10,,,,,
OneOFF_StarSystem_2099,21000,2M1207 (2MASS J12073346–3932539),"Star System No. 2,099 has now been reached by the Wave Front: 2M1207 (2MASS J12073346–3932539)",FALSE,GY_ONEOFF,,,,111556.375,2205,TRUE,TRUE,FALSE,OneOFF_StarSystem,6,6,5,,,,,
OneOFF_StarSystem_2100,21010,Iota Aquarii,"Star System No. 2,100 has now been reached by the Wave Front: Iota Aquarii",FALSE,GY_ONEOFF,,,,111556.3958,2205,TRUE,TRUE,FALSE,OneOFF_StarSystem,6,6,5,,,,,
OneOFF_StarSystem_2101,21020,Omicron Cephei - A,"Star System No. 2,101 has now been reached by the Wave Front: Omicron Cephei - A",FALSE,GY_ONEOFF,,,,111556.4167,2205,TRUE,TRUE,FALSE,OneOFF_StarSystem,6,6,5,,,,,
OneOFF_StarSystem_2102,21030,Omicron Cephei - B,"Star System No. 2,102 has now been reached by the Wave Front: Omicron Cephei - B",FALSE,GY_ONEOFF,,,,111556.4375,2205,TRUE,TRUE,FALSE,OneOFF_StarSystem,6,6,5,,,,,
OneOFF_StarSystem_2103,21040,Gamma Gruis (Aldhanab),"Star System No. 2,103 has now been reached by the Wave Front: Gamma Gruis (Aldhanab)",FALSE,GY_ONEOFF,,,,111556.4583,2205,TRUE,TRUE,FALSE,OneOFF_StarSystem,6,6,5,,,,,
OneOFF_StarSystem_2104,21050,GD 40,"Star System No. 2,104 has now been reached by the Wave Front: GD 40",FALSE,GY_ONEOFF,,,,112031.2,2206,TRUE,TRUE,FALSE,OneOFF_StarSystem,6,9,23,,,,,
OneOFF_StarSystem_2105,21060,Eta Scuti,"Star System No. 2,105 has now been reached by the Wave Front: Eta Scuti",FALSE,GY_ONEOFF,,,,112286.875,2207,TRUE,TRUE,FALSE,OneOFF_StarSystem,6,6,5,,,,,
OneOFF_StarSystem_2106,21070,HD 109246 (Funi),"Star System No. 2,106 has now been reached by the Wave Front: HD 109246 (Funi)",FALSE,GY_ONEOFF,,,,112652.125,2208,TRUE,TRUE,FALSE,OneOFF_StarSystem,6,6,5,,,,,
OneOFF_StarSystem_2107,21080,Upsilon² Eridani (Theemin),"Star System No. 2,107 has now been reached by the Wave Front: Upsilon² Eridani (Theemin)",FALSE,GY_ONEOFF,,,,112652.1458,2208,TRUE,TRUE,FALSE,OneOFF_StarSystem,6,6,5,,,,,
OneOFF_StarSystem_2108,21090,HD 201507,"Star System No. 2,108 has now been reached by the Wave Front: HD 201507",FALSE,GY_ONEOFF,,,,112652.1667,2208,TRUE,TRUE,FALSE,OneOFF_StarSystem,6,6,5,,,,,
OneOFF_StarSystem_2109,21100,HD 80607,"Star System No. 2,109 has now been reached by the Wave Front: HD 80607",FALSE,GY_ONEOFF,,,,113674.825,2211,TRUE,TRUE,FALSE,OneOFF_StarSystem,6,3,24,,,,,
OneOFF_StarSystem_2110,21110,K2-72,"Star System No. 2,110 has now been reached by the Wave Front: K2-72",FALSE,GY_ONEOFF,,,,113711.35,2211,TRUE,TRUE,FALSE,OneOFF_StarSystem,6,4,30,,,,,
OneOFF_StarSystem_2111,21120,HD 80606,"Star System No. 2,111 has now been reached by the Wave Front: HD 80606",FALSE,GY_ONEOFF,,,,113820.925,2211,TRUE,TRUE,FALSE,OneOFF_StarSystem,6,8,17,,,,,
OneOFF_StarSystem_2112,21130,Kepler-138,"Star System No. 2,112 has now been reached by the Wave Front: Kepler-138",FALSE,GY_ONEOFF,,,,114441.85,2213,TRUE,TRUE,FALSE,OneOFF_StarSystem,6,4,29,,,,,
OneOFF_StarSystem_2113,21140,TOI-512,"Star System No. 2,113 has now been reached by the Wave Front: TOI-512",FALSE,GY_ONEOFF,,,,114536.815,2213,TRUE,TRUE,FALSE,OneOFF_StarSystem,6,8,2,,,,,
OneOFF_StarSystem_2114,21150,86 Aquarii (c¹ Aquarii),"Star System No. 2,114 has now been reached by the Wave Front: 86 Aquarii (c¹ Aquarii)",FALSE,GY_ONEOFF,,,,114843.625,2214,TRUE,TRUE,FALSE,OneOFF_StarSystem,6,6,5,,,,,
OneOFF_StarSystem_2115,21160,K2-233,"Star System No. 2,115 has now been reached by the Wave Front: K2-233",FALSE,GY_ONEOFF,,,,115208.875,2215,TRUE,TRUE,FALSE,OneOFF_StarSystem,6,6,5,,,,,
OneOFF_StarSystem_2116,21170,Kappa Aquarii (Situla),"Star System No. 2,116 has now been reached by the Wave Front: Kappa Aquarii (Situla)",FALSE,GY_ONEOFF,,,,115574.125,2216,TRUE,TRUE,FALSE,OneOFF_StarSystem,6,6,5,,,,,
OneOFF_StarSystem_2117,21180,Xi Andromedae (Adhil),"Star System No. 2,117 has now been reached by the Wave Front: Xi Andromedae (Adhil)",FALSE,GY_ONEOFF,,,,115939.375,2217,TRUE,TRUE,FALSE,OneOFF_StarSystem,6,6,5,,,,,
OneOFF_StarSystem_2118,21190,Upsilon Librae,"Star System No. 2,118 has now been reached by the Wave Front: Upsilon Librae",FALSE,GY_ONEOFF,,,,116304.625,2218,TRUE,TRUE,FALSE,OneOFF_StarSystem,6,6,5,,,,,
OneOFF_StarSystem_2119,21200,Phi Aquarii,"Star System No. 2,119 has now been reached by the Wave Front: Phi Aquarii",FALSE,GY_ONEOFF,,,,117400.375,2221,TRUE,TRUE,FALSE,OneOFF_StarSystem,6,6,5,,,,,
OneOFF_StarSystem_2120,21210,Alpha Cassiopeiae (Schedar),"Star System No. 2,120 has now been reached by the Wave Front: Alpha Cassiopeiae (Schedar)",FALSE,GY_ONEOFF,,,,117765.625,2222,TRUE,TRUE,FALSE,OneOFF_StarSystem,6,6,5,,,,,
OneOFF_StarSystem_2121,21220,31 Vulpeculae - A,"Star System No. 2,121 has now been reached by the Wave Front: 31 Vulpeculae - A",FALSE,GY_ONEOFF,,,,117765.6458,2222,TRUE,TRUE,FALSE,OneOFF_StarSystem,6,6,5,,,,,
OneOFF_StarSystem_2122,21230,31 Vulpeculae - B,"Star System No. 2,122 has now been reached by the Wave Front: 31 Vulpeculae - B",FALSE,GY_ONEOFF,,,,117765.6667,2222,TRUE,TRUE,FALSE,OneOFF_StarSystem,6,6,5,,,,,
OneOFF_StarSystem_2123,21240,Sigma Sagittarii (Nunki) - A,"Star System No. 2,123 has now been reached by the Wave Front: Sigma Sagittarii (Nunki) - A",FALSE,GY_ONEOFF,,,,117765.6875,2222,TRUE,TRUE,FALSE,OneOFF_StarSystem,6,6,5,,,,,
OneOFF_StarSystem_2124,21250,Sigma Sagittarii (Nunki) - B,"Star System No. 2,124 has now been reached by the Wave Front: Sigma Sagittarii (Nunki) - B",FALSE,GY_ONEOFF,,,,117765.7083,2222,TRUE,TRUE,FALSE,OneOFF_StarSystem,6,6,5,,,,,
OneOFF_StarSystem_2125,21260,1SWASP J093010.78+533859.5 (V441/V442 Ursae Majoris) - A,"Star System No. 2,125 has now been reached by the Wave Front: 1SWASP J093010.78+533859.5 (V441/V442 Ursae Majoris) - A",FALSE,GY_ONEOFF,,,,118021.3,2223,TRUE,TRUE,FALSE,OneOFF_StarSystem,6,2,16,,,,,
OneOFF_StarSystem_2126,21270,1SWASP J093010.78+533859.5 (V441/V442 Ursae Majoris) - B,"Star System No. 2,126 has now been reached by the Wave Front: 1SWASP J093010.78+533859.5 (V441/V442 Ursae Majoris) - B",FALSE,GY_ONEOFF,,,,118021.3208,2223,TRUE,TRUE,FALSE,OneOFF_StarSystem,6,2,16,,,,,
OneOFF_StarSystem_2127,21280,1SWASP J093010.78+533859.5 (V441/V442 Ursae Majoris) - C,"Star System No. 2,127 has now been reached by the Wave Front: 1SWASP J093010.78+533859.5 (V441/V442 Ursae Majoris) - C",FALSE,GY_ONEOFF,,,,118021.3417,2223,TRUE,TRUE,FALSE,OneOFF_StarSystem,6,2,16,,,,,
OneOFF_StarSystem_2128,21290,1SWASP J093010.78+533859.5 (V441/V442 Ursae Majoris) - D,"Star System No. 2,128 has now been reached by the Wave Front: 1SWASP J093010.78+533859.5 (V441/V442 Ursae Majoris) - D",FALSE,GY_ONEOFF,,,,118021.3625,2223,TRUE,TRUE,FALSE,OneOFF_StarSystem,6,2,16,,,,,
OneOFF_StarSystem_2129,21300,HD 148427 (Timir),"Star System No. 2,129 has now been reached by the Wave Front: HD 148427 (Timir)",FALSE,GY_ONEOFF,,,,118350.025,2224,TRUE,TRUE,FALSE,OneOFF_StarSystem,6,1,11,,,,,
OneOFF_StarSystem_2130,21310,Epsilon Crucis (Ginan),"Star System No. 2,130 has now been reached by the Wave Front: Epsilon Crucis (Ginan)",FALSE,GY_ONEOFF,,,,118496.125,2224,TRUE,TRUE,FALSE,OneOFF_StarSystem,6,6,5,,,,,
OneOFF_StarSystem_2131,21320,Mu Ursae Majoris (Tania Australis),"Star System No. 2,131 has now been reached by the Wave Front: Mu Ursae Majoris (Tania Australis)",FALSE,GY_ONEOFF,,,,118496.1458,2224,TRUE,TRUE,FALSE,OneOFF_StarSystem,6,6,5,,,,,
OneOFF_StarSystem_2132,21330,Mu Geminorum (Tejat),"Star System No. 2,132 has now been reached by the Wave Front: Mu Geminorum (Tejat)",FALSE,GY_ONEOFF,,,,118496.1667,2224,TRUE,TRUE,FALSE,OneOFF_StarSystem,6,6,5,,,,,
OneOFF_StarSystem_2133,21340,Psi³ Aquarii,"Star System No. 2,133 has now been reached by the Wave Front: Psi³ Aquarii",FALSE,GY_ONEOFF,,,,118861.375,2225,TRUE,TRUE,FALSE,OneOFF_StarSystem,6,6,5,,,,,
OneOFF_StarSystem_2134,21350,HAT-P-20,"Star System No. 2,134 has now been reached by the Wave Front: HAT-P-20",FALSE,GY_ONEOFF,,,,119555.35,2227,TRUE,TRUE,FALSE,OneOFF_StarSystem,6,4,30,,,,,
OneOFF_StarSystem_2135,21360,Beta Boötis (Nekkar),"Star System No. 2,135 has now been reached by the Wave Front: Beta Boötis (Nekkar)",FALSE,GY_ONEOFF,,,,120322.375,2229,TRUE,TRUE,FALSE,OneOFF_StarSystem,6,6,5,,,,,
OneOFF_StarSystem_2136,21370,Theta¹ Crucis,"Star System No. 2,136 has now been reached by the Wave Front: Theta¹ Crucis",FALSE,GY_ONEOFF,,,,120322.3958,2229,TRUE,TRUE,FALSE,OneOFF_StarSystem,6,6,5,,,,,
OneOFF_StarSystem_2137,21380,Zeta Ceti (Baten Kaitos),"Star System No. 2,137 has now been reached by the Wave Front: Zeta Ceti (Baten Kaitos)",FALSE,GY_ONEOFF,,,,120322.4167,2229,TRUE,TRUE,FALSE,OneOFF_StarSystem,6,6,5,,,,,
OneOFF_StarSystem_2138,21390,Epsilon Boötis (Izar) - A,"Star System No. 2,138 has now been reached by the Wave Front: Epsilon Boötis (Izar) - A",FALSE,GY_ONEOFF,,,,120687.625,2230,TRUE,TRUE,FALSE,OneOFF_StarSystem,6,6,5,,,,,
OneOFF_StarSystem_2139,21400,Epsilon Boötis (Izar) - B,"Star System No. 2,139 has now been reached by the Wave Front: Epsilon Boötis (Izar) - B",FALSE,GY_ONEOFF,,,,120687.6458,2230,TRUE,TRUE,FALSE,OneOFF_StarSystem,6,6,5,,,,,
OneOFF_StarSystem_2140,21410,HD 200946,"Star System No. 2,140 has now been reached by the Wave Front: HD 200946",FALSE,GY_ONEOFF,,,,121016.35,2231,TRUE,TRUE,FALSE,OneOFF_StarSystem,6,4,30,,,,,
OneOFF_StarSystem_2141,21420,HD 203473,"Star System No. 2,141 has now been reached by the Wave Front: HD 203473",FALSE,GY_ONEOFF,,,,121198.975,2231,TRUE,TRUE,FALSE,OneOFF_StarSystem,6,10,29,,,,,
OneOFF_StarSystem_2142,21430,GP Comae Berenices (G 61-29),"Star System No. 2,142 has now been reached by the Wave Front: GP Comae Berenices (G 61-29)",FALSE,GY_ONEOFF,,,,121235.5,2231,TRUE,TRUE,FALSE,OneOFF_StarSystem,6,12,5,,,,,
OneOFF_StarSystem_2143,21440,HD 192699 (Chechia),"Star System No. 2,143 has now been reached by the Wave Front: HD 192699 (Chechia)",FALSE,GY_ONEOFF,,,,121272.025,2232,TRUE,TRUE,FALSE,OneOFF_StarSystem,6,1,11,,,,,
OneOFF_StarSystem_2144,21450,HD 149143 (Rosalíadecastro),"Star System No. 2,144 has now been reached by the Wave Front: HD 149143 (Rosalíadecastro)",FALSE,GY_ONEOFF,,,,121892.95,2233,TRUE,TRUE,FALSE,OneOFF_StarSystem,6,9,22,,,,,
OneOFF_StarSystem_2145,21460,TOI-1260,"Star System No. 2,145 has now been reached by the Wave Front: TOI-1260",FALSE,GY_ONEOFF,,,,121966,2233,TRUE,TRUE,FALSE,OneOFF_StarSystem,6,12,5,,,,,
OneOFF_StarSystem_2146,21470,HD 82785,"Star System No. 2,146 has now been reached by the Wave Front: HD 82785",FALSE,GY_ONEOFF,,,,122112.1,2234,TRUE,TRUE,FALSE,OneOFF_StarSystem,6,4,30,,,,,
OneOFF_StarSystem_2147,21480,HD 109000,"Star System No. 2,147 has now been reached by the Wave Front: HD 109000",FALSE,GY_ONEOFF,,,,122148.625,2234,TRUE,TRUE,FALSE,OneOFF_StarSystem,6,6,5,,,,,
OneOFF_StarSystem_2148,21490,HD 128717,"Star System No. 2,148 has now been reached by the Wave Front: HD 128717",FALSE,GY_ONEOFF,,,,122148.6458,2234,TRUE,TRUE,FALSE,OneOFF_StarSystem,6,6,5,,,,,
OneOFF_StarSystem_2149,21500,PHL 5038 - A,"Star System No. 2,149 has now been reached by the Wave Front: PHL 5038 - A",FALSE,GY_ONEOFF,,,,122148.6667,2234,TRUE,TRUE,FALSE,OneOFF_StarSystem,6,6,5,,,,,
OneOFF_StarSystem_2150,21510,PHL 5038 - B,"Star System No. 2,150 has now been reached by the Wave Front: PHL 5038 - B",FALSE,GY_ONEOFF,,,,122148.6875,2234,TRUE,TRUE,FALSE,OneOFF_StarSystem,6,6,5,,,,,
OneOFF_StarSystem_2151,21520,Eta Andromedae (Kui) - A,"Star System No. 2,151 has now been reached by the Wave Front: Eta Andromedae (Kui) - A",FALSE,GY_ONEOFF,,,,122148.7083,2234,TRUE,TRUE,FALSE,OneOFF_StarSystem,6,6,5,,,,,
OneOFF_StarSystem_2152,21530,Eta Andromedae (Kui) - B,"Star System No. 2,152 has now been reached by the Wave Front: Eta Andromedae (Kui) - B",FALSE,GY_ONEOFF,,,,122148.7292,2234,TRUE,TRUE,FALSE,OneOFF_StarSystem,6,6,5,,,,,
OneOFF_StarSystem_2153,21540,Gaia-4,"Star System No. 2,153 has now been reached by the Wave Front: Gaia-4",FALSE,GY_ONEOFF,,,,122513.875,2235,TRUE,TRUE,FALSE,OneOFF_StarSystem,6,6,5,,,,,
OneOFF_StarSystem_2154,21550,Eta Aurigae (Haedus),"Star System No. 2,154 has now been reached by the Wave Front: Eta Aurigae (Haedus)",FALSE,GY_ONEOFF,,,,123244.375,2237,TRUE,TRUE,FALSE,OneOFF_StarSystem,6,6,5,,,,,
OneOFF_StarSystem_2155,21560,39 Ceti (AY Ceti) - A,"Star System No. 2,155 has now been reached by the Wave Front: 39 Ceti (AY Ceti) - A",FALSE,GY_ONEOFF,,,,123609.625,2238,TRUE,TRUE,FALSE,OneOFF_StarSystem,6,6,5,,,,,
OneOFF_StarSystem_2156,21570,39 Ceti (AY Ceti) - B,"Star System No. 2,156 has now been reached by the Wave Front: 39 Ceti (AY Ceti) - B",FALSE,GY_ONEOFF,,,,123609.6458,2238,TRUE,TRUE,FALSE,OneOFF_StarSystem,6,6,5,,,,,
OneOFF_StarSystem_2157,21580,Epsilon Aquarii (Albali) - A,"Star System No. 2,157 has now been reached by the Wave Front: Epsilon Aquarii (Albali) - A",FALSE,GY_ONEOFF,,,,123609.6667,2238,TRUE,TRUE,FALSE,OneOFF_StarSystem,6,6,5,,,,,
OneOFF_StarSystem_2158,21590,Epsilon Aquarii (Albali) - B,"Star System No. 2,158 has now been reached by the Wave Front: Epsilon Aquarii (Albali) - B",FALSE,GY_ONEOFF,,,,123609.6875,2238,TRUE,TRUE,FALSE,OneOFF_StarSystem,6,6,5,,,,,
OneOFF_StarSystem_2159,21600,18 Delphini (Musica),"Star System No. 2,159 has now been reached by the Wave Front: 18 Delphini (Musica)",FALSE,GY_ONEOFF,,,,123974.875,2239,TRUE,TRUE,FALSE,OneOFF_StarSystem,6,6,5,,,,,
OneOFF_StarSystem_2160,21610,LP 358-499,"Star System No. 2,160 has now been reached by the Wave Front: LP 358-499",FALSE,GY_ONEOFF,,,,124084.45,2239,TRUE,TRUE,FALSE,OneOFF_StarSystem,6,9,23,,,,,
OneOFF_StarSystem_2161,21620,Kepler-16 - A,"Star System No. 2,161 has now been reached by the Wave Front: Kepler-16 - A",FALSE,GY_ONEOFF,,,,124120.975,2239,TRUE,TRUE,FALSE,OneOFF_StarSystem,6,10,29,,,,,
OneOFF_StarSystem_2162,21630,Kepler-16 - B,"Star System No. 2,162 has now been reached by the Wave Front: Kepler-16 - B",FALSE,GY_ONEOFF,,,,124120.9958,2239,TRUE,TRUE,FALSE,OneOFF_StarSystem,6,10,29,,,,,
OneOFF_StarSystem_2163,21640,Eta Virginis (Zaniah),"Star System No. 2,163 has now been reached by the Wave Front: Eta Virginis (Zaniah)",FALSE,GY_ONEOFF,,,,124340.125,2240,TRUE,TRUE,FALSE,OneOFF_StarSystem,6,6,5,,,,,
OneOFF_StarSystem_2164,21650,HD 7977 (TYC 4034-1077-1/USNO-A2 1500-01356484),"Star System No. 2,164 has now been reached by the Wave Front: HD 7977 (TYC 4034-1077-1/USNO-A2 1500-01356484)",FALSE,GY_ONEOFF,,,,124668.85,2241,TRUE,TRUE,FALSE,OneOFF_StarSystem,6,4,29,,,,,
OneOFF_StarSystem_2165,21660,25 Aquarii,"Star System No. 2,165 has now been reached by the Wave Front: 25 Aquarii",FALSE,GY_ONEOFF,,,,124705.375,2241,TRUE,TRUE,FALSE,OneOFF_StarSystem,6,6,5,,,,,
OneOFF_StarSystem_2166,21670,14 Andromedae (Veritate),"Star System No. 2,166 has now been reached by the Wave Front: 14 Andromedae (Veritate)",FALSE,GY_ONEOFF,,,,125070.625,2242,TRUE,TRUE,FALSE,OneOFF_StarSystem,6,6,5,,,,,
OneOFF_StarSystem_2167,21680,HD 149026 (Ogma),"Star System No. 2,167 has now been reached by the Wave Front: HD 149026 (Ogma)",FALSE,GY_ONEOFF,,,,125289.775,2243,TRUE,TRUE,FALSE,OneOFF_StarSystem,6,1,10,,,,,
OneOFF_StarSystem_2168,21690,Alpha Ceti (Menkar),"Star System No. 2,168 has now been reached by the Wave Front: Alpha Ceti (Menkar)",FALSE,GY_ONEOFF,,,,125435.875,2243,TRUE,TRUE,FALSE,OneOFF_StarSystem,6,6,5,,,,,
OneOFF_StarSystem_2169,21700,Omega Herculis (Cujam),"Star System No. 2,169 has now been reached by the Wave Front: Omega Herculis (Cujam)",FALSE,GY_ONEOFF,,,,125801.125,2244,TRUE,TRUE,FALSE,OneOFF_StarSystem,6,6,5,,,,,
OneOFF_StarSystem_2170,21710,Spica (Alpha Virginis) - A,"Star System No. 2,170 has now been reached by the Wave Front: Spica (Alpha Virginis) - A",FALSE,GY_ONEOFF,,,,125801.1458,2244,TRUE,TRUE,FALSE,OneOFF_StarSystem,6,6,5,,,,,
OneOFF_StarSystem_2171,21720,Spica (Alpha Virginis) - B,"Star System No. 2,171 has now been reached by the Wave Front: Spica (Alpha Virginis) - B",FALSE,GY_ONEOFF,,,,125801.1667,2244,TRUE,TRUE,FALSE,OneOFF_StarSystem,6,6,5,,,,,
OneOFF_StarSystem_2172,21730,Bellatrix (Gamma Orionis),"Star System No. 2,172 has now been reached by the Wave Front: Bellatrix (Gamma Orionis)",FALSE,GY_ONEOFF,,,,125801.1875,2244,TRUE,TRUE,FALSE,OneOFF_StarSystem,6,6,5,,,,,
OneOFF_StarSystem_2173,21740,K2-266,"Star System No. 2,173 has now been reached by the Wave Front: K2-266",FALSE,GY_ONEOFF,,,,126531.625,2246,TRUE,TRUE,FALSE,OneOFF_StarSystem,6,6,5,,,,,
OneOFF_StarSystem_2174,21750,HD 17156 (Nushagak),"Star System No. 2,174 has now been reached by the Wave Front: HD 17156 (Nushagak)",FALSE,GY_ONEOFF,,,,126750.775,2247,TRUE,TRUE,FALSE,OneOFF_StarSystem,6,1,10,,,,,
OneOFF_StarSystem_2175,21760,Nu Capricorni (Alshat),"Star System No. 2,175 has now been reached by the Wave Front: Nu Capricorni (Alshat)",FALSE,GY_ONEOFF,,,,126896.875,2247,TRUE,TRUE,FALSE,OneOFF_StarSystem,6,6,5,,,,,
OneOFF_StarSystem_2176,21770,Alpha Delphini (Sualocin),"Star System No. 2,176 has now been reached by the Wave Front: Alpha Delphini (Sualocin)",FALSE,GY_ONEOFF,,,,127262.125,2248,TRUE,TRUE,FALSE,OneOFF_StarSystem,6,6,5,,,,,
OneOFF_StarSystem_2177,21780,HD 75898 (Stribor),"Star System No. 2,177 has now been reached by the Wave Front: HD 75898 (Stribor)",FALSE,GY_ONEOFF,,,,127481.275,2249,TRUE,TRUE,FALSE,OneOFF_StarSystem,6,1,10,,,,,
OneOFF_StarSystem_2178,21790,Kappa Virginis (Kang),"Star System No. 2,178 has now been reached by the Wave Front: Kappa Virginis (Kang)",FALSE,GY_ONEOFF,,,,127627.375,2249,TRUE,TRUE,FALSE,OneOFF_StarSystem,6,6,5,,,,,
OneOFF_StarSystem_2179,21800,HJ 2814 A,"Star System No. 2,179 has now been reached by the Wave Front: HJ 2814 A",FALSE,GY_ONEOFF,,,,127992.625,2250,TRUE,TRUE,FALSE,OneOFF_StarSystem,6,6,5,,,,,
OneOFF_StarSystem_2180,21810,TOI-6054 (HD 23074),"Star System No. 2,180 has now been reached by the Wave Front: TOI-6054 (HD 23074)",FALSE,GY_ONEOFF,,,,128248.3,2251,TRUE,TRUE,FALSE,OneOFF_StarSystem,6,2,16,,,,,
OneOFF_StarSystem_2181,21820,TOI-1453 - A,"Star System No. 2,181 has now been reached by the Wave Front: TOI-1453 - A",FALSE,GY_ONEOFF,,,,128463.067,2251,TRUE,TRUE,FALSE,OneOFF_StarSystem,6,9,19,,,,,
OneOFF_StarSystem_2182,21830,TOI-1453 - B,"Star System No. 2,182 has now been reached by the Wave Front: TOI-1453 - B",FALSE,GY_ONEOFF,,,,128463.0878,2251,TRUE,TRUE,FALSE,OneOFF_StarSystem,6,9,19,,,,,
OneOFF_StarSystem_2183,21840,HD 21520,"Star System No. 2,183 has now been reached by the Wave Front: HD 21520",FALSE,GY_ONEOFF,,,,128723.125,2252,TRUE,TRUE,FALSE,OneOFF_StarSystem,6,6,5,,,,,
OneOFF_StarSystem_2184,21850,HD 84406,"Star System No. 2,184 has now been reached by the Wave Front: HD 84406",FALSE,GY_ONEOFF,,,,129453.625,2254,TRUE,TRUE,FALSE,OneOFF_StarSystem,6,6,5,,,,,
OneOFF_StarSystem_2185,21860,19 Aquarii,"Star System No. 2,185 has now been reached by the Wave Front: 19 Aquarii",FALSE,GY_ONEOFF,,,,129453.6458,2254,TRUE,TRUE,FALSE,OneOFF_StarSystem,6,6,5,,,,,
OneOFF_StarSystem_2186,21870,Gamma² Andromedae - A,"Star System No. 2,186 has now been reached by the Wave Front: Gamma² Andromedae - A",FALSE,GY_ONEOFF,,,,129453.6667,2254,TRUE,TRUE,FALSE,OneOFF_StarSystem,6,6,5,,,,,
OneOFF_StarSystem_2187,21880,Gamma² Andromedae - B,"Star System No. 2,187 has now been reached by the Wave Front: Gamma² Andromedae - B",FALSE,GY_ONEOFF,,,,129453.6875,2254,TRUE,TRUE,FALSE,OneOFF_StarSystem,6,6,5,,,,,
OneOFF_StarSystem_2188,21890,Gamma² Andromedae - C,"Star System No. 2,188 has now been reached by the Wave Front: Gamma² Andromedae - C",FALSE,GY_ONEOFF,,,,129453.7083,2254,TRUE,TRUE,FALSE,OneOFF_StarSystem,6,6,5,,,,,
OneOFF_StarSystem_2189,21900,Iota Trianguli B,"Star System No. 2,189 has now been reached by the Wave Front: Iota Trianguli B",FALSE,GY_ONEOFF,,,,129453.7292,2254,TRUE,TRUE,FALSE,OneOFF_StarSystem,6,6,5,,,,,
OneOFF_StarSystem_2190,21910,Zeta Sagittae,"Star System No. 2,190 has now been reached by the Wave Front: Zeta Sagittae",FALSE,GY_ONEOFF,,,,129453.75,2254,TRUE,TRUE,FALSE,OneOFF_StarSystem,6,6,5,,,,,
OneOFF_StarSystem_2191,21920,13 Comae Berenices,"Star System No. 2,191 has now been reached by the Wave Front: 13 Comae Berenices",FALSE,GY_ONEOFF,,,,129453.7708,2254,TRUE,TRUE,FALSE,OneOFF_StarSystem,6,6,5,,,,,
OneOFF_StarSystem_2192,21930,Gamma Sextantis,"Star System No. 2,192 has now been reached by the Wave Front: Gamma Sextantis",FALSE,GY_ONEOFF,,,,129818.875,2255,TRUE,TRUE,FALSE,OneOFF_StarSystem,6,6,5,,,,,
OneOFF_StarSystem_2193,21940,S Antliae,"Star System No. 2,193 has now been reached by the Wave Front: S Antliae",FALSE,GY_ONEOFF,,,,129818.8958,2255,TRUE,TRUE,FALSE,OneOFF_StarSystem,6,6,5,,,,,
OneOFF_StarSystem_2194,21950,Nu Pegasi,"Star System No. 2,194 has now been reached by the Wave Front: Nu Pegasi",FALSE,GY_ONEOFF,,,,129818.9167,2255,TRUE,TRUE,FALSE,OneOFF_StarSystem,6,6,5,,,,,
OneOFF_StarSystem_2195,21960,Alpha Columbae (Phact),"Star System No. 2,195 has now been reached by the Wave Front: Alpha Columbae (Phact)",FALSE,GY_ONEOFF,,,,129818.9375,2255,TRUE,TRUE,FALSE,OneOFF_StarSystem,6,6,5,,,,,
OneOFF_StarSystem_2196,21970,Sigma Librae (Brachium),"Star System No. 2,196 has now been reached by the Wave Front: Sigma Librae (Brachium)",FALSE,GY_ONEOFF,,,,129818.9583,2255,TRUE,TRUE,FALSE,OneOFF_StarSystem,6,6,5,,,,,
OneOFF_StarSystem_2197,21980,Iota Hydrae (Ukdah),"Star System No. 2,197 has now been reached by the Wave Front: Iota Hydrae (Ukdah)",FALSE,GY_ONEOFF,,,,130549.375,2257,TRUE,TRUE,FALSE,OneOFF_StarSystem,6,6,5,,,,,
OneOFF_StarSystem_2198,21990,HJ 2814 B,"Star System No. 2,198 has now been reached by the Wave Front: HJ 2814 B",FALSE,GY_ONEOFF,,,,130732,2257,TRUE,TRUE,FALSE,OneOFF_StarSystem,6,12,5,,,,,
OneOFF_StarSystem_2199,22000,Chi Andromedae,"Star System No. 2,199 has now been reached by the Wave Front: Chi Andromedae",FALSE,GY_ONEOFF,,,,130914.625,2258,TRUE,TRUE,FALSE,OneOFF_StarSystem,6,6,5,,,,,
OneOFF_StarSystem_2200,22010,Upsilon¹ Hydrae (Zhang),"Star System No. 2,200 has now been reached by the Wave Front: Upsilon¹ Hydrae (Zhang)",FALSE,GY_ONEOFF,,,,130914.6458,2258,TRUE,TRUE,FALSE,OneOFF_StarSystem,6,6,5,,,,,
OneOFF_StarSystem_2201,22020,LTT 9779 (Uúba),"Star System No. 2,201 has now been reached by the Wave Front: LTT 9779 (Uúba)",FALSE,GY_ONEOFF,,,,131024.2,2258,TRUE,TRUE,FALSE,OneOFF_StarSystem,6,9,23,,,,,
OneOFF_StarSystem_2202,22030,14 Comae Berenices,"Star System No. 2,202 has now been reached by the Wave Front: 14 Comae Berenices",FALSE,GY_ONEOFF,,,,131645.125,2260,TRUE,TRUE,FALSE,OneOFF_StarSystem,6,6,5,,,,,
OneOFF_StarSystem_2203,22040,K2-155,"Star System No. 2,203 has now been reached by the Wave Front: K2-155",FALSE,GY_ONEOFF,,,,132010.375,2261,TRUE,TRUE,FALSE,OneOFF_StarSystem,6,6,5,,,,,
OneOFF_StarSystem_2204,22050,14 Aurigae (KW Aurigae) - A,"Star System No. 2,204 has now been reached by the Wave Front: 14 Aurigae (KW Aurigae) - A",FALSE,GY_ONEOFF,,,,132740.875,2263,TRUE,TRUE,FALSE,OneOFF_StarSystem,6,6,5,,,,,
OneOFF_StarSystem_2205,22060,14 Aurigae (KW Aurigae) - B,"Star System No. 2,205 has now been reached by the Wave Front: 14 Aurigae (KW Aurigae) - B",FALSE,GY_ONEOFF,,,,132740.8958,2263,TRUE,TRUE,FALSE,OneOFF_StarSystem,6,6,5,,,,,
OneOFF_StarSystem_2206,22070,14 Aurigae (KW Aurigae) - C,"Star System No. 2,206 has now been reached by the Wave Front: 14 Aurigae (KW Aurigae) - C",FALSE,GY_ONEOFF,,,,132740.9167,2263,TRUE,TRUE,FALSE,OneOFF_StarSystem,6,6,5,,,,,
OneOFF_StarSystem_2207,22080,14 Aurigae (KW Aurigae) - D,"Star System No. 2,207 has now been reached by the Wave Front: 14 Aurigae (KW Aurigae) - D",FALSE,GY_ONEOFF,,,,132740.9375,2263,TRUE,TRUE,FALSE,OneOFF_StarSystem,6,6,5,,,,,
OneOFF_StarSystem_2208,22090,K2-384,"Star System No. 2,208 has now been reached by the Wave Front: K2-384",FALSE,GY_ONEOFF,,,,133106.125,2264,TRUE,TRUE,FALSE,OneOFF_StarSystem,6,6,5,,,,,
OneOFF_StarSystem_2209,22100,68 Aquarii (g² Aquarii),"Star System No. 2,209 has now been reached by the Wave Front: 68 Aquarii (g² Aquarii)",FALSE,GY_ONEOFF,,,,133106.1458,2264,TRUE,TRUE,FALSE,OneOFF_StarSystem,6,6,5,,,,,
OneOFF_StarSystem_2210,22110,Alpha Arae,"Star System No. 2,210 has now been reached by the Wave Front: Alpha Arae",FALSE,GY_ONEOFF,,,,133106.1667,2264,TRUE,TRUE,FALSE,OneOFF_StarSystem,6,6,5,,,,,
OneOFF_StarSystem_2211,22120,88 Aquarii (c² Aquarii/Safina),"Star System No. 2,211 has now been reached by the Wave Front: 88 Aquarii (c² Aquarii/Safina)",FALSE,GY_ONEOFF,,,,133471.375,2265,TRUE,TRUE,FALSE,OneOFF_StarSystem,6,6,5,,,,,
OneOFF_StarSystem_2212,22130,SX Phoenicis,"Star System No. 2,212 has now been reached by the Wave Front: SX Phoenicis",FALSE,GY_ONEOFF,,,,133836.625,2266,TRUE,TRUE,FALSE,OneOFF_StarSystem,6,6,5,,,,,
OneOFF_StarSystem_2213,22140,HD 73534 (Gakyid),"Star System No. 2,213 has now been reached by the Wave Front: HD 73534 (Gakyid)",FALSE,GY_ONEOFF,,,,134128.825,2267,TRUE,TRUE,FALSE,OneOFF_StarSystem,6,3,24,,,,,
OneOFF_StarSystem_2214,22150,62 Andromedae,"Star System No. 2,214 has now been reached by the Wave Front: 62 Andromedae",FALSE,GY_ONEOFF,,,,134201.875,2267,TRUE,TRUE,FALSE,OneOFF_StarSystem,6,6,5,,,,,
OneOFF_StarSystem_2215,22160,Zeta Leonis (Adhafera),"Star System No. 2,215 has now been reached by the Wave Front: Zeta Leonis (Adhafera)",FALSE,GY_ONEOFF,,,,134567.125,2268,TRUE,TRUE,FALSE,OneOFF_StarSystem,6,6,5,,,,,
OneOFF_StarSystem_2216,22170,TOI-561,"Star System No. 2,216 has now been reached by the Wave Front: TOI-561",FALSE,GY_ONEOFF,,,,135151.525,2270,TRUE,TRUE,FALSE,OneOFF_StarSystem,6,1,10,,,,,
OneOFF_StarSystem_2217,22180,TOI-1136,"Star System No. 2,217 has now been reached by the Wave Front: TOI-1136",FALSE,GY_ONEOFF,,,,135261.1,2270,TRUE,TRUE,FALSE,OneOFF_StarSystem,6,4,30,,,,,
OneOFF_StarSystem_2218,22190,41 Lyncis (Intercrus),"Star System No. 2,218 has now been reached by the Wave Front: 41 Lyncis (Intercrus)",FALSE,GY_ONEOFF,,,,135297.625,2270,TRUE,TRUE,FALSE,OneOFF_StarSystem,6,6,5,,,,,
OneOFF_StarSystem_2219,22200,12 Comae Berenices - A,"Star System No. 2,219 has now been reached by the Wave Front: 12 Comae Berenices - A",FALSE,GY_ONEOFF,,,,135297.6458,2270,TRUE,TRUE,FALSE,OneOFF_StarSystem,6,6,5,,,,,
OneOFF_StarSystem_2220,22210,12 Comae Berenices - B,"Star System No. 2,220 has now been reached by the Wave Front: 12 Comae Berenices - B",FALSE,GY_ONEOFF,,,,135297.6667,2270,TRUE,TRUE,FALSE,OneOFF_StarSystem,6,6,5,,,,,
OneOFF_StarSystem_2221,22220,Eta Circini,"Star System No. 2,221 has now been reached by the Wave Front: Eta Circini",FALSE,GY_ONEOFF,,,,135297.6875,2270,TRUE,TRUE,FALSE,OneOFF_StarSystem,6,6,5,,,,,
OneOFF_StarSystem_2222,22230,Theta Circini,"Star System No. 2,222 has now been reached by the Wave Front: Theta Circini",FALSE,GY_ONEOFF,,,,135297.7083,2270,TRUE,TRUE,FALSE,OneOFF_StarSystem,6,6,5,,,,,
OneOFF_StarSystem_2223,22240,AE Aquarii - A,"Star System No. 2,223 has now been reached by the Wave Front: AE Aquarii - A",FALSE,GY_ONEOFF,,,,136758.625,2274,TRUE,TRUE,FALSE,OneOFF_StarSystem,6,6,5,,,,,
OneOFF_StarSystem_2224,22250,AE Aquarii - B,"Star System No. 2,224 has now been reached by the Wave Front: AE Aquarii - B",FALSE,GY_ONEOFF,,,,136758.6458,2274,TRUE,TRUE,FALSE,OneOFF_StarSystem,6,6,5,,,,,
OneOFF_StarSystem_2225,22260,Mimosa (Beta Crucis),"Star System No. 2,225 has now been reached by the Wave Front: Mimosa (Beta Crucis)",FALSE,GY_ONEOFF,,,,136758.6667,2274,TRUE,TRUE,FALSE,OneOFF_StarSystem,6,6,5,,,,,
OneOFF_StarSystem_2226,22270,Omicron Piscium,"Star System No. 2,226 has now been reached by the Wave Front: Omicron Piscium",FALSE,GY_ONEOFF,,,,136758.6875,2274,TRUE,TRUE,FALSE,OneOFF_StarSystem,6,6,5,,,,,
OneOFF_StarSystem_2227,22280,HD 95086 (Aiolos),"Star System No. 2,227 has now been reached by the Wave Front: HD 95086 (Aiolos)",FALSE,GY_ONEOFF,,,,137489.125,2276,TRUE,TRUE,FALSE,OneOFF_StarSystem,6,6,5,,,,,
OneOFF_StarSystem_2228,22290,Alpha Sextantis,"Star System No. 2,228 has now been reached by the Wave Front: Alpha Sextantis",FALSE,GY_ONEOFF,,,,137854.375,2277,TRUE,TRUE,FALSE,OneOFF_StarSystem,6,6,5,,,,,
OneOFF_StarSystem_2229,22300,Chi Tauri - Ba,"Star System No. 2,229 has now been reached by the Wave Front: Chi Tauri - Ba",FALSE,GY_ONEOFF,,,,137854.3958,2277,TRUE,TRUE,FALSE,OneOFF_StarSystem,6,6,5,,,,,
OneOFF_StarSystem_2230,22310,Chi Tauri - Bb,"Star System No. 2,230 has now been reached by the Wave Front: Chi Tauri - Bb",FALSE,GY_ONEOFF,,,,137854.4167,2277,TRUE,TRUE,FALSE,OneOFF_StarSystem,6,6,5,,,,,
OneOFF_StarSystem_2231,22320,Chi Tauri - Bc1,"Star System No. 2,231 has now been reached by the Wave Front: Chi Tauri - Bc1",FALSE,GY_ONEOFF,,,,137854.4375,2277,TRUE,TRUE,FALSE,OneOFF_StarSystem,6,6,5,,,,,
OneOFF_StarSystem_2232,22330,Chi Tauri - Bc2,"Star System No. 2,232 has now been reached by the Wave Front: Chi Tauri - Bc2",FALSE,GY_ONEOFF,,,,137854.4583,2277,TRUE,TRUE,FALSE,OneOFF_StarSystem,6,6,5,,,,,
OneOFF_StarSystem_2233,22340,99 Aquarii (b² Aquarii),"Star System No. 2,233 has now been reached by the Wave Front: 99 Aquarii (b² Aquarii)",FALSE,GY_ONEOFF,,,,137854.4792,2277,TRUE,TRUE,FALSE,OneOFF_StarSystem,6,6,5,,,,,
OneOFF_StarSystem_2234,22350,WASP-43 (Gnomon),"Star System No. 2,234 has now been reached by the Wave Front: WASP-43 (Gnomon)",FALSE,GY_ONEOFF,,,,138329.2,2278,TRUE,TRUE,FALSE,OneOFF_StarSystem,6,9,23,,,,,
OneOFF_StarSystem_2235,22360,Theta Aquilae (Antinous) - A,"Star System No. 2,235 has now been reached by the Wave Front: Theta Aquilae (Antinous) - A",FALSE,GY_ONEOFF,,,,138950.125,2280,TRUE,TRUE,FALSE,OneOFF_StarSystem,6,6,5,,,,,
OneOFF_StarSystem_2236,22370,Theta Aquilae (Antinous) - B,"Star System No. 2,236 has now been reached by the Wave Front: Theta Aquilae (Antinous) - B",FALSE,GY_ONEOFF,,,,138950.1458,2280,TRUE,TRUE,FALSE,OneOFF_StarSystem,6,6,5,,,,,
OneOFF_StarSystem_2237,22380,AM Herculis - A,"Star System No. 2,237 has now been reached by the Wave Front: AM Herculis - A",FALSE,GY_ONEOFF,,,,139023.175,2280,TRUE,TRUE,FALSE,OneOFF_StarSystem,6,8,17,,,,,
OneOFF_StarSystem_2238,22390,AM Herculis - B,"Star System No. 2,238 has now been reached by the Wave Front: AM Herculis - B",FALSE,GY_ONEOFF,,,,139023.1958,2280,TRUE,TRUE,FALSE,OneOFF_StarSystem,6,8,17,,,,,
OneOFF_StarSystem_2239,22400,Gamma Sagittae,"Star System No. 2,239 has now been reached by the Wave Front: Gamma Sagittae",FALSE,GY_ONEOFF,,,,139680.625,2282,TRUE,TRUE,FALSE,OneOFF_StarSystem,6,6,5,,,,,
OneOFF_StarSystem_2240,22410,Iota Trianguli - Aa,"Star System No. 2,240 has now been reached by the Wave Front: Iota Trianguli - Aa",FALSE,GY_ONEOFF,,,,140045.875,2283,TRUE,TRUE,FALSE,OneOFF_StarSystem,6,6,5,,,,,
OneOFF_StarSystem_2241,22420,Iota Trianguli - Ab,"Star System No. 2,241 has now been reached by the Wave Front: Iota Trianguli - Ab",FALSE,GY_ONEOFF,,,,140045.8958,2283,TRUE,TRUE,FALSE,OneOFF_StarSystem,6,6,5,,,,,
OneOFF_StarSystem_2242,22430,Beta Equulei,"Star System No. 2,242 has now been reached by the Wave Front: Beta Equulei",FALSE,GY_ONEOFF,,,,140045.9167,2283,TRUE,TRUE,FALSE,OneOFF_StarSystem,6,6,5,,,,,
OneOFF_StarSystem_2243,22440,HD 105841,"Star System No. 2,243 has now been reached by the Wave Front: HD 105841",FALSE,GY_ONEOFF,,,,140411.125,2284,TRUE,TRUE,FALSE,OneOFF_StarSystem,6,6,5,,,,,
OneOFF_StarSystem_2244,22450,58 Hydrae (Solitaire),"Star System No. 2,244 has now been reached by the Wave Front: 58 Hydrae (Solitaire)",FALSE,GY_ONEOFF,,,,140411.1458,2284,TRUE,TRUE,FALSE,OneOFF_StarSystem,6,6,5,,,,,
OneOFF_StarSystem_2245,22460,101 Aquarii (b³ Aquarii),"Star System No. 2,245 has now been reached by the Wave Front: 101 Aquarii (b³ Aquarii)",FALSE,GY_ONEOFF,,,,140411.1667,2284,TRUE,TRUE,FALSE,OneOFF_StarSystem,6,6,5,,,,,
OneOFF_StarSystem_2246,22470,Beta Cancri (Tarf),"Star System No. 2,246 has now been reached by the Wave Front: Beta Cancri (Tarf)",FALSE,GY_ONEOFF,,,,140411.1875,2284,TRUE,TRUE,FALSE,OneOFF_StarSystem,6,6,5,,,,,
OneOFF_StarSystem_2247,22480,GALEX J2339–0424,"Star System No. 2,247 has now been reached by the Wave Front: GALEX J2339–0424",FALSE,GY_ONEOFF,,,,140776.375,2285,TRUE,TRUE,FALSE,OneOFF_StarSystem,6,6,5,,,,,
OneOFF_StarSystem_2248,22490,Alpha Vulpeculae (Anser),"Star System No. 2,248 has now been reached by the Wave Front: Alpha Vulpeculae (Anser)",FALSE,GY_ONEOFF,,,,140776.3958,2285,TRUE,TRUE,FALSE,OneOFF_StarSystem,6,6,5,,,,,
OneOFF_StarSystem_2249,22500,V Cephei,"Star System No. 2,249 has now been reached by the Wave Front: V Cephei",FALSE,GY_ONEOFF,,,,140995.525,2286,TRUE,TRUE,FALSE,OneOFF_StarSystem,6,1,10,,,,,
OneOFF_StarSystem_2250,22510,Zeta Apodis,"Star System No. 2,250 has now been reached by the Wave Front: Zeta Apodis",FALSE,GY_ONEOFF,,,,141506.875,2287,TRUE,TRUE,FALSE,OneOFF_StarSystem,6,6,5,,,,,
OneOFF_StarSystem_2251,22520,HD 48265 (Nosaxa),"Star System No. 2,251 has now been reached by the Wave Front: HD 48265 (Nosaxa)",FALSE,GY_ONEOFF,,,,141506.8958,2287,TRUE,TRUE,FALSE,OneOFF_StarSystem,6,6,5,,,,,
OneOFF_StarSystem_2252,22530,Sigma Octantis (Polaris Australis),"Star System No. 2,252 has now been reached by the Wave Front: Sigma Octantis (Polaris Australis)",FALSE,GY_ONEOFF,,,,141872.125,2288,TRUE,TRUE,FALSE,OneOFF_StarSystem,6,6,5,,,,,
OneOFF_StarSystem_2253,22540,42 Draconis (Fafnir),"Star System No. 2,253 has now been reached by the Wave Front: 42 Draconis (Fafnir)",FALSE,GY_ONEOFF,,,,142237.375,2289,TRUE,TRUE,FALSE,OneOFF_StarSystem,6,6,5,,,,,
OneOFF_StarSystem_2254,22550,Chi Tauri,"Star System No. 2,254 has now been reached by the Wave Front: Chi Tauri",FALSE,GY_ONEOFF,,,,142237.3958,2289,TRUE,TRUE,FALSE,OneOFF_StarSystem,6,6,5,,,,,
OneOFF_StarSystem_2255,22560,31 Leonis (Yunü),"Star System No. 2,255 has now been reached by the Wave Front: 31 Leonis (Yunü)",FALSE,GY_ONEOFF,,,,142602.625,2290,TRUE,TRUE,FALSE,OneOFF_StarSystem,6,6,5,,,,,
OneOFF_StarSystem_2256,22570,Upsilon³ Eridani (Beemim),"Star System No. 2,256 has now been reached by the Wave Front: Upsilon³ Eridani (Beemim)",FALSE,GY_ONEOFF,,,,142602.6458,2290,TRUE,TRUE,FALSE,OneOFF_StarSystem,6,6,5,,,,,
OneOFF_StarSystem_2257,22580,NR Canis Majoris,"Star System No. 2,257 has now been reached by the Wave Front: NR Canis Majoris",FALSE,GY_ONEOFF,,,,142967.875,2291,TRUE,TRUE,FALSE,OneOFF_StarSystem,6,6,5,,,,,
OneOFF_StarSystem_2258,22590,Mira (Omicron Ceti) - A,"Star System No. 2,258 has now been reached by the Wave Front: Mira (Omicron Ceti) - A",FALSE,GY_ONEOFF,,,,144063.625,2294,TRUE,TRUE,FALSE,OneOFF_StarSystem,6,6,5,,,,,
OneOFF_StarSystem_2259,22600,Mira (Omicron Ceti) - B (VZ Ceti),"Star System No. 2,259 has now been reached by the Wave Front: Mira (Omicron Ceti) - B (VZ Ceti)",FALSE,GY_ONEOFF,,,,144063.6458,2294,TRUE,TRUE,FALSE,OneOFF_StarSystem,6,6,5,,,,,
OneOFF_StarSystem_2260,22610,Delta Sextantis,"Star System No. 2,260 has now been reached by the Wave Front: Delta Sextantis",FALSE,GY_ONEOFF,,,,144063.6667,2294,TRUE,TRUE,FALSE,OneOFF_StarSystem,6,6,5,,,,,
OneOFF_StarSystem_2261,22620,Zeta Phoenicis (Wurren) - A,"Star System No. 2,261 has now been reached by the Wave Front: Zeta Phoenicis (Wurren) - A",FALSE,GY_ONEOFF,,,,144063.6875,2294,TRUE,TRUE,FALSE,OneOFF_StarSystem,6,6,5,,,,,
OneOFF_StarSystem_2262,22630,Zeta Phoenicis (Wurren) - B,"Star System No. 2,262 has now been reached by the Wave Front: Zeta Phoenicis (Wurren) - B",FALSE,GY_ONEOFF,,,,144063.7083,2294,TRUE,TRUE,FALSE,OneOFF_StarSystem,6,6,5,,,,,
OneOFF_StarSystem_2263,22640,HD 118203 (Liesma),"Star System No. 2,263 has now been reached by the Wave Front: HD 118203 (Liesma)",FALSE,GY_ONEOFF,,,,144136.675,2294,TRUE,TRUE,FALSE,OneOFF_StarSystem,6,8,17,,,,,
OneOFF_StarSystem_2264,22650,HAT-P-17,"Star System No. 2,264 has now been reached by the Wave Front: HAT-P-17",FALSE,GY_ONEOFF,,,,144611.5,2295,TRUE,TRUE,FALSE,OneOFF_StarSystem,6,12,5,,,,,
OneOFF_StarSystem_2265,22660,Thuban (Alpha Draconis) - A,"Star System No. 2,265 has now been reached by the Wave Front: Thuban (Alpha Draconis) - A",FALSE,GY_ONEOFF,,,,145159.375,2297,TRUE,TRUE,FALSE,OneOFF_StarSystem,6,6,5,,,,,
OneOFF_StarSystem_2266,22670,Thuban (Alpha Draconis) - B,"Star System No. 2,266 has now been reached by the Wave Front: Thuban (Alpha Draconis) - B",FALSE,GY_ONEOFF,,,,145159.3958,2297,TRUE,TRUE,FALSE,OneOFF_StarSystem,6,6,5,,,,,
OneOFF_StarSystem_2267,22680,HD 205739 (Sāmaya),"Star System No. 2,267 has now been reached by the Wave Front: HD 205739 (Sāmaya)",FALSE,GY_ONEOFF,,,,145195.9,2297,TRUE,TRUE,FALSE,OneOFF_StarSystem,6,7,11,,,,,
OneOFF_StarSystem_2268,22690,BW Sculptoris - A,"Star System No. 2,268 has now been reached by the Wave Front: BW Sculptoris - A",FALSE,GY_ONEOFF,,,,145889.875,2299,TRUE,TRUE,FALSE,OneOFF_StarSystem,6,6,5,,,,,
OneOFF_StarSystem_2269,22700,BW Sculptoris - B,"Star System No. 2,269 has now been reached by the Wave Front: BW Sculptoris - B",FALSE,GY_ONEOFF,,,,145889.8958,2299,TRUE,TRUE,FALSE,OneOFF_StarSystem,6,6,5,,,,,
OneOFF_StarSystem_2270,22710,SZ Piscium - A,"Star System No. 2,270 has now been reached by the Wave Front: SZ Piscium - A",FALSE,GY_ONEOFF,,,,146255.125,2300,TRUE,TRUE,FALSE,OneOFF_StarSystem,6,6,6,,,,,
OneOFF_StarSystem_2271,22720,SZ Piscium - B,"Star System No. 2,271 has now been reached by the Wave Front: SZ Piscium - B",FALSE,GY_ONEOFF,,,,146255.1458,2300,TRUE,TRUE,FALSE,OneOFF_StarSystem,6,6,6,,,,,
OneOFF_StarSystem_2272,22730,Eta Centauri,"Star System No. 2,272 has now been reached by the Wave Front: Eta Centauri",FALSE,GY_ONEOFF,,,,146255.1667,2300,TRUE,TRUE,FALSE,OneOFF_StarSystem,6,6,6,,,,,
OneOFF_StarSystem_2273,22740,YSES 1 (TYC 8998-760-1),"Star System No. 2,273 has now been reached by the Wave Front: YSES 1 (TYC 8998-760-1)",FALSE,GY_ONEOFF,,,,146729.95,2301,TRUE,TRUE,FALSE,OneOFF_StarSystem,6,9,23,,,,,
OneOFF_StarSystem_2274,22750,Rho Persei (Gorgonea Tertia),"Star System No. 2,274 has now been reached by the Wave Front: Rho Persei (Gorgonea Tertia)",FALSE,GY_ONEOFF,,,,146985.625,2302,TRUE,TRUE,FALSE,OneOFF_StarSystem,6,6,6,,,,,
OneOFF_StarSystem_2275,22760,HD 224693 (Axólotl),"Star System No. 2,275 has now been reached by the Wave Front: HD 224693 (Axólotl)",FALSE,GY_ONEOFF,,,,147095.2,2302,TRUE,TRUE,FALSE,OneOFF_StarSystem,6,9,24,,,,,
OneOFF_StarSystem_2276,22770,HD 104430,"Star System No. 2,276 has now been reached by the Wave Front: HD 104430",FALSE,GY_ONEOFF,,,,147350.875,2303,TRUE,TRUE,FALSE,OneOFF_StarSystem,6,6,6,,,,,
OneOFF_StarSystem_2277,22780,HR 4729 (HD 108250) - A,"Star System No. 2,277 has now been reached by the Wave Front: HR 4729 (HD 108250) - A",FALSE,GY_ONEOFF,,,,147350.8958,2303,TRUE,TRUE,FALSE,OneOFF_StarSystem,6,6,6,,,,,
OneOFF_StarSystem_2278,22790,HR 4729 (HD 108250) - B,"Star System No. 2,278 has now been reached by the Wave Front: HR 4729 (HD 108250) - B",FALSE,GY_ONEOFF,,,,147350.9167,2303,TRUE,TRUE,FALSE,OneOFF_StarSystem,6,6,6,,,,,
OneOFF_StarSystem_2279,22800,HR 4729 (HD 108250) - Alpha¹ Crucis CP,"Star System No. 2,279 has now been reached by the Wave Front: HR 4729 (HD 108250) - Alpha¹ Crucis CP",FALSE,GY_ONEOFF,,,,147350.9375,2303,TRUE,TRUE,FALSE,OneOFF_StarSystem,6,6,6,,,,,
OneOFF_StarSystem_2280,22810,Canopus (Alpha Carinae),"Star System No. 2,280 has now been reached by the Wave Front: Canopus (Alpha Carinae)",FALSE,GY_ONEOFF,,,,147716.125,2304,TRUE,TRUE,FALSE,OneOFF_StarSystem,6,6,6,,,,,
OneOFF_StarSystem_2281,22820,Beta Hydrae - A,"Star System No. 2,281 has now been reached by the Wave Front: Beta Hydrae - A",FALSE,GY_ONEOFF,,,,147716.1458,2304,TRUE,TRUE,FALSE,OneOFF_StarSystem,6,6,6,,,,,
OneOFF_StarSystem_2282,22830,Beta Hydrae - B,"Star System No. 2,282 has now been reached by the Wave Front: Beta Hydrae - B",FALSE,GY_ONEOFF,,,,147716.1667,2304,TRUE,TRUE,FALSE,OneOFF_StarSystem,6,6,6,,,,,
OneOFF_StarSystem_2283,22840,Beta¹ Sagittarii (Arkab Prior) - A,"Star System No. 2,283 has now been reached by the Wave Front: Beta¹ Sagittarii (Arkab Prior) - A",FALSE,GY_ONEOFF,,,,147716.1875,2304,TRUE,TRUE,FALSE,OneOFF_StarSystem,6,6,6,,,,,
OneOFF_StarSystem_2284,22850,Beta¹ Sagittarii (Arkab Prior) - B,"Star System No. 2,284 has now been reached by the Wave Front: Beta¹ Sagittarii (Arkab Prior) - B",FALSE,GY_ONEOFF,,,,147716.2083,2304,TRUE,TRUE,FALSE,OneOFF_StarSystem,6,6,6,,,,,
OneOFF_StarSystem_2285,22860,CW Leonis,"Star System No. 2,285 has now been reached by the Wave Front: CW Leonis",FALSE,GY_ONEOFF,,,,147716.2292,2304,TRUE,TRUE,FALSE,OneOFF_StarSystem,6,6,6,,,,,
OneOFF_StarSystem_2286,22870,23 Comae Berenices (Phyllon Kissinou),"Star System No. 2,286 has now been reached by the Wave Front: 23 Comae Berenices (Phyllon Kissinou)",FALSE,GY_ONEOFF,,,,147716.25,2304,TRUE,TRUE,FALSE,OneOFF_StarSystem,6,6,6,,,,,
OneOFF_StarSystem_2287,22880,TOI-763,"Star System No. 2,287 has now been reached by the Wave Front: TOI-763",FALSE,GY_ONEOFF,,,,148081.375,2305,TRUE,TRUE,FALSE,OneOFF_StarSystem,6,6,6,,,,,
OneOFF_StarSystem_2288,22890,SSSPM J1549-3544,"Star System No. 2,288 has now been reached by the Wave Front: SSSPM J1549-3544",FALSE,GY_ONEOFF,,,,148884.925,2307,TRUE,TRUE,FALSE,OneOFF_StarSystem,6,8,18,,,,,
OneOFF_StarSystem_2289,22900,Kappa Cephei,"Star System No. 2,289 has now been reached by the Wave Front: Kappa Cephei",FALSE,GY_ONEOFF,,,,149177.125,2308,TRUE,TRUE,FALSE,OneOFF_StarSystem,6,6,6,,,,,
OneOFF_StarSystem_2290,22910,TOI-3493,"Star System No. 2,290 has now been reached by the Wave Front: TOI-3493",FALSE,GY_ONEOFF,,,,149757.8725,2310,TRUE,TRUE,FALSE,OneOFF_StarSystem,6,1,7,,,,,
OneOFF_StarSystem_2291,22920,HD 108501,"Star System No. 2,291 has now been reached by the Wave Front: HD 108501",FALSE,GY_ONEOFF,,,,150272.875,2311,TRUE,TRUE,FALSE,OneOFF_StarSystem,6,6,6,,,,,
OneOFF_StarSystem_2292,22930,Tau² Aquarii,"Star System No. 2,292 has now been reached by the Wave Front: Tau² Aquarii",FALSE,GY_ONEOFF,,,,150638.125,2312,TRUE,TRUE,FALSE,OneOFF_StarSystem,6,6,6,,,,,
OneOFF_StarSystem_2293,22940,W Hydrae,"Star System No. 2,293 has now been reached by the Wave Front: W Hydrae",FALSE,GY_ONEOFF,,,,151003.375,2313,TRUE,TRUE,FALSE,OneOFF_StarSystem,6,6,6,,,,,
OneOFF_StarSystem_2294,22950,Gamma Scuti,"Star System No. 2,294 has now been reached by the Wave Front: Gamma Scuti",FALSE,GY_ONEOFF,,,,151003.3958,2313,TRUE,TRUE,FALSE,OneOFF_StarSystem,6,6,6,,,,,
OneOFF_StarSystem_2295,22960,108 Aquarii (i³ Aquarii),"Star System No. 2,295 has now been reached by the Wave Front: 108 Aquarii (i³ Aquarii)",FALSE,GY_ONEOFF,,,,151003.4167,2313,TRUE,TRUE,FALSE,OneOFF_StarSystem,6,6,6,,,,,
OneOFF_StarSystem_2296,22970,HD 136418 (Nikawiy),"Star System No. 2,296 has now been reached by the Wave Front: HD 136418 (Nikawiy)",FALSE,GY_ONEOFF,,,,151368.625,2314,TRUE,TRUE,FALSE,OneOFF_StarSystem,6,6,6,,,,,
OneOFF_StarSystem_2297,22980,Acrux (Alpha Crucis) - Alpha¹ Crucis Aa,"Star System No. 2,297 has now been reached by the Wave Front: Acrux (Alpha Crucis) - Alpha¹ Crucis Aa",FALSE,GY_ONEOFF,,,,151368.6458,2314,TRUE,TRUE,FALSE,OneOFF_StarSystem,6,6,6,,,,,
OneOFF_StarSystem_2298,22990,Acrux (Alpha Crucis) - Alpha¹ Crucis Ab,"Star System No. 2,298 has now been reached by the Wave Front: Acrux (Alpha Crucis) - Alpha¹ Crucis Ab",FALSE,GY_ONEOFF,,,,151368.6667,2314,TRUE,TRUE,FALSE,OneOFF_StarSystem,6,6,6,,,,,
OneOFF_StarSystem_2299,23000,Acrux (Alpha Crucis) - Alpha² Crucis,"Star System No. 2,299 has now been reached by the Wave Front: Acrux (Alpha Crucis) - Alpha² Crucis",FALSE,GY_ONEOFF,,,,151368.6875,2314,TRUE,TRUE,FALSE,OneOFF_StarSystem,6,6,6,,,,,
OneOFF_StarSystem_2300,23010,Alpha Antliae,"Star System No. 2,300 has now been reached by the Wave Front: Alpha Antliae",FALSE,GY_ONEOFF,,,,151368.7083,2314,TRUE,TRUE,FALSE,OneOFF_StarSystem,6,6,6,,,,,
OneOFF_StarSystem_2301,23020,Delta Sextantis,"Star System No. 2,301 has now been reached by the Wave Front: Delta Sextantis",FALSE,GY_ONEOFF,,,,151733.875,2315,TRUE,TRUE,FALSE,OneOFF_StarSystem,6,6,6,,,,,
OneOFF_StarSystem_2302,23030,HD 77946,"Star System No. 2,302 has now been reached by the Wave Front: HD 77946",FALSE,GY_ONEOFF,,,,152354.8,2317,TRUE,TRUE,FALSE,OneOFF_StarSystem,6,2,16,,,,,
OneOFF_StarSystem_2303,23040,Eta Chamaeleontis,"Star System No. 2,303 has now been reached by the Wave Front: Eta Chamaeleontis",FALSE,GY_ONEOFF,,,,153194.875,2319,TRUE,TRUE,FALSE,OneOFF_StarSystem,6,6,6,,,,,
OneOFF_StarSystem_2304,23050,Tau² Aquarii,"Star System No. 2,304 has now been reached by the Wave Front: Tau² Aquarii",FALSE,GY_ONEOFF,,,,153560.125,2320,TRUE,TRUE,FALSE,OneOFF_StarSystem,6,6,6,,,,,
OneOFF_StarSystem_2305,23060,100 parsecs (about 326.16 ly),"Star System No. 2,305 has now been reached by the Wave Front: 100 parsecs (about 326.16 ly)",FALSE,GY_ONEOFF,,,,153560.1458,2320,TRUE,TRUE,FALSE,OneOFF_StarSystem,6,6,6,,,,,
OneOFF_StarSystem_2306,23070,AI Velorum,"Star System No. 2,306 has now been reached by the Wave Front: AI Velorum",FALSE,GY_ONEOFF,,,,153961.9,2321,TRUE,TRUE,FALSE,OneOFF_StarSystem,6,7,12,,,,,
OneOFF_StarSystem_2307,23080,HD 104985 (Tonatiuh),"Star System No. 2,307 has now been reached by the Wave Front: HD 104985 (Tonatiuh)",FALSE,GY_ONEOFF,,,,154655.875,2323,TRUE,TRUE,FALSE,OneOFF_StarSystem,6,6,6,,,,,
OneOFF_StarSystem_2308,23090,Lambda Leonis (Alterf),"Star System No. 2,308 has now been reached by the Wave Front: Lambda Leonis (Alterf)",FALSE,GY_ONEOFF,,,,154655.8958,2323,TRUE,TRUE,FALSE,OneOFF_StarSystem,6,6,6,,,,,
OneOFF_StarSystem_2309,23100,Theta Scorpii (Sargas),"Star System No. 2,309 has now been reached by the Wave Front: Theta Scorpii (Sargas)",FALSE,GY_ONEOFF,,,,154655.9167,2323,TRUE,TRUE,FALSE,OneOFF_StarSystem,6,6,6,,,,,
OneOFF_StarSystem_2310,23110,Epsilon Delphini (Aldulfin),"Star System No. 2,310 has now been reached by the Wave Front: Epsilon Delphini (Aldulfin)",FALSE,GY_ONEOFF,,,,155021.125,2324,TRUE,TRUE,FALSE,OneOFF_StarSystem,6,6,6,,,,,
OneOFF_StarSystem_2311,23120,Zeta Draconis (Aldhibah),"Star System No. 2,311 has now been reached by the Wave Front: Zeta Draconis (Aldhibah)",FALSE,GY_ONEOFF,,,,155021.1458,2324,TRUE,TRUE,FALSE,OneOFF_StarSystem,6,6,6,,,,,
OneOFF_StarSystem_2312,23130,HD 129116 (b Centauri),"Star System No. 2,312 has now been reached by the Wave Front: HD 129116 (b Centauri)",FALSE,GY_ONEOFF,,,,155021.1667,2324,TRUE,TRUE,FALSE,OneOFF_StarSystem,6,6,6,,,,,
OneOFF_StarSystem_2313,23140,ESO 439-26,"Star System No. 2,313 has now been reached by the Wave Front: ESO 439-26",FALSE,GY_ONEOFF,,,,155021.1875,2324,TRUE,TRUE,FALSE,OneOFF_StarSystem,6,6,6,,,,,
OneOFF_StarSystem_2314,23150,WD 0137−349 - A,"Star System No. 2,314 has now been reached by the Wave Front: WD 0137−349 - A",FALSE,GY_ONEOFF,,,,155386.375,2325,TRUE,TRUE,FALSE,OneOFF_StarSystem,6,6,6,,,,,
OneOFF_StarSystem_2315,23160,WD 0137−349 - B,"Star System No. 2,315 has now been reached by the Wave Front: WD 0137−349 - B",FALSE,GY_ONEOFF,,,,155386.3958,2325,TRUE,TRUE,FALSE,OneOFF_StarSystem,6,6,6,,,,,
OneOFF_StarSystem_2316,23170,49 Andromedae,"Star System No. 2,316 has now been reached by the Wave Front: 49 Andromedae",FALSE,GY_ONEOFF,,,,156116.875,2327,TRUE,TRUE,FALSE,OneOFF_StarSystem,6,6,6,,,,,
OneOFF_StarSystem_2317,23180,Lambda Draconis (Giausar),"Star System No. 2,317 has now been reached by the Wave Front: Lambda Draconis (Giausar)",FALSE,GY_ONEOFF,,,,156116.8958,2327,TRUE,TRUE,FALSE,OneOFF_StarSystem,6,6,6,,,,,
OneOFF_StarSystem_2318,23190,K2-229,"Star System No. 2,318 has now been reached by the Wave Front: K2-229",FALSE,GY_ONEOFF,,,,156847.375,2329,TRUE,TRUE,FALSE,OneOFF_StarSystem,6,6,6,,,,,
OneOFF_StarSystem_2319,23200,HD 106906,"Star System No. 2,319 has now been reached by the Wave Front: HD 106906",FALSE,GY_ONEOFF,,,,157577.875,2331,TRUE,TRUE,FALSE,OneOFF_StarSystem,6,6,6,,,,,
OneOFF_StarSystem_2320,23210,Omicron Herculis,"Star System No. 2,320 has now been reached by the Wave Front: Omicron Herculis",FALSE,GY_ONEOFF,,,,157943.125,2332,TRUE,TRUE,FALSE,OneOFF_StarSystem,6,6,6,,,,,
OneOFF_StarSystem_2321,23220,HD 165634 - A,"Star System No. 2,321 has now been reached by the Wave Front: HD 165634 - A",FALSE,GY_ONEOFF,,,,158308.375,2333,TRUE,TRUE,FALSE,OneOFF_StarSystem,6,6,6,,,,,
OneOFF_StarSystem_2322,23230,HD 165634 - B,"Star System No. 2,322 has now been reached by the Wave Front: HD 165634 - B",FALSE,GY_ONEOFF,,,,158308.3958,2333,TRUE,TRUE,FALSE,OneOFF_StarSystem,6,6,6,,,,,
OneOFF_StarSystem_2323,23240,HD 86081 (Bibhā),"Star System No. 2,323 has now been reached by the Wave Front: HD 86081 (Bibhā)",FALSE,GY_ONEOFF,,,,158673.625,2334,TRUE,TRUE,FALSE,OneOFF_StarSystem,6,6,6,,,,,
OneOFF_StarSystem_2324,23250,Mu¹ Crucis,"Star System No. 2,324 has now been reached by the Wave Front: Mu¹ Crucis",FALSE,GY_ONEOFF,,,,158673.6458,2334,TRUE,TRUE,FALSE,OneOFF_StarSystem,6,6,6,,,,,
OneOFF_StarSystem_2325,23260,Theta Antliae - A,"Star System No. 2,325 has now been reached by the Wave Front: Theta Antliae - A",FALSE,GY_ONEOFF,,,,158673.6667,2334,TRUE,TRUE,FALSE,OneOFF_StarSystem,6,6,6,,,,,
OneOFF_StarSystem_2326,23270,Theta Antliae - B,"Star System No. 2,326 has now been reached by the Wave Front: Theta Antliae - B",FALSE,GY_ONEOFF,,,,158673.6875,2334,TRUE,TRUE,FALSE,OneOFF_StarSystem,6,6,6,,,,,
OneOFF_StarSystem_2327,23280,HD 107696,"Star System No. 2,327 has now been reached by the Wave Front: HD 107696",FALSE,GY_ONEOFF,,,,159404.125,2336,TRUE,TRUE,FALSE,OneOFF_StarSystem,6,6,6,,,,,
OneOFF_StarSystem_2328,23290,Omega Carinae,"Star System No. 2,328 has now been reached by the Wave Front: Omega Carinae",FALSE,GY_ONEOFF,,,,159404.1458,2336,TRUE,TRUE,FALSE,OneOFF_StarSystem,6,6,6,,,,,
OneOFF_StarSystem_2329,23300,Psi Phoenicis,"Star System No. 2,329 has now been reached by the Wave Front: Psi Phoenicis",FALSE,GY_ONEOFF,,,,159404.1667,2336,TRUE,TRUE,FALSE,OneOFF_StarSystem,6,6,6,,,,,
OneOFF_StarSystem_2330,23310,Delta Crucis (Imai),"Star System No. 2,330 has now been reached by the Wave Front: Delta Crucis (Imai)",FALSE,GY_ONEOFF,,,,160499.875,2339,TRUE,TRUE,FALSE,OneOFF_StarSystem,6,6,6,,,,,
OneOFF_StarSystem_2331,23320,HIP 41378,"Star System No. 2,331 has now been reached by the Wave Front: HIP 41378",FALSE,GY_ONEOFF,,,,160755.55,2340,TRUE,TRUE,FALSE,OneOFF_StarSystem,6,2,17,,,,,
OneOFF_StarSystem_2332,23330,Zeta¹ Antliae B,"Star System No. 2,332 has now been reached by the Wave Front: Zeta¹ Antliae B",FALSE,GY_ONEOFF,,,,161230.375,2341,TRUE,TRUE,FALSE,OneOFF_StarSystem,6,6,6,,,,,
OneOFF_StarSystem_2333,23340,Delta Sagittarii (Kaus Media) - A,"Star System No. 2,333 has now been reached by the Wave Front: Delta Sagittarii (Kaus Media) - A",FALSE,GY_ONEOFF,,,,161595.625,2342,TRUE,TRUE,FALSE,OneOFF_StarSystem,6,6,6,,,,,
OneOFF_StarSystem_2334,23350,Delta Sagittarii (Kaus Media) - B,"Star System No. 2,334 has now been reached by the Wave Front: Delta Sagittarii (Kaus Media) - B",FALSE,GY_ONEOFF,,,,161595.6458,2342,TRUE,TRUE,FALSE,OneOFF_StarSystem,6,6,6,,,,,
OneOFF_StarSystem_2335,23360,Rho Orionis,"Star System No. 2,335 has now been reached by the Wave Front: Rho Orionis",FALSE,GY_ONEOFF,,,,162326.125,2344,TRUE,TRUE,FALSE,OneOFF_StarSystem,6,6,6,,,,,
OneOFF_StarSystem_2336,23370,HD 2,"Star System No. 2,336 has now been reached by the Wave Front: HD 2",FALSE,GY_ONEOFF,,,,162527.0125,2344,TRUE,TRUE,FALSE,OneOFF_StarSystem,6,12,24,,,,,
OneOFF_StarSystem_2337,23380,Zeta¹ Antliae A,"Star System No. 2,337 has now been reached by the Wave Front: Zeta¹ Antliae A",FALSE,GY_ONEOFF,,,,162326.1458,2344,TRUE,TRUE,FALSE,OneOFF_StarSystem,6,6,6,,,,,
OneOFF_StarSystem_2338,23390,Omicron Andromedae,"Star System No. 2,338 has now been reached by the Wave Front: Omicron Andromedae",FALSE,GY_ONEOFF,,,,162326.1667,2344,TRUE,TRUE,FALSE,OneOFF_StarSystem,6,6,6,,,,,
OneOFF_StarSystem_2339,23400,Theta Apodis,"Star System No. 2,339 has now been reached by the Wave Front: Theta Apodis",FALSE,GY_ONEOFF,,,,162326.1875,2344,TRUE,TRUE,FALSE,OneOFF_StarSystem,6,6,6,,,,,
OneOFF_StarSystem_2340,23410,Eta Piscium (Alpherg),"Star System No. 2,340 has now been reached by the Wave Front: Eta Piscium (Alpherg)",FALSE,GY_ONEOFF,,,,162326.2083,2344,TRUE,TRUE,FALSE,OneOFF_StarSystem,6,6,6,,,,,
OneOFF_StarSystem_2341,23420,Kepler-102,"Star System No. 2,341 has now been reached by the Wave Front: Kepler-102",FALSE,GY_ONEOFF,,,,163239.25,2346,TRUE,TRUE,FALSE,OneOFF_StarSystem,6,12,6,,,,,
OneOFF_StarSystem_2342,23430,HD 111520,"Star System No. 2,342 has now been reached by the Wave Front: HD 111520",FALSE,GY_ONEOFF,,,,163275.775,2347,TRUE,TRUE,FALSE,OneOFF_StarSystem,6,1,11,,,,,
OneOFF_StarSystem_2343,23440,HD 100546 (KR Muscae),"Star System No. 2,343 has now been reached by the Wave Front: HD 100546 (KR Muscae)",FALSE,GY_ONEOFF,,,,163421.875,2347,TRUE,TRUE,FALSE,OneOFF_StarSystem,6,6,6,,,,,
OneOFF_StarSystem_2344,23450,HD 231701 (Uruk),"Star System No. 2,344 has now been reached by the Wave Front: HD 231701 (Uruk)",FALSE,GY_ONEOFF,,,,163714.075,2348,TRUE,TRUE,FALSE,OneOFF_StarSystem,6,3,25,,,,,
OneOFF_StarSystem_2345,23460,HD 104900,"Star System No. 2,345 has now been reached by the Wave Front: HD 104900",FALSE,GY_ONEOFF,,,,163787.125,2348,TRUE,TRUE,FALSE,OneOFF_StarSystem,6,6,6,,,,,
OneOFF_StarSystem_2346,23470,V1298 Tauri,"Star System No. 2,346 has now been reached by the Wave Front: V1298 Tauri",FALSE,GY_ONEOFF,,,,163787.1458,2348,TRUE,TRUE,FALSE,OneOFF_StarSystem,6,6,6,,,,,
OneOFF_StarSystem_2347,23480,Rho Hydrae,"Star System No. 2,347 has now been reached by the Wave Front: Rho Hydrae",FALSE,GY_ONEOFF,,,,163787.1667,2348,TRUE,TRUE,FALSE,OneOFF_StarSystem,6,6,6,,,,,
OneOFF_StarSystem_2348,23490,HD 115587,"Star System No. 2,348 has now been reached by the Wave Front: HD 115587",FALSE,GY_ONEOFF,,,,164590.675,2350,TRUE,TRUE,FALSE,OneOFF_StarSystem,6,8,18,,,,,
OneOFF_StarSystem_2349,23500,Tau¹ Aquarii,"Star System No. 2,349 has now been reached by the Wave Front: Tau¹ Aquarii",FALSE,GY_ONEOFF,,,,164882.875,2351,TRUE,TRUE,FALSE,OneOFF_StarSystem,6,6,6,,,,,
OneOFF_StarSystem_2350,23510,ADS 9731 - B,"Star System No. 2,350 has now been reached by the Wave Front: ADS 9731 - B",FALSE,GY_ONEOFF,,,,165248.125,2352,TRUE,TRUE,FALSE,OneOFF_StarSystem,6,6,6,,,,,
OneOFF_StarSystem_2351,23520,ADS 9731 - C,"Star System No. 2,351 has now been reached by the Wave Front: ADS 9731 - C",FALSE,GY_ONEOFF,,,,165430.75,2352,TRUE,TRUE,FALSE,OneOFF_StarSystem,6,12,5,,,,,
OneOFF_StarSystem_2352,23530,ADS 9731 - Aa,"Star System No. 2,352 has now been reached by the Wave Front: ADS 9731 - Aa",FALSE,GY_ONEOFF,,,,165467.275,2353,TRUE,TRUE,FALSE,OneOFF_StarSystem,6,1,11,,,,,
OneOFF_StarSystem_2353,23540,ADS 9731 - Ab,"Star System No. 2,353 has now been reached by the Wave Front: ADS 9731 - Ab",FALSE,GY_ONEOFF,,,,165467.2958,2353,TRUE,TRUE,FALSE,OneOFF_StarSystem,6,1,11,,,,,
OneOFF_StarSystem_2354,23550,ADS 9731 - Da,"Star System No. 2,354 has now been reached by the Wave Front: ADS 9731 - Da",FALSE,GY_ONEOFF,,,,165613.375,2353,TRUE,TRUE,FALSE,OneOFF_StarSystem,6,6,6,,,,,
OneOFF_StarSystem_2355,23560,ADS 9731 - Db,"Star System No. 2,355 has now been reached by the Wave Front: ADS 9731 - Db",FALSE,GY_ONEOFF,,,,165613.3958,2353,TRUE,TRUE,FALSE,OneOFF_StarSystem,6,6,6,,,,,
OneOFF_StarSystem_2356,23570,K2-302,"Star System No. 2,356 has now been reached by the Wave Front: K2-302",FALSE,GY_ONEOFF,,,,165722.95,2353,TRUE,TRUE,FALSE,OneOFF_StarSystem,6,9,23,,,,,
OneOFF_StarSystem_2357,23580,81 Geminorum (g Geminorum),"Star System No. 2,357 has now been reached by the Wave Front: 81 Geminorum (g Geminorum)",FALSE,GY_ONEOFF,,,,165978.625,2354,TRUE,TRUE,FALSE,OneOFF_StarSystem,6,6,6,,,,,
OneOFF_StarSystem_2358,23590,Epsilon Chamaeleontis - A,"Star System No. 2,358 has now been reached by the Wave Front: Epsilon Chamaeleontis - A",FALSE,GY_ONEOFF,,,,165978.6458,2354,TRUE,TRUE,FALSE,OneOFF_StarSystem,6,6,6,,,,,
OneOFF_StarSystem_2359,23600,Epsilon Chamaeleontis - B,"Star System No. 2,359 has now been reached by the Wave Front: Epsilon Chamaeleontis - B",FALSE,GY_ONEOFF,,,,165978.6667,2354,TRUE,TRUE,FALSE,OneOFF_StarSystem,6,6,6,,,,,
OneOFF_StarSystem_2360,23610,Alpha Herculis (Rasalgethi) - A,"Star System No. 2,360 has now been reached by the Wave Front: Alpha Herculis (Rasalgethi) - A",FALSE,GY_ONEOFF,,,,165978.6875,2354,TRUE,TRUE,FALSE,OneOFF_StarSystem,6,6,6,,,,,
OneOFF_StarSystem_2361,23620,Alpha Herculis (Rasalgethi) - B,"Star System No. 2,361 has now been reached by the Wave Front: Alpha Herculis (Rasalgethi) - B",FALSE,GY_ONEOFF,,,,165978.7083,2354,TRUE,TRUE,FALSE,OneOFF_StarSystem,6,6,6,,,,,
OneOFF_StarSystem_2362,23630,Alpha Herculis (Rasalgethi) - C,"Star System No. 2,362 has now been reached by the Wave Front: Alpha Herculis (Rasalgethi) - C",FALSE,GY_ONEOFF,,,,165978.7292,2354,TRUE,TRUE,FALSE,OneOFF_StarSystem,6,6,6,,,,,
OneOFF_StarSystem_2363,23640,Kappa Ursae Majoris (Alkaphrah) - A,"Star System No. 2,363 has now been reached by the Wave Front: Kappa Ursae Majoris (Alkaphrah) - A",FALSE,GY_ONEOFF,,,,165978.75,2354,TRUE,TRUE,FALSE,OneOFF_StarSystem,6,6,6,,,,,
OneOFF_StarSystem_2364,23650,Kappa Ursae Majoris (Alkaphrah) - B,"Star System No. 2,364 has now been reached by the Wave Front: Kappa Ursae Majoris (Alkaphrah) - B",FALSE,GY_ONEOFF,,,,165978.7708,2354,TRUE,TRUE,FALSE,OneOFF_StarSystem,6,6,6,,,,,
OneOFF_StarSystem_2365,23660,Zeta Crucis,"Star System No. 2,365 has now been reached by the Wave Front: Zeta Crucis",FALSE,GY_ONEOFF,,,,165978.7917,2354,TRUE,TRUE,FALSE,OneOFF_StarSystem,6,6,6,,,,,
OneOFF_StarSystem_2366,23670,Rho Ophiuchi - A,"Star System No. 2,366 has now been reached by the Wave Front: Rho Ophiuchi - A",FALSE,GY_ONEOFF,,,,165978.8125,2354,TRUE,TRUE,FALSE,OneOFF_StarSystem,6,6,6,,,,,
OneOFF_StarSystem_2367,23680,Rho Ophiuchi - B,"Star System No. 2,367 has now been reached by the Wave Front: Rho Ophiuchi - B",FALSE,GY_ONEOFF,,,,165978.8333,2354,TRUE,TRUE,FALSE,OneOFF_StarSystem,6,6,6,,,,,
OneOFF_StarSystem_2368,23690,TOI-1438,"Star System No. 2,368 has now been reached by the Wave Front: TOI-1438",FALSE,GY_ONEOFF,,,,166343.875,2355,TRUE,TRUE,FALSE,OneOFF_StarSystem,6,6,6,,,,,
OneOFF_StarSystem_2369,23700,K2-198,"Star System No. 2,369 has now been reached by the Wave Front: K2-198",FALSE,GY_ONEOFF,,,,166709.125,2356,TRUE,TRUE,FALSE,OneOFF_StarSystem,6,6,6,,,,,
OneOFF_StarSystem_2370,23710,Zeta Canis Majoris (Furud),"Star System No. 2,370 has now been reached by the Wave Front: Zeta Canis Majoris (Furud)",FALSE,GY_ONEOFF,,,,166709.1458,2356,TRUE,TRUE,FALSE,OneOFF_StarSystem,6,6,6,,,,,
OneOFF_StarSystem_2371,23720,TOI-125,"Star System No. 2,371 has now been reached by the Wave Front: TOI-125",FALSE,GY_ONEOFF,,,,167074.375,2357,TRUE,TRUE,FALSE,OneOFF_StarSystem,6,6,6,,,,,
OneOFF_StarSystem_2372,23730,HD 212771 (Lionrock),"Star System No. 2,372 has now been reached by the Wave Front: HD 212771 (Lionrock)",FALSE,GY_ONEOFF,,,,167439.625,2358,TRUE,TRUE,FALSE,OneOFF_StarSystem,6,6,6,,,,,
OneOFF_StarSystem_2373,23740,Mu² Crucis,"Star System No. 2,373 has now been reached by the Wave Front: Mu² Crucis",FALSE,GY_ONEOFF,,,,167439.6458,2358,TRUE,TRUE,FALSE,OneOFF_StarSystem,6,6,6,,,,,
OneOFF_StarSystem_2374,23750,Albireo (Beta¹ Cygni) - Aa,"Star System No. 2,374 has now been reached by the Wave Front: Albireo (Beta¹ Cygni) - Aa",FALSE,GY_ONEOFF,,,,167731.825,2359,TRUE,TRUE,FALSE,OneOFF_StarSystem,6,3,25,,,,,
OneOFF_StarSystem_2375,23760,Albireo (Beta¹ Cygni) - Ab,"Star System No. 2,375 has now been reached by the Wave Front: Albireo (Beta¹ Cygni) - Ab",FALSE,GY_ONEOFF,,,,167731.8458,2359,TRUE,TRUE,FALSE,OneOFF_StarSystem,6,3,25,,,,,
OneOFF_StarSystem_2376,23770,Lambda Aquarii (Hydor),"Star System No. 2,376 has now been reached by the Wave Front: Lambda Aquarii (Hydor)",FALSE,GY_ONEOFF,,,,167804.875,2359,TRUE,TRUE,FALSE,OneOFF_StarSystem,6,6,6,,,,,
OneOFF_StarSystem_2377,23780,Alpha Antliae,"Star System No. 2,377 has now been reached by the Wave Front: Alpha Antliae",FALSE,GY_ONEOFF,,,,168170.125,2360,TRUE,TRUE,FALSE,OneOFF_StarSystem,6,6,6,,,,,
OneOFF_StarSystem_2378,23790,PDS 70 (V1032 Centauri),"Star System No. 2,378 has now been reached by the Wave Front: PDS 70 (V1032 Centauri)",FALSE,GY_ONEOFF,,,,168389.275,2361,TRUE,TRUE,FALSE,OneOFF_StarSystem,6,1,11,,,,,
OneOFF_StarSystem_2379,23800,J Centauri,"Star System No. 2,379 has now been reached by the Wave Front: J Centauri",FALSE,GY_ONEOFF,,,,168535.375,2361,TRUE,TRUE,FALSE,OneOFF_StarSystem,6,6,6,,,,,
OneOFF_StarSystem_2380,23810,Kappa Gruis,"Star System No. 2,380 has now been reached by the Wave Front: Kappa Gruis",FALSE,GY_ONEOFF,,,,168900.625,2362,TRUE,TRUE,FALSE,OneOFF_StarSystem,6,6,6,,,,,
OneOFF_StarSystem_2381,23820,Chi Pegasi,"Star System No. 2,381 has now been reached by the Wave Front: Chi Pegasi",FALSE,GY_ONEOFF,,,,168900.6458,2362,TRUE,TRUE,FALSE,OneOFF_StarSystem,6,6,6,,,,,
OneOFF_StarSystem_2382,23830,HD 98219 (Hunahpú),"Star System No. 2,382 has now been reached by the Wave Front: HD 98219 (Hunahpú)",FALSE,GY_ONEOFF,,,,169302.4,2363,TRUE,TRUE,FALSE,OneOFF_StarSystem,6,7,13,,,,,
OneOFF_StarSystem_2383,23840,Nu Fornacis,"Star System No. 2,383 has now been reached by the Wave Front: Nu Fornacis",FALSE,GY_ONEOFF,,,,169631.125,2364,TRUE,TRUE,FALSE,OneOFF_StarSystem,6,6,6,,,,,
OneOFF_StarSystem_2384,23850,H Centauri - A,"Star System No. 2,384 has now been reached by the Wave Front: H Centauri - A",FALSE,GY_ONEOFF,,,,169631.1458,2364,TRUE,TRUE,FALSE,OneOFF_StarSystem,6,6,6,,,,,
OneOFF_StarSystem_2385,23860,H Centauri - B,"Star System No. 2,385 has now been reached by the Wave Front: H Centauri - B",FALSE,GY_ONEOFF,,,,169631.1667,2364,TRUE,TRUE,FALSE,OneOFF_StarSystem,6,6,6,,,,,
OneOFF_StarSystem_2386,23870,H Centauri - C,"Star System No. 2,386 has now been reached by the Wave Front: H Centauri - C",FALSE,GY_ONEOFF,,,,169631.1875,2364,TRUE,TRUE,FALSE,OneOFF_StarSystem,6,6,6,,,,,
OneOFF_StarSystem_2387,23880,Sigma Hydrae (Minchir),"Star System No. 2,387 has now been reached by the Wave Front: Sigma Hydrae (Minchir)",FALSE,GY_ONEOFF,,,,169631.2083,2364,TRUE,TRUE,FALSE,OneOFF_StarSystem,6,6,6,,,,,
OneOFF_StarSystem_2388,23890,Nu Puppis (Pipit),"Star System No. 2,388 has now been reached by the Wave Front: Nu Puppis (Pipit)",FALSE,GY_ONEOFF,,,,169631.2292,2364,TRUE,TRUE,FALSE,OneOFF_StarSystem,6,6,6,,,,,
OneOFF_StarSystem_2389,23900,2 Equulei A (Lambda Equulei),"Star System No. 2,389 has now been reached by the Wave Front: 2 Equulei A (Lambda Equulei)",FALSE,GY_ONEOFF,,,,169631.25,2364,TRUE,TRUE,FALSE,OneOFF_StarSystem,6,6,6,,,,,
OneOFF_StarSystem_2390,23910,106 Aquarii,"Star System No. 2,390 has now been reached by the Wave Front: 106 Aquarii",FALSE,GY_ONEOFF,,,,169631.2708,2364,TRUE,TRUE,FALSE,OneOFF_StarSystem,6,6,6,,,,,
OneOFF_StarSystem_2391,23920,Xi Cancri (Nahn),"Star System No. 2,391 has now been reached by the Wave Front: Xi Cancri (Nahn)",FALSE,GY_ONEOFF,,,,169631.2917,2364,TRUE,TRUE,FALSE,OneOFF_StarSystem,6,6,6,,,,,
OneOFF_StarSystem_2392,23930,SR 12 (V2247 Ophiuchi) - A,"Star System No. 2,392 has now been reached by the Wave Front: SR 12 (V2247 Ophiuchi) - A",FALSE,GY_ONEOFF,,,,169631.3125,2364,TRUE,TRUE,FALSE,OneOFF_StarSystem,6,6,6,,,,,
OneOFF_StarSystem_2393,23940,SR 12 (V2247 Ophiuchi) - B,"Star System No. 2,393 has now been reached by the Wave Front: SR 12 (V2247 Ophiuchi) - B",FALSE,GY_ONEOFF,,,,169631.3333,2364,TRUE,TRUE,FALSE,OneOFF_StarSystem,6,6,6,,,,,
OneOFF_StarSystem_2394,23950,HD 110461,"Star System No. 2,394 has now been reached by the Wave Front: HD 110461",FALSE,GY_ONEOFF,,,,170361.625,2366,TRUE,TRUE,FALSE,OneOFF_StarSystem,6,6,6,,,,,
OneOFF_StarSystem_2395,23960,WASP-166 (Filetdor),"Star System No. 2,395 has now been reached by the Wave Front: WASP-166 (Filetdor)",FALSE,GY_ONEOFF,,,,170726.875,2367,TRUE,TRUE,FALSE,OneOFF_StarSystem,6,6,6,,,,,
OneOFF_StarSystem_2396,23970,HD 203842,"Star System No. 2,396 has now been reached by the Wave Front: HD 203842",FALSE,GY_ONEOFF,,,,171092.125,2368,TRUE,TRUE,FALSE,OneOFF_StarSystem,6,6,6,,,,,
OneOFF_StarSystem_2397,23980,HD 169142,"Star System No. 2,397 has now been reached by the Wave Front: HD 169142",FALSE,GY_ONEOFF,,,,171457.375,2369,TRUE,TRUE,FALSE,OneOFF_StarSystem,6,6,6,,,,,
OneOFF_StarSystem_2398,23990,HIP 11952,"Star System No. 2,398 has now been reached by the Wave Front: HIP 11952",FALSE,GY_ONEOFF,,,,171859.15,2370,TRUE,TRUE,FALSE,OneOFF_StarSystem,6,7,13,,,,,
OneOFF_StarSystem_2399,24000,Maia (20 Tauri),"Star System No. 2,399 has now been reached by the Wave Front: Maia (20 Tauri)",FALSE,GY_ONEOFF,,,,173283.625,2374,TRUE,TRUE,FALSE,OneOFF_StarSystem,6,6,6,,,,,
OneOFF_StarSystem_2400,24010,AR Scorpii - A,"Star System No. 2,400 has now been reached by the Wave Front: AR Scorpii - A",FALSE,GY_ONEOFF,,,,174744.625,2378,TRUE,TRUE,FALSE,OneOFF_StarSystem,6,6,6,,,,,
OneOFF_StarSystem_2401,24020,AR Scorpii - B,"Star System No. 2,401 has now been reached by the Wave Front: AR Scorpii - B",FALSE,GY_ONEOFF,,,,174744.6458,2378,TRUE,TRUE,FALSE,OneOFF_StarSystem,6,6,6,,,,,
OneOFF_StarSystem_2402,24030,Eta Geminorum (Propus) - Aa,"Star System No. 2,402 has now been reached by the Wave Front: Eta Geminorum (Propus) - Aa",FALSE,GY_ONEOFF,,,,173283.6458,2374,TRUE,TRUE,FALSE,OneOFF_StarSystem,6,6,6,,,,,
OneOFF_StarSystem_2403,24040,Eta Geminorum (Propus) - Ab,"Star System No. 2,403 has now been reached by the Wave Front: Eta Geminorum (Propus) - Ab",FALSE,GY_ONEOFF,,,,173283.6667,2374,TRUE,TRUE,FALSE,OneOFF_StarSystem,6,6,6,,,,,
OneOFF_StarSystem_2404,24050,Eta Geminorum (Propus) - B,"Star System No. 2,404 has now been reached by the Wave Front: Eta Geminorum (Propus) - B",FALSE,GY_ONEOFF,,,,173283.6875,2374,TRUE,TRUE,FALSE,OneOFF_StarSystem,6,6,6,,,,,
OneOFF_StarSystem_2405,24060,Beta Herculis (Rastaban),"Star System No. 2,405 has now been reached by the Wave Front: Beta Herculis (Rastaban)",FALSE,GY_ONEOFF,,,,173283.7083,2374,TRUE,TRUE,FALSE,OneOFF_StarSystem,6,6,6,,,,,
OneOFF_StarSystem_2406,24070,31 Lyncis (Alsciaukat),"Star System No. 2,406 has now been reached by the Wave Front: 31 Lyncis (Alsciaukat)",FALSE,GY_ONEOFF,,,,173283.7292,2374,TRUE,TRUE,FALSE,OneOFF_StarSystem,6,6,6,,,,,
OneOFF_StarSystem_2407,24080,2 Equulei B (Lambda Equulei),"Star System No. 2,407 has now been reached by the Wave Front: 2 Equulei B (Lambda Equulei)",FALSE,GY_ONEOFF,,,,173648.875,2375,TRUE,TRUE,FALSE,OneOFF_StarSystem,6,6,6,,,,,
OneOFF_StarSystem_2408,24090,Kappa Herculis (Marsic),"Star System No. 2,408 has now been reached by the Wave Front: Kappa Herculis (Marsic)",FALSE,GY_ONEOFF,,,,173648.8958,2375,TRUE,TRUE,FALSE,OneOFF_StarSystem,6,6,6,,,,,
OneOFF_StarSystem_2409,24100,Zeta Centauri (Leepwal),"Star System No. 2,409 has now been reached by the Wave Front: Zeta Centauri (Leepwal)",FALSE,GY_ONEOFF,,,,174014.125,2376,TRUE,TRUE,FALSE,OneOFF_StarSystem,6,6,6,,,,,
OneOFF_StarSystem_2410,24110,Alpha Sagittae (Sham),"Star System No. 2,410 has now been reached by the Wave Front: Alpha Sagittae (Sham)",FALSE,GY_ONEOFF,,,,174014.1458,2376,TRUE,TRUE,FALSE,OneOFF_StarSystem,6,6,6,,,,,
OneOFF_StarSystem_2411,24120,Kappa Serpentis (Gudja),"Star System No. 2,411 has now been reached by the Wave Front: Kappa Serpentis (Gudja)",FALSE,GY_ONEOFF,,,,174379.375,2377,TRUE,TRUE,FALSE,OneOFF_StarSystem,6,6,6,,,,,
OneOFF_StarSystem_2412,24130,Lambda Crucis,"Star System No. 2,412 has now been reached by the Wave Front: Lambda Crucis",FALSE,GY_ONEOFF,,,,174744.6667,2378,TRUE,TRUE,FALSE,OneOFF_StarSystem,6,6,6,,,,,
OneOFF_StarSystem_2413,24140,HIP 65426 (Matza),"Star System No. 2,413 has now been reached by the Wave Front: HIP 65426 (Matza)",FALSE,GY_ONEOFF,,,,175109.875,2379,TRUE,TRUE,FALSE,OneOFF_StarSystem,6,6,6,,,,,
OneOFF_StarSystem_2414,24150,HD 110956,"Star System No. 2,414 has now been reached by the Wave Front: HD 110956",FALSE,GY_ONEOFF,,,,175109.8958,2379,TRUE,TRUE,FALSE,OneOFF_StarSystem,6,6,6,,,,,
OneOFF_StarSystem_2415,24160,Zeta² Antliae,"Star System No. 2,415 has now been reached by the Wave Front: Zeta² Antliae",FALSE,GY_ONEOFF,,,,175475.125,2380,TRUE,TRUE,FALSE,OneOFF_StarSystem,6,6,6,,,,,
OneOFF_StarSystem_2416,24170,Zeta Capricorni,"Star System No. 2,416 has now been reached by the Wave Front: Zeta Capricorni",FALSE,GY_ONEOFF,,,,175475.1458,2380,TRUE,TRUE,FALSE,OneOFF_StarSystem,6,6,6,,,,,
OneOFF_StarSystem_2417,24180,EC 20058-5234 (QU Telescopii),"Star System No. 2,417 has now been reached by the Wave Front: EC 20058-5234 (QU Telescopii)",FALSE,GY_ONEOFF,,,,176205.625,2382,TRUE,TRUE,FALSE,OneOFF_StarSystem,6,6,6,,,,,
OneOFF_StarSystem_2418,24190,Gamma¹ Andromedae (Almach),"Star System No. 2,418 has now been reached by the Wave Front: Gamma¹ Andromedae (Almach)",FALSE,GY_ONEOFF,,,,176936.125,2384,TRUE,TRUE,FALSE,OneOFF_StarSystem,6,6,6,,,,,
OneOFF_StarSystem_2419,24200,2MASS J16281370-2431391,"Star System No. 2,419 has now been reached by the Wave Front: 2MASS J16281370-2431391",FALSE,GY_ONEOFF,,,,176936.1458,2384,TRUE,TRUE,FALSE,OneOFF_StarSystem,6,6,6,,,,,
OneOFF_StarSystem_2420,24210,Beta Centauri (Hadar) - A,"Star System No. 2,420 has now been reached by the Wave Front: Beta Centauri (Hadar) - A",FALSE,GY_ONEOFF,,,,176936.1667,2384,TRUE,TRUE,FALSE,OneOFF_StarSystem,6,6,6,,,,,
OneOFF_StarSystem_2421,24220,Beta Centauri (Hadar) - B,"Star System No. 2,421 has now been reached by the Wave Front: Beta Centauri (Hadar) - B",FALSE,GY_ONEOFF,,,,176936.1875,2384,TRUE,TRUE,FALSE,OneOFF_StarSystem,6,6,6,,,,,
OneOFF_StarSystem_2422,24230,Beta Centauri (Hadar) - C,"Star System No. 2,422 has now been reached by the Wave Front: Beta Centauri (Hadar) - C",FALSE,GY_ONEOFF,,,,176936.2083,2384,TRUE,TRUE,FALSE,OneOFF_StarSystem,6,6,6,,,,,
OneOFF_StarSystem_2423,24240,Beta Capricorni (Dabih) - A,"Star System No. 2,423 has now been reached by the Wave Front: Beta Capricorni (Dabih) - A",FALSE,GY_ONEOFF,,,,176936.2292,2384,TRUE,TRUE,FALSE,OneOFF_StarSystem,6,6,6,,,,,
OneOFF_StarSystem_2424,24250,Beta Capricorni (Dabih) - B,"Star System No. 2,424 has now been reached by the Wave Front: Beta Capricorni (Dabih) - B",FALSE,GY_ONEOFF,,,,176936.25,2384,TRUE,TRUE,FALSE,OneOFF_StarSystem,6,6,6,,,,,
OneOFF_StarSystem_2425,24260,Alpha Trianguli Australis (Atria),"Star System No. 2,425 has now been reached by the Wave Front: Alpha Trianguli Australis (Atria)",FALSE,GY_ONEOFF,,,,177301.375,2385,TRUE,TRUE,FALSE,OneOFF_StarSystem,6,6,6,,,,,
OneOFF_StarSystem_2426,24270,Kepler-446,"Star System No. 2,426 has now been reached by the Wave Front: Kepler-446",FALSE,GY_ONEOFF,,,,177301.3958,2385,TRUE,TRUE,FALSE,OneOFF_StarSystem,6,6,6,,,,,
OneOFF_StarSystem_2427,24280,Lambda Herculis (Maasym),"Star System No. 2,427 has now been reached by the Wave Front: Lambda Herculis (Maasym)",FALSE,GY_ONEOFF,,,,178031.875,2387,TRUE,TRUE,FALSE,OneOFF_StarSystem,6,6,6,,,,,
OneOFF_StarSystem_2428,24290,HD 181342 (Belel),"Star System No. 2,428 has now been reached by the Wave Front: HD 181342 (Belel)",FALSE,GY_ONEOFF,,,,178068.4,2387,TRUE,TRUE,FALSE,OneOFF_StarSystem,6,7,13,,,,,
OneOFF_StarSystem_2429,24300,HD 33142,"Star System No. 2,429 has now been reached by the Wave Front: HD 33142",FALSE,GY_ONEOFF,,,,178506.7,2388,TRUE,TRUE,FALSE,OneOFF_StarSystem,6,9,23,,,,,
OneOFF_StarSystem_2430,24310,Gamma Aquilae (Tarazed),"Star System No. 2,430 has now been reached by the Wave Front: Gamma Aquilae (Tarazed)",FALSE,GY_ONEOFF,,,,178762.375,2389,TRUE,TRUE,FALSE,OneOFF_StarSystem,6,6,6,,,,,
OneOFF_StarSystem_2431,24320,Albireo B (Beta² Cygni),"Star System No. 2,431 has now been reached by the Wave Front: Albireo B (Beta² Cygni)",FALSE,GY_ONEOFF,,,,178908.475,2389,TRUE,TRUE,FALSE,OneOFF_StarSystem,6,10,30,,,,,
OneOFF_StarSystem_2432,24330,HD 32518 (Mago),"Star System No. 2,432 has now been reached by the Wave Front: HD 32518 (Mago)",FALSE,GY_ONEOFF,,,,179419.825,2391,TRUE,TRUE,FALSE,OneOFF_StarSystem,6,3,25,,,,,
OneOFF_StarSystem_2433,24340,TIC 88785435,"Star System No. 2,433 has now been reached by the Wave Front: TIC 88785435",FALSE,GY_ONEOFF,,,,179931.175,2392,TRUE,TRUE,FALSE,OneOFF_StarSystem,6,8,18,,,,,
OneOFF_StarSystem_2434,24350,HD 102956 (Aniara),"Star System No. 2,434 has now been reached by the Wave Front: HD 102956 (Aniara)",FALSE,GY_ONEOFF,,,,180223.375,2393,TRUE,TRUE,FALSE,OneOFF_StarSystem,6,6,6,,,,,
OneOFF_StarSystem_2435,24360,Nu Ursae Majoris (Alula Borealis),"Star System No. 2,435 has now been reached by the Wave Front: Nu Ursae Majoris (Alula Borealis)",FALSE,GY_ONEOFF,,,,180223.3958,2393,TRUE,TRUE,FALSE,OneOFF_StarSystem,6,6,6,,,,,
OneOFF_StarSystem_2436,24370,Beta² Scorpii (HR 5984),"Star System No. 2,436 has now been reached by the Wave Front: Beta² Scorpii (HR 5984)",FALSE,GY_ONEOFF,,,,180588.625,2394,TRUE,TRUE,FALSE,OneOFF_StarSystem,6,6,6,,,,,
OneOFF_StarSystem_2437,24380,RX J1856.5−3754,"Star System No. 2,437 has now been reached by the Wave Front: RX J1856.5−3754",FALSE,GY_ONEOFF,,,,180588.6458,2394,TRUE,TRUE,FALSE,OneOFF_StarSystem,6,6,6,,,,,
OneOFF_StarSystem_2438,24390,HD 23514,"Star System No. 2,438 has now been reached by the Wave Front: HD 23514",FALSE,GY_ONEOFF,,,,180588.6667,2394,TRUE,TRUE,FALSE,OneOFF_StarSystem,6,6,6,,,,,
OneOFF_StarSystem_2439,24400,Delta Scorpii (Dschubba) - A,"Star System No. 2,439 has now been reached by the Wave Front: Delta Scorpii (Dschubba) - A",FALSE,GY_ONEOFF,,,,180588.6875,2394,TRUE,TRUE,FALSE,OneOFF_StarSystem,6,6,6,,,,,
OneOFF_StarSystem_2440,24410,Delta Scorpii (Dschubba) - B,"Star System No. 2,440 has now been reached by the Wave Front: Delta Scorpii (Dschubba) - B",FALSE,GY_ONEOFF,,,,180588.7083,2394,TRUE,TRUE,FALSE,OneOFF_StarSystem,6,6,6,,,,,
OneOFF_StarSystem_2441,24420,2MASS J0441+2301 (2MASS J04414489+2301513),"Star System No. 2,441 has now been reached by the Wave Front: 2MASS J0441+2301 (2MASS J04414489+2301513)",FALSE,GY_ONEOFF,,,,180588.7292,2394,TRUE,TRUE,FALSE,OneOFF_StarSystem,6,6,6,,,,,
OneOFF_StarSystem_2442,24430,Electra (17 Tauri),"Star System No. 2,442 has now been reached by the Wave Front: Electra (17 Tauri)",FALSE,GY_ONEOFF,,,,180588.75,2394,TRUE,TRUE,FALSE,OneOFF_StarSystem,6,6,6,,,,,
OneOFF_StarSystem_2443,24440,Psi² Aquarii,"Star System No. 2,443 has now been reached by the Wave Front: Psi² Aquarii",FALSE,GY_ONEOFF,,,,180588.7708,2394,TRUE,TRUE,FALSE,OneOFF_StarSystem,6,6,6,,,,,
OneOFF_StarSystem_2444,24450,Beta¹ Scorpii (Acrab/HR 5985) - A,"Star System No. 2,444 has now been reached by the Wave Front: Beta¹ Scorpii (Acrab/HR 5985) - A",FALSE,GY_ONEOFF,,,,180588.7917,2394,TRUE,TRUE,FALSE,OneOFF_StarSystem,6,6,6,,,,,
OneOFF_StarSystem_2445,24460,Beta¹ Scorpii (Acrab/HR 5985) - B,"Star System No. 2,445 has now been reached by the Wave Front: Beta¹ Scorpii (Acrab/HR 5985) - B",FALSE,GY_ONEOFF,,,,180588.8125,2394,TRUE,TRUE,FALSE,OneOFF_StarSystem,6,6,6,,,,,
OneOFF_StarSystem_2446,24470,Kappa Herculis B,"Star System No. 2,446 has now been reached by the Wave Front: Kappa Herculis B",FALSE,GY_ONEOFF,,,,180953.875,2395,TRUE,TRUE,FALSE,OneOFF_StarSystem,6,6,6,,,,,
OneOFF_StarSystem_2447,24480,Kepler-445,"Star System No. 2,447 has now been reached by the Wave Front: Kepler-445",FALSE,GY_ONEOFF,,,,180953.8958,2395,TRUE,TRUE,FALSE,OneOFF_StarSystem,6,6,6,,,,,
OneOFF_StarSystem_2448,24490,HR 3643 - A,"Star System No. 2,448 has now been reached by the Wave Front: HR 3643 - A",FALSE,GY_ONEOFF,,,,180953.9167,2395,TRUE,TRUE,FALSE,OneOFF_StarSystem,6,6,6,,,,,
OneOFF_StarSystem_2449,24500,HR 3643 - B,"Star System No. 2,449 has now been reached by the Wave Front: HR 3643 - B",FALSE,GY_ONEOFF,,,,180953.9375,2395,TRUE,TRUE,FALSE,OneOFF_StarSystem,6,6,6,,,,,
OneOFF_StarSystem_2450,24510,HD 61248 (Q Carinae),"Star System No. 2,450 has now been reached by the Wave Front: HD 61248 (Q Carinae)",FALSE,GY_ONEOFF,,,,181319.125,2396,TRUE,TRUE,FALSE,OneOFF_StarSystem,6,6,6,,,,,
OneOFF_StarSystem_2451,24520,2MASS J0441+2301 (2MASS J04414565+2301580),"Star System No. 2,451 has now been reached by the Wave Front: 2MASS J0441+2301 (2MASS J04414565+2301580)",FALSE,GY_ONEOFF,,,,181684.375,2397,TRUE,TRUE,FALSE,OneOFF_StarSystem,6,6,6,,,,,
OneOFF_StarSystem_2452,24530,WASP-132,"Star System No. 2,452 has now been reached by the Wave Front: WASP-132",FALSE,GY_ONEOFF,,,,181684.3958,2397,TRUE,TRUE,FALSE,OneOFF_StarSystem,6,6,6,,,,,
OneOFF_StarSystem_2453,24540,HD 30442 (HR 1527),"Star System No. 2,453 has now been reached by the Wave Front: HD 30442 (HR 1527)",FALSE,GY_ONEOFF,,,,181684.4167,2397,TRUE,TRUE,FALSE,OneOFF_StarSystem,6,6,6,,,,,
OneOFF_StarSystem_2454,24550,Beta Sextantis,"Star System No. 2,454 has now been reached by the Wave Front: Beta Sextantis",FALSE,GY_ONEOFF,,,,182049.625,2398,TRUE,TRUE,FALSE,OneOFF_StarSystem,6,6,6,,,,,
OneOFF_StarSystem_2455,24560,Epsilon Canis Majoris (Adhara),"Star System No. 2,455 has now been reached by the Wave Front: Epsilon Canis Majoris (Adhara)",FALSE,GY_ONEOFF,,,,182414.875,2399,TRUE,TRUE,FALSE,OneOFF_StarSystem,6,6,6,,,,,
OneOFF_StarSystem_2456,24570,K2-148,"Star System No. 2,456 has now been reached by the Wave Front: K2-148",FALSE,GY_ONEOFF,,,,183145.375,2401,TRUE,TRUE,FALSE,OneOFF_StarSystem,6,6,6,,,,,
OneOFF_StarSystem_2457,24580,HD 187420,"Star System No. 2,457 has now been reached by the Wave Front: HD 187420",FALSE,GY_ONEOFF,,,,183145.3958,2401,TRUE,TRUE,FALSE,OneOFF_StarSystem,6,6,6,,,,,
OneOFF_StarSystem_2458,24590,Kepler-78 (KIC 8435766),"Star System No. 2,458 has now been reached by the Wave Front: Kepler-78 (KIC 8435766)",FALSE,GY_ONEOFF,,,,183254.95,2401,TRUE,TRUE,FALSE,OneOFF_StarSystem,6,9,23,,,,,
OneOFF_StarSystem_2459,24600,Betelgeuse (Alpha Orionis) - A,"Star System No. 2,459 has now been reached by the Wave Front: Betelgeuse (Alpha Orionis) - A",FALSE,GY_ONEOFF,,,,183510.625,2402,TRUE,TRUE,FALSE,OneOFF_StarSystem,6,6,6,,,,,
OneOFF_StarSystem_2460,24610,Betelgeuse (Alpha Orionis) - B,"Star System No. 2,460 has now been reached by the Wave Front: Betelgeuse (Alpha Orionis) - B",FALSE,GY_ONEOFF,,,,183510.6458,2402,TRUE,TRUE,FALSE,OneOFF_StarSystem,6,6,6,,,,,
OneOFF_StarSystem_2461,24620,CWISE J1249+3621,"Star System No. 2,461 has now been reached by the Wave Front: CWISE J1249+3621",FALSE,GY_ONEOFF,,,,183510.6667,2402,TRUE,TRUE,FALSE,OneOFF_StarSystem,6,6,6,,,,,
OneOFF_StarSystem_2462,24630,HD 76230,"Star System No. 2,462 has now been reached by the Wave Front: HD 76230",FALSE,GY_ONEOFF,,,,184241.125,2404,TRUE,TRUE,FALSE,OneOFF_StarSystem,6,6,6,,,,,
OneOFF_StarSystem_2463,24640,Beta Piscium (Fumalsamakah),"Star System No. 2,463 has now been reached by the Wave Front: Beta Piscium (Fumalsamakah)",FALSE,GY_ONEOFF,,,,184241.1458,2404,TRUE,TRUE,FALSE,OneOFF_StarSystem,6,6,6,,,,,
OneOFF_StarSystem_2464,24650,Mu Lyrae (Alathfar),"Star System No. 2,464 has now been reached by the Wave Front: Mu Lyrae (Alathfar)",FALSE,GY_ONEOFF,,,,184971.625,2406,TRUE,TRUE,FALSE,OneOFF_StarSystem,6,6,6,,,,,
OneOFF_StarSystem_2465,24660,HD 82886 (Illyrian),"Star System No. 2,465 has now been reached by the Wave Front: HD 82886 (Illyrian)",FALSE,GY_ONEOFF,,,,185336.875,2407,TRUE,TRUE,FALSE,OneOFF_StarSystem,6,6,6,,,,,
OneOFF_StarSystem_2466,24670,HD 110506,"Star System No. 2,466 has now been reached by the Wave Front: HD 110506",FALSE,GY_ONEOFF,,,,185702.125,2408,TRUE,TRUE,FALSE,OneOFF_StarSystem,6,6,6,,,,,
OneOFF_StarSystem_2467,24680,HD 187421,"Star System No. 2,467 has now been reached by the Wave Front: HD 187421",FALSE,GY_ONEOFF,,,,185702.1458,2408,TRUE,TRUE,FALSE,OneOFF_StarSystem,6,6,6,,,,,
OneOFF_StarSystem_2468,24690,Beta Pyxidis,"Star System No. 2,468 has now been reached by the Wave Front: Beta Pyxidis",FALSE,GY_ONEOFF,,,,186432.625,2410,TRUE,TRUE,FALSE,OneOFF_StarSystem,6,6,6,,,,,
OneOFF_StarSystem_2469,24700,HATS-72 (Zembra),"Star System No. 2,469 has now been reached by the Wave Front: HATS-72 (Zembra)",FALSE,GY_ONEOFF,,,,186432.6458,2410,TRUE,TRUE,FALSE,OneOFF_StarSystem,6,6,6,,,,,
OneOFF_StarSystem_2470,24710,Gamma Chamaeleontis,"Star System No. 2,470 has now been reached by the Wave Front: Gamma Chamaeleontis",FALSE,GY_ONEOFF,,,,187163.125,2412,TRUE,TRUE,FALSE,OneOFF_StarSystem,6,6,6,,,,,
OneOFF_StarSystem_2471,24720,HD 147506 (HAT-P-2/Hunor),"Star System No. 2,471 has now been reached by the Wave Front: HD 147506 (HAT-P-2/Hunor)",FALSE,GY_ONEOFF,,,,187601.425,2413,TRUE,TRUE,FALSE,OneOFF_StarSystem,6,8,18,,,,,
OneOFF_StarSystem_2472,24730,SDSS J1228+1040,"Star System No. 2,472 has now been reached by the Wave Front: SDSS J1228+1040",FALSE,GY_ONEOFF,,,,187893.625,2414,TRUE,TRUE,FALSE,OneOFF_StarSystem,6,6,6,,,,,
OneOFF_StarSystem_2473,24740,HD 23753,"Star System No. 2,473 has now been reached by the Wave Front: HD 23753",FALSE,GY_ONEOFF,,,,187893.6458,2414,TRUE,TRUE,FALSE,OneOFF_StarSystem,6,6,6,,,,,
OneOFF_StarSystem_2474,24750,Beta Sagittae,"Star System No. 2,474 has now been reached by the Wave Front: Beta Sagittae",FALSE,GY_ONEOFF,,,,187893.6667,2414,TRUE,TRUE,FALSE,OneOFF_StarSystem,6,6,6,,,,,
OneOFF_StarSystem_2475,24760,HD 136138 (HR 5692) - A,"Star System No. 2,475 has now been reached by the Wave Front: HD 136138 (HR 5692) - A",FALSE,GY_ONEOFF,,,,187893.6875,2414,TRUE,TRUE,FALSE,OneOFF_StarSystem,6,6,6,,,,,
OneOFF_StarSystem_2476,24770,HD 136138 (HR 5692) - B,"Star System No. 2,476 has now been reached by the Wave Front: HD 136138 (HR 5692) - B",FALSE,GY_ONEOFF,,,,187893.7083,2414,TRUE,TRUE,FALSE,OneOFF_StarSystem,6,6,6,,,,,
OneOFF_StarSystem_2477,24780,HK Tauri B,"Star System No. 2,477 has now been reached by the Wave Front: HK Tauri B",FALSE,GY_ONEOFF,,,,187893.7292,2414,TRUE,TRUE,FALSE,OneOFF_StarSystem,6,6,6,,,,,
OneOFF_StarSystem_2478,24790,PSR J0108−1431,"Star System No. 2,478 has now been reached by the Wave Front: PSR J0108−1431",FALSE,GY_ONEOFF,,,,189354.625,2418,TRUE,TRUE,FALSE,OneOFF_StarSystem,6,6,6,,,,,
OneOFF_StarSystem_2479,24800,WASP-11 (HAT-P-10),"Star System No. 2,479 has now been reached by the Wave Front: WASP-11 (HAT-P-10)",FALSE,GY_ONEOFF,,,,189354.6458,2418,TRUE,TRUE,FALSE,OneOFF_StarSystem,6,6,6,,,,,
OneOFF_StarSystem_2480,24810,HD 74389 - Ba,"Star System No. 2,480 has now been reached by the Wave Front: HD 74389 - Ba",FALSE,GY_ONEOFF,,,,189719.875,2419,TRUE,TRUE,FALSE,OneOFF_StarSystem,6,6,6,,,,,
OneOFF_StarSystem_2481,24820,HD 74389 - Bb,"Star System No. 2,481 has now been reached by the Wave Front: HD 74389 - Bb",FALSE,GY_ONEOFF,,,,189719.8958,2419,TRUE,TRUE,FALSE,OneOFF_StarSystem,6,6,6,,,,,
OneOFF_StarSystem_2482,24830,HD 175541 (Kaveh),"Star System No. 2,482 has now been reached by the Wave Front: HD 175541 (Kaveh)",FALSE,GY_ONEOFF,,,,190450.375,2421,TRUE,TRUE,FALSE,OneOFF_StarSystem,6,6,6,,,,,
OneOFF_StarSystem_2483,24840,HD 74389 A,"Star System No. 2,483 has now been reached by the Wave Front: HD 74389 A",FALSE,GY_ONEOFF,,,,190450.3958,2421,TRUE,TRUE,FALSE,OneOFF_StarSystem,6,6,6,,,,,
OneOFF_StarSystem_2484,24850,TOI-5108 (BD+12 2298),"Star System No. 2,484 has now been reached by the Wave Front: TOI-5108 (BD+12 2298)",FALSE,GY_ONEOFF,,,,190669.525,2422,TRUE,TRUE,FALSE,OneOFF_StarSystem,6,1,11,,,,,
OneOFF_StarSystem_2485,24860,HK Tauri A,"Star System No. 2,485 has now been reached by the Wave Front: HK Tauri A",FALSE,GY_ONEOFF,,,,190815.625,2422,TRUE,TRUE,FALSE,OneOFF_StarSystem,6,6,6,,,,,
OneOFF_StarSystem_2486,24870,Epsilon Circini,"Star System No. 2,486 has now been reached by the Wave Front: Epsilon Circini",FALSE,GY_ONEOFF,,,,190815.6458,2422,TRUE,TRUE,FALSE,OneOFF_StarSystem,6,6,6,,,,,
OneOFF_StarSystem_2487,24880,WASP-34 (Amansinaya),"Star System No. 2,487 has now been reached by the Wave Front: WASP-34 (Amansinaya)",FALSE,GY_ONEOFF,,,,190815.6667,2422,TRUE,TRUE,FALSE,OneOFF_StarSystem,6,6,6,,,,,
OneOFF_StarSystem_2488,24890,HD 30856 (Mouhoun),"Star System No. 2,488 has now been reached by the Wave Front: HD 30856 (Mouhoun)",FALSE,GY_ONEOFF,,,,191180.875,2423,TRUE,TRUE,FALSE,OneOFF_StarSystem,6,6,6,,,,,
OneOFF_StarSystem_2489,24900,FU Tauri A,"Star System No. 2,489 has now been reached by the Wave Front: FU Tauri A",FALSE,GY_ONEOFF,,,,191180.8958,2423,TRUE,TRUE,FALSE,OneOFF_StarSystem,6,6,6,,,,,
OneOFF_StarSystem_2490,24910,Theta Antliae - A,"Star System No. 2,490 has now been reached by the Wave Front: Theta Antliae - A",FALSE,GY_ONEOFF,,,,191546.125,2424,TRUE,TRUE,FALSE,OneOFF_StarSystem,6,6,6,,,,,
OneOFF_StarSystem_2491,24920,Theta Antliae - B,"Star System No. 2,491 has now been reached by the Wave Front: Theta Antliae - B",FALSE,GY_ONEOFF,,,,191546.1458,2424,TRUE,TRUE,FALSE,OneOFF_StarSystem,6,6,6,,,,,
OneOFF_StarSystem_2492,24930,Celaeno (16 Tauri),"Star System No. 2,492 has now been reached by the Wave Front: Celaeno (16 Tauri)",FALSE,GY_ONEOFF,,,,191546.1667,2424,TRUE,TRUE,FALSE,OneOFF_StarSystem,6,6,6,,,,,
OneOFF_StarSystem_2493,24940,HD 200661,"Star System No. 2,493 has now been reached by the Wave Front: HD 200661",FALSE,GY_ONEOFF,,,,191546.1875,2424,TRUE,TRUE,FALSE,OneOFF_StarSystem,6,6,6,,,,,
OneOFF_StarSystem_2494,24950,66 Aquarii (g¹ Aquarii),"Star System No. 2,494 has now been reached by the Wave Front: 66 Aquarii (g¹ Aquarii)",FALSE,GY_ONEOFF,,,,191546.2083,2424,TRUE,TRUE,FALSE,OneOFF_StarSystem,6,6,6,,,,,
OneOFF_StarSystem_2495,24960,50 Camelopardalis,"Star System No. 2,495 has now been reached by the Wave Front: 50 Camelopardalis",FALSE,GY_ONEOFF,,,,191546.2292,2424,TRUE,TRUE,FALSE,OneOFF_StarSystem,6,6,6,,,,,
OneOFF_StarSystem_2496,24970,Epsilon Centauri,"Star System No. 2,496 has now been reached by the Wave Front: Epsilon Centauri",FALSE,GY_ONEOFF,,,,191546.25,2424,TRUE,TRUE,FALSE,OneOFF_StarSystem,6,6,6,,,,,
OneOFF_StarSystem_2497,24980,21 Tauri (Asterope/Sterope I),"Star System No. 2,497 has now been reached by the Wave Front: 21 Tauri (Asterope/Sterope I)",FALSE,GY_ONEOFF,,,,191911.375,2425,TRUE,TRUE,FALSE,OneOFF_StarSystem,6,6,6,,,,,
OneOFF_StarSystem_2498,24990,Atlas (27 Tauri),"Star System No. 2,498 has now been reached by the Wave Front: Atlas (27 Tauri)",FALSE,GY_ONEOFF,,,,191911.3958,2425,TRUE,TRUE,FALSE,OneOFF_StarSystem,6,6,6,,,,,
OneOFF_StarSystem_2499,25000,HD 131496 (Arcalís),"Star System No. 2,499 has now been reached by the Wave Front: HD 131496 (Arcalís)",FALSE,GY_ONEOFF,,,,192276.625,2426,TRUE,TRUE,FALSE,OneOFF_StarSystem,6,6,6,,,,,
OneOFF_StarSystem_2500,25010,95 Herculis (Bodu) - B,"Star System No. 2,500 has now been reached by the Wave Front: 95 Herculis (Bodu) - B",FALSE,GY_ONEOFF,,,,192276.6458,2426,TRUE,TRUE,FALSE,OneOFF_StarSystem,6,6,6,,,,,
OneOFF_StarSystem_2501,25020,95 Herculis (Bodu) - A,"Star System No. 2,501 has now been reached by the Wave Front: 95 Herculis (Bodu) - A",FALSE,GY_ONEOFF,,,,192276.6667,2426,TRUE,TRUE,FALSE,OneOFF_StarSystem,6,6,6,,,,,
OneOFF_StarSystem_2502,25030,HD 173416 (Xihe),"Star System No. 2,502 has now been reached by the Wave Front: HD 173416 (Xihe)",FALSE,GY_ONEOFF,,,,192641.875,2427,TRUE,TRUE,FALSE,OneOFF_StarSystem,6,6,6,,,,,
OneOFF_StarSystem_2503,25040,HD 23923,"Star System No. 2,503 has now been reached by the Wave Front: HD 23923",FALSE,GY_ONEOFF,,,,193372.375,2429,TRUE,TRUE,FALSE,OneOFF_StarSystem,6,6,6,,,,,
OneOFF_StarSystem_2504,25050,WISPIT 2,"Star System No. 2,504 has now been reached by the Wave Front: WISPIT 2",FALSE,GY_ONEOFF,,,,194102.875,2431,TRUE,TRUE,FALSE,OneOFF_StarSystem,6,6,6,,,,,
OneOFF_StarSystem_2505,25060,Nu Centauri (Heng),"Star System No. 2,505 has now been reached by the Wave Front: Nu Centauri (Heng)",FALSE,GY_ONEOFF,,,,194102.8958,2431,TRUE,TRUE,FALSE,OneOFF_StarSystem,6,6,6,,,,,
OneOFF_StarSystem_2506,25070,HAT-P-3 (Dombay),"Star System No. 2,506 has now been reached by the Wave Front: HAT-P-3 (Dombay)",FALSE,GY_ONEOFF,,,,195125.575,2434,TRUE,TRUE,FALSE,OneOFF_StarSystem,6,3,25,,,,,
OneOFF_StarSystem_2507,25080,Alcyone (Eta Tauri),"Star System No. 2,507 has now been reached by the Wave Front: Alcyone (Eta Tauri)",FALSE,GY_ONEOFF,,,,195198.625,2434,TRUE,TRUE,FALSE,OneOFF_StarSystem,6,6,6,,,,,
OneOFF_StarSystem_2508,25090,Taygeta (19 Tauri),"Star System No. 2,508 has now been reached by the Wave Front: Taygeta (19 Tauri)",FALSE,GY_ONEOFF,,,,195198.6458,2434,TRUE,TRUE,FALSE,OneOFF_StarSystem,6,6,6,,,,,
OneOFF_StarSystem_2509,25100,Zeta Tauri (Tianguan),"Star System No. 2,509 has now been reached by the Wave Front: Zeta Tauri (Tianguan)",FALSE,GY_ONEOFF,,,,195198.6667,2434,TRUE,TRUE,FALSE,OneOFF_StarSystem,6,6,6,,,,,
OneOFF_StarSystem_2510,25110,6 Equulei,"Star System No. 2,510 has now been reached by the Wave Front: 6 Equulei",FALSE,GY_ONEOFF,,,,195198.6875,2434,TRUE,TRUE,FALSE,OneOFF_StarSystem,6,6,6,,,,,
OneOFF_StarSystem_2511,25120,FU Tauri B,"Star System No. 2,511 has now been reached by the Wave Front: FU Tauri B",FALSE,GY_ONEOFF,,,,195198.7083,2434,TRUE,TRUE,FALSE,OneOFF_StarSystem,6,6,6,,,,,
OneOFF_StarSystem_2512,25130,ROXs 42 - A,"Star System No. 2,512 has now been reached by the Wave Front: ROXs 42 - A",FALSE,GY_ONEOFF,,,,195198.7292,2434,TRUE,TRUE,FALSE,OneOFF_StarSystem,6,6,6,,,,,
OneOFF_StarSystem_2513,25140,ROXs 42 - B,"Star System No. 2,513 has now been reached by the Wave Front: ROXs 42 - B",FALSE,GY_ONEOFF,,,,195198.75,2434,TRUE,TRUE,FALSE,OneOFF_StarSystem,6,6,6,,,,,
OneOFF_StarSystem_2514,25150,Gamma Canis Majoris (Muliphein),"Star System No. 2,514 has now been reached by the Wave Front: Gamma Canis Majoris (Muliphein)",FALSE,GY_ONEOFF,,,,195198.7708,2434,TRUE,TRUE,FALSE,OneOFF_StarSystem,6,6,6,,,,,
OneOFF_StarSystem_2515,25160,Omicron Aquarii,"Star System No. 2,515 has now been reached by the Wave Front: Omicron Aquarii",FALSE,GY_ONEOFF,,,,195198.7917,2434,TRUE,TRUE,FALSE,OneOFF_StarSystem,6,6,6,,,,,
OneOFF_StarSystem_2516,25170,Zeta Ophiuchi,"Star System No. 2,516 has now been reached by the Wave Front: Zeta Ophiuchi",FALSE,GY_ONEOFF,,,,195198.8125,2434,TRUE,TRUE,FALSE,OneOFF_StarSystem,6,6,6,,,,,
OneOFF_StarSystem_2517,25180,DH Tauri,"Star System No. 2,517 has now been reached by the Wave Front: DH Tauri",FALSE,GY_ONEOFF,,,,195563.875,2435,TRUE,TRUE,FALSE,OneOFF_StarSystem,6,6,6,,,,,
OneOFF_StarSystem_2518,25190,HD 145457 (Kamuy),"Star System No. 2,518 has now been reached by the Wave Front: HD 145457 (Kamuy)",FALSE,GY_ONEOFF,,,,195746.5,2435,TRUE,TRUE,FALSE,OneOFF_StarSystem,6,12,6,,,,,
OneOFF_StarSystem_2519,25200,HD 23410,"Star System No. 2,519 has now been reached by the Wave Front: HD 23410",FALSE,GY_ONEOFF,,,,196294.375,2437,TRUE,TRUE,FALSE,OneOFF_StarSystem,6,6,6,,,,,
OneOFF_StarSystem_2520,25210,RS Canum Venaticorum - A,"Star System No. 2,520 has now been reached by the Wave Front: RS Canum Venaticorum - A",FALSE,GY_ONEOFF,,,,196659.625,2438,TRUE,TRUE,FALSE,OneOFF_StarSystem,6,6,6,,,,,
OneOFF_StarSystem_2521,25220,RS Canum Venaticorum - B,"Star System No. 2,521 has now been reached by the Wave Front: RS Canum Venaticorum - B",FALSE,GY_ONEOFF,,,,196659.6458,2438,TRUE,TRUE,FALSE,OneOFF_StarSystem,6,6,6,,,,,
OneOFF_StarSystem_2522,25230,22 Tauri (Sterope II),"Star System No. 2,522 has now been reached by the Wave Front: 22 Tauri (Sterope II)",FALSE,GY_ONEOFF,,,,196659.6667,2438,TRUE,TRUE,FALSE,OneOFF_StarSystem,6,6,6,,,,,
OneOFF_StarSystem_2523,25240,18 Tauri,"Star System No. 2,523 has now been reached by the Wave Front: 18 Tauri",FALSE,GY_ONEOFF,,,,196659.6875,2438,TRUE,TRUE,FALSE,OneOFF_StarSystem,6,6,6,,,,,
OneOFF_StarSystem_2524,25250,HIP 78530,"Star System No. 2,524 has now been reached by the Wave Front: HIP 78530",FALSE,GY_ONEOFF,,,,197317.075,2440,TRUE,TRUE,FALSE,OneOFF_StarSystem,6,3,25,,,,,
OneOFF_StarSystem_2525,25260,HD 146389 (WASP-38/Irena),"Star System No. 2,525 has now been reached by the Wave Front: HD 146389 (WASP-38/Irena)",FALSE,GY_ONEOFF,,,,197390.125,2440,TRUE,TRUE,FALSE,OneOFF_StarSystem,6,6,6,,,,,
OneOFF_StarSystem_2526,25270,Polaris (Alpha Ursae Minoris/North Star/Pole Star) - A,"Star System No. 2,526 has now been reached by the Wave Front: Polaris (Alpha Ursae Minoris/North Star/Pole Star) - A",FALSE,GY_ONEOFF,,,,197572.75,2440,TRUE,TRUE,FALSE,OneOFF_StarSystem,6,12,5,,,,,
OneOFF_StarSystem_2527,25280,Polaris (Alpha Ursae Minoris/North Star/Pole Star) - B,"Star System No. 2,527 has now been reached by the Wave Front: Polaris (Alpha Ursae Minoris/North Star/Pole Star) - B",FALSE,GY_ONEOFF,,,,197572.7708,2440,TRUE,TRUE,FALSE,OneOFF_StarSystem,6,12,5,,,,,
OneOFF_StarSystem_2528,25290,Polaris (Alpha Ursae Minoris/North Star/Pole Star) - C,"Star System No. 2,528 has now been reached by the Wave Front: Polaris (Alpha Ursae Minoris/North Star/Pole Star) - C",FALSE,GY_ONEOFF,,,,197572.7917,2440,TRUE,TRUE,FALSE,OneOFF_StarSystem,6,12,5,,,,,
OneOFF_StarSystem_2529,25300,Gamma Circini - A,"Star System No. 2,529 has now been reached by the Wave Front: Gamma Circini - A",FALSE,GY_ONEOFF,,,,198851.125,2444,TRUE,TRUE,FALSE,OneOFF_StarSystem,6,6,6,,,,,
OneOFF_StarSystem_2530,25310,Gamma Circini - B,"Star System No. 2,530 has now been reached by the Wave Front: Gamma Circini - B",FALSE,GY_ONEOFF,,,,198851.1458,2444,TRUE,TRUE,FALSE,OneOFF_StarSystem,6,6,6,,,,,
OneOFF_StarSystem_2531,25320,HL Tauri,"Star System No. 2,531 has now been reached by the Wave Front: HL Tauri",FALSE,GY_ONEOFF,,,,198851.1667,2444,TRUE,TRUE,FALSE,OneOFF_StarSystem,6,6,6,,,,,
OneOFF_StarSystem_2532,25330,GG Tauri - A,"Star System No. 2,532 has now been reached by the Wave Front: GG Tauri - A",FALSE,GY_ONEOFF,,,,198851.1875,2444,TRUE,TRUE,FALSE,OneOFF_StarSystem,6,6,6,,,,,
OneOFF_StarSystem_2533,25340,GG Tauri - B,"Star System No. 2,533 has now been reached by the Wave Front: GG Tauri - B",FALSE,GY_ONEOFF,,,,198851.2083,2444,TRUE,TRUE,FALSE,OneOFF_StarSystem,6,6,6,,,,,
OneOFF_StarSystem_2534,25350,GG Tauri - C,"Star System No. 2,534 has now been reached by the Wave Front: GG Tauri - C",FALSE,GY_ONEOFF,,,,198851.2292,2444,TRUE,TRUE,FALSE,OneOFF_StarSystem,6,6,6,,,,,
OneOFF_StarSystem_2535,25360,GG Tauri - D,"Star System No. 2,535 has now been reached by the Wave Front: GG Tauri - D",FALSE,GY_ONEOFF,,,,198851.25,2444,TRUE,TRUE,FALSE,OneOFF_StarSystem,6,6,6,,,,,
OneOFF_StarSystem_2536,25370,GG Tauri - E,"Star System No. 2,536 has now been reached by the Wave Front: GG Tauri - E",FALSE,GY_ONEOFF,,,,198851.2708,2444,TRUE,TRUE,FALSE,OneOFF_StarSystem,6,6,6,,,,,
OneOFF_StarSystem_2537,25380,1RXS J160929.1−210524,"Star System No. 2,537 has now been reached by the Wave Front: 1RXS J160929.1−210524",FALSE,GY_ONEOFF,,,,198851.2917,2444,TRUE,TRUE,FALSE,OneOFF_StarSystem,6,6,6,,,,,
OneOFF_StarSystem_2538,25390,Pleione (BU Tauri/28 Tauri),"Star System No. 2,538 has now been reached by the Wave Front: Pleione (BU Tauri/28 Tauri)",FALSE,GY_ONEOFF,,,,198851.3125,2444,TRUE,TRUE,FALSE,OneOFF_StarSystem,6,6,6,,,,,
OneOFF_StarSystem_2539,25400,V518 Carinae (HR 4196),"Star System No. 2,539 has now been reached by the Wave Front: V518 Carinae (HR 4196)",FALSE,GY_ONEOFF,,,,198851.3333,2444,TRUE,TRUE,FALSE,OneOFF_StarSystem,6,6,6,,,,,
OneOFF_StarSystem_2540,25410,Delta Antliae - A,"Star System No. 2,540 has now been reached by the Wave Front: Delta Antliae - A",FALSE,GY_ONEOFF,,,,198851.3542,2444,TRUE,TRUE,FALSE,OneOFF_StarSystem,6,6,6,,,,,
OneOFF_StarSystem_2541,25420,Delta Antliae - B,"Star System No. 2,541 has now been reached by the Wave Front: Delta Antliae - B",FALSE,GY_ONEOFF,,,,198851.375,2444,TRUE,TRUE,FALSE,OneOFF_StarSystem,6,6,6,,,,,
OneOFF_StarSystem_2542,25430,38 Aquarii,"Star System No. 2,542 has now been reached by the Wave Front: 38 Aquarii",FALSE,GY_ONEOFF,,,,198851.3958,2444,TRUE,TRUE,FALSE,OneOFF_StarSystem,6,6,6,,,,,
OneOFF_StarSystem_2543,25440,V357 Carinae,"Star System No. 2,543 has now been reached by the Wave Front: V357 Carinae",FALSE,GY_ONEOFF,,,,198851.4167,2444,TRUE,TRUE,FALSE,OneOFF_StarSystem,6,6,6,,,,,
OneOFF_StarSystem_2544,25450,Iota Aurigae (Hassaleh),"Star System No. 2,544 has now been reached by the Wave Front: Iota Aurigae (Hassaleh)",FALSE,GY_ONEOFF,,,,198851.4375,2444,TRUE,TRUE,FALSE,OneOFF_StarSystem,6,6,6,,,,,
OneOFF_StarSystem_2545,25460,V1400 Centauri (1SWASP J140747.93−394542.6/J1407),"Star System No. 2,545 has now been reached by the Wave Front: V1400 Centauri (1SWASP J140747.93−394542.6/J1407)",FALSE,GY_ONEOFF,,,,199143.325,2445,TRUE,TRUE,FALSE,OneOFF_StarSystem,6,3,25,,,,,
OneOFF_StarSystem_2546,25470,HD 100655 (Formosa),"Star System No. 2,546 has now been reached by the Wave Front: HD 100655 (Formosa)",FALSE,GY_ONEOFF,,,,199216.375,2445,TRUE,TRUE,FALSE,OneOFF_StarSystem,6,6,6,,,,,
OneOFF_StarSystem_2547,25480,Rho Ophiuchi - A,"Star System No. 2,547 has now been reached by the Wave Front: Rho Ophiuchi - A",FALSE,GY_ONEOFF,,,,199216.3958,2445,TRUE,TRUE,FALSE,OneOFF_StarSystem,6,6,6,,,,,
OneOFF_StarSystem_2548,25490,Rho Ophiuchi - B,"Star System No. 2,548 has now been reached by the Wave Front: Rho Ophiuchi - B",FALSE,GY_ONEOFF,,,,199216.4167,2445,TRUE,TRUE,FALSE,OneOFF_StarSystem,6,6,6,,,,,
OneOFF_StarSystem_2549,25500,18 Tauri,"Star System No. 2,549 has now been reached by the Wave Front: 18 Tauri",FALSE,GY_ONEOFF,,,,199581.625,2446,TRUE,TRUE,FALSE,OneOFF_StarSystem,6,6,6,,,,,
OneOFF_StarSystem_2550,25510,K2-33,"Star System No. 2,550 has now been reached by the Wave Front: K2-33",FALSE,GY_ONEOFF,,,,199946.875,2447,TRUE,TRUE,FALSE,OneOFF_StarSystem,6,6,6,,,,,
OneOFF_StarSystem_2551,25520,HD 96063 (Dingolay),"Star System No. 2,551 has now been reached by the Wave Front: HD 96063 (Dingolay)",FALSE,GY_ONEOFF,,,,200312.125,2448,TRUE,TRUE,FALSE,OneOFF_StarSystem,6,6,6,,,,,
OneOFF_StarSystem_2552,25530,PSR J1928+1815,"Star System No. 2,552 has now been reached by the Wave Front: PSR J1928+1815",FALSE,GY_ONEOFF,,,,200677.375,2449,TRUE,TRUE,FALSE,OneOFF_StarSystem,6,6,6,,,,,
OneOFF_StarSystem_2553,25540,HD 28109,"Star System No. 2,553 has now been reached by the Wave Front: HD 28109",FALSE,GY_ONEOFF,,,,201407.875,2451,TRUE,TRUE,FALSE,OneOFF_StarSystem,6,6,6,,,,,
OneOFF_StarSystem_2554,25550,Alruba,"Star System No. 2,554 has now been reached by the Wave Front: Alruba",FALSE,GY_ONEOFF,,,,201407.8958,2451,TRUE,TRUE,FALSE,OneOFF_StarSystem,6,6,6,,,,,
OneOFF_StarSystem_2555,25560,HD 23853,"Star System No. 2,555 has now been reached by the Wave Front: HD 23853",FALSE,GY_ONEOFF,,,,202138.375,2453,TRUE,TRUE,FALSE,OneOFF_StarSystem,6,6,6,,,,,
OneOFF_StarSystem_2556,25570,IRAS 16293−2422 - A,"Star System No. 2,556 has now been reached by the Wave Front: IRAS 16293−2422 - A",FALSE,GY_ONEOFF,,,,202503.625,2454,TRUE,TRUE,FALSE,OneOFF_StarSystem,6,6,6,,,,,
OneOFF_StarSystem_2557,25580,IRAS 16293−2422 - B,"Star System No. 2,557 has now been reached by the Wave Front: IRAS 16293−2422 - B",FALSE,GY_ONEOFF,,,,202503.6458,2454,TRUE,TRUE,FALSE,OneOFF_StarSystem,6,6,6,,,,,
OneOFF_StarSystem_2558,25590,XZ Tauri - A,"Star System No. 2,558 has now been reached by the Wave Front: XZ Tauri - A",FALSE,GY_ONEOFF,,,,202503.6667,2454,TRUE,TRUE,FALSE,OneOFF_StarSystem,6,6,6,,,,,
OneOFF_StarSystem_2559,25600,XZ Tauri - B,"Star System No. 2,559 has now been reached by the Wave Front: XZ Tauri - B",FALSE,GY_ONEOFF,,,,202503.6875,2454,TRUE,TRUE,FALSE,OneOFF_StarSystem,6,6,6,,,,,
OneOFF_StarSystem_2560,25610,Alpha Lupi (Uridim),"Star System No. 2,560 has now been reached by the Wave Front: Alpha Lupi (Uridim)",FALSE,GY_ONEOFF,,,,202503.7083,2454,TRUE,TRUE,FALSE,OneOFF_StarSystem,6,6,6,,,,,
OneOFF_StarSystem_2561,25620,Theta Carinae,"Star System No. 2,561 has now been reached by the Wave Front: Theta Carinae",FALSE,GY_ONEOFF,,,,202503.7292,2454,TRUE,TRUE,FALSE,OneOFF_StarSystem,6,6,6,,,,,
OneOFF_StarSystem_2562,25630,GY Andromedae,"Star System No. 2,562 has now been reached by the Wave Front: GY Andromedae",FALSE,GY_ONEOFF,,,,202503.75,2454,TRUE,TRUE,FALSE,OneOFF_StarSystem,6,6,6,,,,,
OneOFF_StarSystem_2563,25640,73 Leonis (n Leonis) - A,"Star System No. 2,563 has now been reached by the Wave Front: 73 Leonis (n Leonis) - A",FALSE,GY_ONEOFF,,,,202503.7708,2454,TRUE,TRUE,FALSE,OneOFF_StarSystem,6,6,6,,,,,
OneOFF_StarSystem_2564,25650,73 Leonis (n Leonis) - B,"Star System No. 2,564 has now been reached by the Wave Front: 73 Leonis (n Leonis) - B",FALSE,GY_ONEOFF,,,,202503.7917,2454,TRUE,TRUE,FALSE,OneOFF_StarSystem,6,6,6,,,,,
OneOFF_StarSystem_2565,25660,Merope (23 Tauri),"Star System No. 2,565 has now been reached by the Wave Front: Merope (23 Tauri)",FALSE,GY_ONEOFF,,,,202503.8125,2454,TRUE,TRUE,FALSE,OneOFF_StarSystem,6,6,6,,,,,
OneOFF_StarSystem_2566,25670,HAT-P-12 (Komondor),"Star System No. 2,566 has now been reached by the Wave Front: HAT-P-12 (Komondor)",FALSE,GY_ONEOFF,,,,203599.375,2457,TRUE,TRUE,FALSE,OneOFF_StarSystem,6,6,6,,,,,
OneOFF_StarSystem_2567,25680,HAT-P-26 (Guahayona),"Star System No. 2,567 has now been reached by the Wave Front: HAT-P-26 (Guahayona)",FALSE,GY_ONEOFF,,,,204695.125,2460,TRUE,TRUE,FALSE,OneOFF_StarSystem,6,6,6,,,,,
OneOFF_StarSystem_2568,25690,Omicron Aquarii,"Star System No. 2,568 has now been reached by the Wave Front: Omicron Aquarii",FALSE,GY_ONEOFF,,,,204695.1458,2460,TRUE,TRUE,FALSE,OneOFF_StarSystem,6,6,6,,,,,
OneOFF_StarSystem_2569,25700,2MASS J04442713+2512164,"Star System No. 2,569 has now been reached by the Wave Front: 2MASS J04442713+2512164",FALSE,GY_ONEOFF,,,,205060.375,2461,TRUE,TRUE,FALSE,OneOFF_StarSystem,6,6,6,,,,,
OneOFF_StarSystem_2570,25710,Nu Scorpii (Jabbah) - A,"Star System No. 2,570 has now been reached by the Wave Front: Nu Scorpii (Jabbah) - A",FALSE,GY_ONEOFF,,,,206156.125,2464,TRUE,TRUE,FALSE,OneOFF_StarSystem,6,6,6,,,,,
OneOFF_StarSystem_2571,25720,Nu Scorpii (Jabbah) - B,"Star System No. 2,571 has now been reached by the Wave Front: Nu Scorpii (Jabbah) - B",FALSE,GY_ONEOFF,,,,206156.1458,2464,TRUE,TRUE,FALSE,OneOFF_StarSystem,6,6,6,,,,,
OneOFF_StarSystem_2572,25730,Nu Scorpii (Jabbah) - B,"Star System No. 2,572 has now been reached by the Wave Front: Nu Scorpii (Jabbah) - B",FALSE,GY_ONEOFF,,,,206156.1667,2464,TRUE,TRUE,FALSE,OneOFF_StarSystem,6,6,6,,,,,
OneOFF_StarSystem_2573,25740,Winnecke 4B (M40),"Star System No. 2,573 has now been reached by the Wave Front: Winnecke 4B (M40)",FALSE,GY_ONEOFF,,,,206156.1875,2464,TRUE,TRUE,FALSE,OneOFF_StarSystem,6,6,6,,,,,
OneOFF_StarSystem_2574,25750,Rho Scorpii (Iklil),"Star System No. 2,574 has now been reached by the Wave Front: Rho Scorpii (Iklil)",FALSE,GY_ONEOFF,,,,206156.2083,2464,TRUE,TRUE,FALSE,OneOFF_StarSystem,6,6,6,,,,,
OneOFF_StarSystem_2575,25760,Epsilon Cassiopeiae (Segin),"Star System No. 2,575 has now been reached by the Wave Front: Epsilon Cassiopeiae (Segin)",FALSE,GY_ONEOFF,,,,206156.2292,2464,TRUE,TRUE,FALSE,OneOFF_StarSystem,6,6,6,,,,,
OneOFF_StarSystem_2576,25770,Gamma Pegasi (Algenib),"Star System No. 2,576 has now been reached by the Wave Front: Gamma Pegasi (Algenib)",FALSE,GY_ONEOFF,,,,206156.25,2464,TRUE,TRUE,FALSE,OneOFF_StarSystem,6,6,6,,,,,
OneOFF_StarSystem_2577,25780,Tau Scorpii (Paikauhale),"Star System No. 2,577 has now been reached by the Wave Front: Tau Scorpii (Paikauhale)",FALSE,GY_ONEOFF,,,,206156.2708,2464,TRUE,TRUE,FALSE,OneOFF_StarSystem,6,6,6,,,,,
OneOFF_StarSystem_2578,25790,Kepler-68,"Star System No. 2,578 has now been reached by the Wave Front: Kepler-68",FALSE,GY_ONEOFF,,,,206411.8,2465,TRUE,TRUE,FALSE,OneOFF_StarSystem,6,2,16,,,,,
OneOFF_StarSystem_2579,25800,T Tauri,"Star System No. 2,579 has now been reached by the Wave Front: T Tauri",FALSE,GY_ONEOFF,,,,206521.375,2465,TRUE,TRUE,FALSE,OneOFF_StarSystem,6,6,6,,,,,
OneOFF_StarSystem_2580,25810,UScoCTIO 108 - A,"Star System No. 2,580 has now been reached by the Wave Front: UScoCTIO 108 - A",FALSE,GY_ONEOFF,,,,207251.875,2467,TRUE,TRUE,FALSE,OneOFF_StarSystem,6,6,6,,,,,
OneOFF_StarSystem_2581,25820,UScoCTIO 108 - B,"Star System No. 2,581 has now been reached by the Wave Front: UScoCTIO 108 - B",FALSE,GY_ONEOFF,,,,207251.8958,2467,TRUE,TRUE,FALSE,OneOFF_StarSystem,6,6,6,,,,,
OneOFF_StarSystem_2582,25830,Mu² Scorpii (Pipirima),"Star System No. 2,582 has now been reached by the Wave Front: Mu² Scorpii (Pipirima)",FALSE,GY_ONEOFF,,,,207617.125,2468,TRUE,TRUE,FALSE,OneOFF_StarSystem,6,6,6,,,,,
OneOFF_StarSystem_2583,25840,WD 1145+017 (EPIC 201563164),"Star System No. 2,583 has now been reached by the Wave Front: WD 1145+017 (EPIC 201563164)",FALSE,GY_ONEOFF,,,,208347.625,2470,TRUE,TRUE,FALSE,OneOFF_StarSystem,6,6,6,,,,,
OneOFF_StarSystem_2584,25850,Kappa Scorpii (Girtab),"Star System No. 2,584 has now been reached by the Wave Front: Kappa Scorpii (Girtab)",FALSE,GY_ONEOFF,,,,209808.625,2474,TRUE,TRUE,FALSE,OneOFF_StarSystem,6,6,6,,,,,
OneOFF_StarSystem_2585,25860,Lambda Tauri - A,"Star System No. 2,585 has now been reached by the Wave Front: Lambda Tauri - A",FALSE,GY_ONEOFF,,,,209808.6458,2474,TRUE,TRUE,FALSE,OneOFF_StarSystem,6,6,6,,,,,
OneOFF_StarSystem_2586,25870,Lambda Tauri - B,"Star System No. 2,586 has now been reached by the Wave Front: Lambda Tauri - B",FALSE,GY_ONEOFF,,,,209808.6667,2474,TRUE,TRUE,FALSE,OneOFF_StarSystem,6,6,6,,,,,
OneOFF_StarSystem_2587,25880,BL Crucis,"Star System No. 2,587 has now been reached by the Wave Front: BL Crucis",FALSE,GY_ONEOFF,,,,209808.6875,2474,TRUE,TRUE,FALSE,OneOFF_StarSystem,6,6,6,,,,,
OneOFF_StarSystem_2588,25890,48 Persei,"Star System No. 2,588 has now been reached by the Wave Front: 48 Persei",FALSE,GY_ONEOFF,,,,209808.7083,2474,TRUE,TRUE,FALSE,OneOFF_StarSystem,6,6,6,,,,,
OneOFF_StarSystem_2589,25900,PP Carinae,"Star System No. 2,589 has now been reached by the Wave Front: PP Carinae",FALSE,GY_ONEOFF,,,,209808.7292,2474,TRUE,TRUE,FALSE,OneOFF_StarSystem,6,6,6,,,,,
OneOFF_StarSystem_2590,25910,HD 206610 (Bosona),"Star System No. 2,590 has now been reached by the Wave Front: HD 206610 (Bosona)",FALSE,GY_ONEOFF,,,,210539.125,2476,TRUE,TRUE,FALSE,OneOFF_StarSystem,6,6,6,,,,,
OneOFF_StarSystem_2591,25920,Gamma Ursae Minoris (Pherkad),"Star System No. 2,591 has now been reached by the Wave Front: Gamma Ursae Minoris (Pherkad)",FALSE,GY_ONEOFF,,,,212365.375,2481,TRUE,TRUE,FALSE,OneOFF_StarSystem,6,6,6,,,,,
OneOFF_StarSystem_2592,25930,XO-2 - S,"Star System No. 2,592 has now been reached by the Wave Front: XO-2 - S",FALSE,GY_ONEOFF,,,,213095.875,2483,TRUE,TRUE,FALSE,OneOFF_StarSystem,6,6,6,,,,,
OneOFF_StarSystem_2593,25940,XO-2 - N,"Star System No. 2,593 has now been reached by the Wave Front: XO-2 - N",FALSE,GY_ONEOFF,,,,213461.125,2484,TRUE,TRUE,FALSE,OneOFF_StarSystem,6,6,6,,,,,
OneOFF_StarSystem_2594,25950,89 Aquarii (c³ Aquarii) - A,"Star System No. 2,594 has now been reached by the Wave Front: 89 Aquarii (c³ Aquarii) - A",FALSE,GY_ONEOFF,,,,213168.925,2483,TRUE,TRUE,FALSE,OneOFF_StarSystem,6,8,18,,,,,
OneOFF_StarSystem_2595,25960,89 Aquarii (c³ Aquarii) - B,"Star System No. 2,595 has now been reached by the Wave Front: 89 Aquarii (c³ Aquarii) - B",FALSE,GY_ONEOFF,,,,213168.9458,2483,TRUE,TRUE,FALSE,OneOFF_StarSystem,6,8,18,,,,,
OneOFF_StarSystem_2596,25970,HD 93194,"Star System No. 2,596 has now been reached by the Wave Front: HD 93194",FALSE,GY_ONEOFF,,,,213461.1458,2484,TRUE,TRUE,FALSE,OneOFF_StarSystem,6,6,6,,,,,
OneOFF_StarSystem_2597,25980,Beta Canis Majoris (Mirzam),"Star System No. 2,597 has now been reached by the Wave Front: Beta Canis Majoris (Mirzam)",FALSE,GY_ONEOFF,,,,213461.1667,2484,TRUE,TRUE,FALSE,OneOFF_StarSystem,6,6,6,,,,,
OneOFF_StarSystem_2598,25990,Omicron Velorum,"Star System No. 2,598 has now been reached by the Wave Front: Omicron Velorum",FALSE,GY_ONEOFF,,,,213461.1875,2484,TRUE,TRUE,FALSE,OneOFF_StarSystem,6,6,6,,,,,
OneOFF_StarSystem_2599,26000,HD 93607,"Star System No. 2,599 has now been reached by the Wave Front: HD 93607",FALSE,GY_ONEOFF,,,,213826.375,2485,TRUE,TRUE,FALSE,OneOFF_StarSystem,6,6,6,,,,,
OneOFF_StarSystem_2600,26010,8 Leonis Minoris,"Star System No. 2,600 has now been reached by the Wave Front: 8 Leonis Minoris",FALSE,GY_ONEOFF,,,,214191.625,2486,TRUE,TRUE,FALSE,OneOFF_StarSystem,6,6,6,,,,,
OneOFF_StarSystem_2601,26020,HD 108530,"Star System No. 2,601 has now been reached by the Wave Front: HD 108530",FALSE,GY_ONEOFF,,,,214922.125,2488,TRUE,TRUE,FALSE,OneOFF_StarSystem,6,6,6,,,,,
OneOFF_StarSystem_2602,26030,GQ Lupi - A,"Star System No. 2,602 has now been reached by the Wave Front: GQ Lupi - A",FALSE,GY_ONEOFF,,,,215287.375,2489,TRUE,TRUE,FALSE,OneOFF_StarSystem,6,6,6,,,,,
OneOFF_StarSystem_2603,26040,GQ Lupi - B,"Star System No. 2,603 has now been reached by the Wave Front: GQ Lupi - B",FALSE,GY_ONEOFF,,,,215287.3958,2489,TRUE,TRUE,FALSE,OneOFF_StarSystem,6,6,6,,,,,
OneOFF_StarSystem_2604,26050,Kepler-411B,"Star System No. 2,604 has now been reached by the Wave Front: Kepler-411B",FALSE,GY_ONEOFF,,,,215652.625,2490,TRUE,TRUE,FALSE,OneOFF_StarSystem,6,6,6,,,,,
OneOFF_StarSystem_2605,26060,Alpha Apodis (Paradys),"Star System No. 2,605 has now been reached by the Wave Front: Alpha Apodis (Paradys)",FALSE,GY_ONEOFF,,,,216383.125,2492,TRUE,TRUE,FALSE,OneOFF_StarSystem,6,6,6,,,,,
OneOFF_StarSystem_2606,26070,R Coronae Australis - A,"Star System No. 2,606 has now been reached by the Wave Front: R Coronae Australis - A",FALSE,GY_ONEOFF,,,,216602.275,2493,TRUE,TRUE,FALSE,OneOFF_StarSystem,6,1,11,,,,,
OneOFF_StarSystem_2607,26080,R Coronae Australis - B,"Star System No. 2,607 has now been reached by the Wave Front: R Coronae Australis - B",FALSE,GY_ONEOFF,,,,216602.2958,2493,TRUE,TRUE,FALSE,OneOFF_StarSystem,6,1,11,,,,,
OneOFF_StarSystem_2608,26090,Kepler-411A,"Star System No. 2,608 has now been reached by the Wave Front: Kepler-411A",FALSE,GY_ONEOFF,,,,216894.475,2493,TRUE,TRUE,FALSE,OneOFF_StarSystem,6,10,30,,,,,
